ISO-10303-21;
HEADER;
/* Generated by software containing ST-Developer
 * from STEP Tools, Inc. (www.steptools.com) 
 */
/* OPTION: strings as raw bytes, not using required /X/ escapes */

FILE_DESCRIPTION(
/* description */ ('Unknown'),
/* implementation_level */ '2;1');

FILE_NAME(
/* name */ '61300821121',
/* time_stamp */ '2021-04-08T10:15:35+02:00',
/* author */ ('Unknown'),
/* organization */ ('Unknown'),
/* preprocessor_version */ 'ST-DEVELOPER v16.7',
/* originating_system */ 'Solid Edge',
/* authorisation */ 'Unknown');

FILE_SCHEMA (('AUTOMOTIVE_DESIGN {1 0 10303 214 3 1 1}'));
ENDSEC;

DATA;
#10=PROPERTY_DEFINITION_REPRESENTATION(#14,#12);
#11=PROPERTY_DEFINITION_REPRESENTATION(#15,#13);
#12=REPRESENTATION('',(#16),#2955);
#13=REPRESENTATION('',(#17),#2955);
#14=PROPERTY_DEFINITION('pmi validation property','',#2964);
#15=PROPERTY_DEFINITION('pmi validation property','',#2964);
#16=VALUE_REPRESENTATION_ITEM('number of annotations',COUNT_MEASURE(0.));
#17=VALUE_REPRESENTATION_ITEM('number of views',COUNT_MEASURE(0.));
#18=CONTEXT_DEPENDENT_SHAPE_REPRESENTATION(#36,#2966);
#19=CONTEXT_DEPENDENT_SHAPE_REPRESENTATION(#37,#2968);
#20=CONTEXT_DEPENDENT_SHAPE_REPRESENTATION(#38,#2969);
#21=CONTEXT_DEPENDENT_SHAPE_REPRESENTATION(#39,#2970);
#22=CONTEXT_DEPENDENT_SHAPE_REPRESENTATION(#40,#2971);
#23=CONTEXT_DEPENDENT_SHAPE_REPRESENTATION(#41,#2972);
#24=CONTEXT_DEPENDENT_SHAPE_REPRESENTATION(#42,#2973);
#25=CONTEXT_DEPENDENT_SHAPE_REPRESENTATION(#43,#2974);
#26=CONTEXT_DEPENDENT_SHAPE_REPRESENTATION(#44,#2975);
#27=NEXT_ASSEMBLY_USAGE_OCCURRENCE('61300821121','61300821121',
'61300821121',#2976,#2977,'');
#28=NEXT_ASSEMBLY_USAGE_OCCURRENCE('6130xx21121_PIN','6130xx21121_PIN',
'6130xx21121_PIN',#2976,#2978,'');
#29=NEXT_ASSEMBLY_USAGE_OCCURRENCE('6130xx21121_PIN','6130xx21121_PIN',
'6130xx21121_PIN',#2976,#2978,'');
#30=NEXT_ASSEMBLY_USAGE_OCCURRENCE('6130xx21121_PIN','6130xx21121_PIN',
'6130xx21121_PIN',#2976,#2978,'');
#31=NEXT_ASSEMBLY_USAGE_OCCURRENCE('6130xx21121_PIN','6130xx21121_PIN',
'6130xx21121_PIN',#2976,#2978,'');
#32=NEXT_ASSEMBLY_USAGE_OCCURRENCE('6130xx21121_PIN','6130xx21121_PIN',
'6130xx21121_PIN',#2976,#2978,'');
#33=NEXT_ASSEMBLY_USAGE_OCCURRENCE('6130xx21121_PIN','6130xx21121_PIN',
'6130xx21121_PIN',#2976,#2978,'');
#34=NEXT_ASSEMBLY_USAGE_OCCURRENCE('6130xx21121_PIN','6130xx21121_PIN',
'6130xx21121_PIN',#2976,#2978,'');
#35=NEXT_ASSEMBLY_USAGE_OCCURRENCE('6130xx21121_PIN','6130xx21121_PIN',
'6130xx21121_PIN',#2976,#2978,'');
#36=(
REPRESENTATION_RELATIONSHIP(' ',' ',#1887,#1888)
REPRESENTATION_RELATIONSHIP_WITH_TRANSFORMATION(#45)
SHAPE_REPRESENTATION_RELATIONSHIP()
);
#37=(
REPRESENTATION_RELATIONSHIP(' ',' ',#1889,#1888)
REPRESENTATION_RELATIONSHIP_WITH_TRANSFORMATION(#46)
SHAPE_REPRESENTATION_RELATIONSHIP()
);
#38=(
REPRESENTATION_RELATIONSHIP(' ',' ',#1889,#1888)
REPRESENTATION_RELATIONSHIP_WITH_TRANSFORMATION(#47)
SHAPE_REPRESENTATION_RELATIONSHIP()
);
#39=(
REPRESENTATION_RELATIONSHIP(' ',' ',#1889,#1888)
REPRESENTATION_RELATIONSHIP_WITH_TRANSFORMATION(#48)
SHAPE_REPRESENTATION_RELATIONSHIP()
);
#40=(
REPRESENTATION_RELATIONSHIP(' ',' ',#1889,#1888)
REPRESENTATION_RELATIONSHIP_WITH_TRANSFORMATION(#49)
SHAPE_REPRESENTATION_RELATIONSHIP()
);
#41=(
REPRESENTATION_RELATIONSHIP(' ',' ',#1889,#1888)
REPRESENTATION_RELATIONSHIP_WITH_TRANSFORMATION(#50)
SHAPE_REPRESENTATION_RELATIONSHIP()
);
#42=(
REPRESENTATION_RELATIONSHIP(' ',' ',#1889,#1888)
REPRESENTATION_RELATIONSHIP_WITH_TRANSFORMATION(#51)
SHAPE_REPRESENTATION_RELATIONSHIP()
);
#43=(
REPRESENTATION_RELATIONSHIP(' ',' ',#1889,#1888)
REPRESENTATION_RELATIONSHIP_WITH_TRANSFORMATION(#52)
SHAPE_REPRESENTATION_RELATIONSHIP()
);
#44=(
REPRESENTATION_RELATIONSHIP(' ',' ',#1889,#1888)
REPRESENTATION_RELATIONSHIP_WITH_TRANSFORMATION(#53)
SHAPE_REPRESENTATION_RELATIONSHIP()
);
#45=ITEM_DEFINED_TRANSFORMATION(' ',' ',#1890,#1967);
#46=ITEM_DEFINED_TRANSFORMATION(' ',' ',#1890,#1982);
#47=ITEM_DEFINED_TRANSFORMATION(' ',' ',#1890,#1983);
#48=ITEM_DEFINED_TRANSFORMATION(' ',' ',#1890,#1984);
#49=ITEM_DEFINED_TRANSFORMATION(' ',' ',#1890,#1985);
#50=ITEM_DEFINED_TRANSFORMATION(' ',' ',#1890,#1986);
#51=ITEM_DEFINED_TRANSFORMATION(' ',' ',#1890,#1987);
#52=ITEM_DEFINED_TRANSFORMATION(' ',' ',#1890,#1988);
#53=ITEM_DEFINED_TRANSFORMATION(' ',' ',#1890,#1989);
#54=SHAPE_REPRESENTATION_RELATIONSHIP('','',#1887,#56);
#55=SHAPE_REPRESENTATION_RELATIONSHIP('','',#1889,#57);
#56=ADVANCED_BREP_SHAPE_REPRESENTATION('',(#1882),#2956);
#57=ADVANCED_BREP_SHAPE_REPRESENTATION('',(#1883),#2957);
#58=ORIENTED_EDGE('',*,*,#558,.T.);
#59=ORIENTED_EDGE('',*,*,#559,.T.);
#60=ORIENTED_EDGE('',*,*,#560,.T.);
#61=ORIENTED_EDGE('',*,*,#561,.T.);
#62=ORIENTED_EDGE('',*,*,#562,.T.);
#63=ORIENTED_EDGE('',*,*,#563,.T.);
#64=ORIENTED_EDGE('',*,*,#564,.T.);
#65=ORIENTED_EDGE('',*,*,#565,.T.);
#66=ORIENTED_EDGE('',*,*,#566,.T.);
#67=ORIENTED_EDGE('',*,*,#567,.T.);
#68=ORIENTED_EDGE('',*,*,#568,.T.);
#69=ORIENTED_EDGE('',*,*,#569,.T.);
#70=ORIENTED_EDGE('',*,*,#570,.T.);
#71=ORIENTED_EDGE('',*,*,#571,.T.);
#72=ORIENTED_EDGE('',*,*,#572,.T.);
#73=ORIENTED_EDGE('',*,*,#573,.T.);
#74=ORIENTED_EDGE('',*,*,#574,.F.);
#75=ORIENTED_EDGE('',*,*,#575,.T.);
#76=ORIENTED_EDGE('',*,*,#576,.T.);
#77=ORIENTED_EDGE('',*,*,#577,.F.);
#78=ORIENTED_EDGE('',*,*,#578,.T.);
#79=ORIENTED_EDGE('',*,*,#579,.F.);
#80=ORIENTED_EDGE('',*,*,#580,.F.);
#81=ORIENTED_EDGE('',*,*,#581,.T.);
#82=ORIENTED_EDGE('',*,*,#582,.F.);
#83=ORIENTED_EDGE('',*,*,#583,.F.);
#84=ORIENTED_EDGE('',*,*,#584,.T.);
#85=ORIENTED_EDGE('',*,*,#585,.F.);
#86=ORIENTED_EDGE('',*,*,#586,.F.);
#87=ORIENTED_EDGE('',*,*,#587,.T.);
#88=ORIENTED_EDGE('',*,*,#588,.F.);
#89=ORIENTED_EDGE('',*,*,#589,.F.);
#90=ORIENTED_EDGE('',*,*,#590,.T.);
#91=ORIENTED_EDGE('',*,*,#591,.F.);
#92=ORIENTED_EDGE('',*,*,#592,.T.);
#93=ORIENTED_EDGE('',*,*,#593,.T.);
#94=ORIENTED_EDGE('',*,*,#594,.F.);
#95=ORIENTED_EDGE('',*,*,#595,.T.);
#96=ORIENTED_EDGE('',*,*,#596,.T.);
#97=ORIENTED_EDGE('',*,*,#597,.F.);
#98=ORIENTED_EDGE('',*,*,#598,.T.);
#99=ORIENTED_EDGE('',*,*,#599,.T.);
#100=ORIENTED_EDGE('',*,*,#600,.T.);
#101=ORIENTED_EDGE('',*,*,#601,.T.);
#102=ORIENTED_EDGE('',*,*,#602,.T.);
#103=ORIENTED_EDGE('',*,*,#603,.T.);
#104=ORIENTED_EDGE('',*,*,#604,.T.);
#105=ORIENTED_EDGE('',*,*,#605,.T.);
#106=ORIENTED_EDGE('',*,*,#606,.T.);
#107=ORIENTED_EDGE('',*,*,#607,.T.);
#108=ORIENTED_EDGE('',*,*,#608,.T.);
#109=ORIENTED_EDGE('',*,*,#609,.T.);
#110=ORIENTED_EDGE('',*,*,#610,.T.);
#111=ORIENTED_EDGE('',*,*,#611,.T.);
#112=ORIENTED_EDGE('',*,*,#612,.T.);
#113=ORIENTED_EDGE('',*,*,#613,.T.);
#114=ORIENTED_EDGE('',*,*,#614,.T.);
#115=ORIENTED_EDGE('',*,*,#615,.T.);
#116=ORIENTED_EDGE('',*,*,#616,.T.);
#117=ORIENTED_EDGE('',*,*,#617,.T.);
#118=ORIENTED_EDGE('',*,*,#618,.T.);
#119=ORIENTED_EDGE('',*,*,#619,.T.);
#120=ORIENTED_EDGE('',*,*,#620,.T.);
#121=ORIENTED_EDGE('',*,*,#621,.T.);
#122=ORIENTED_EDGE('',*,*,#622,.T.);
#123=ORIENTED_EDGE('',*,*,#623,.T.);
#124=ORIENTED_EDGE('',*,*,#624,.T.);
#125=ORIENTED_EDGE('',*,*,#625,.T.);
#126=ORIENTED_EDGE('',*,*,#626,.T.);
#127=ORIENTED_EDGE('',*,*,#627,.T.);
#128=ORIENTED_EDGE('',*,*,#628,.T.);
#129=ORIENTED_EDGE('',*,*,#629,.T.);
#130=ORIENTED_EDGE('',*,*,#630,.T.);
#131=ORIENTED_EDGE('',*,*,#631,.T.);
#132=ORIENTED_EDGE('',*,*,#632,.F.);
#133=ORIENTED_EDGE('',*,*,#633,.F.);
#134=ORIENTED_EDGE('',*,*,#634,.F.);
#135=ORIENTED_EDGE('',*,*,#635,.F.);
#136=ORIENTED_EDGE('',*,*,#636,.T.);
#137=ORIENTED_EDGE('',*,*,#637,.F.);
#138=ORIENTED_EDGE('',*,*,#638,.F.);
#139=ORIENTED_EDGE('',*,*,#639,.T.);
#140=ORIENTED_EDGE('',*,*,#640,.F.);
#141=ORIENTED_EDGE('',*,*,#641,.F.);
#142=ORIENTED_EDGE('',*,*,#642,.T.);
#143=ORIENTED_EDGE('',*,*,#643,.F.);
#144=ORIENTED_EDGE('',*,*,#644,.F.);
#145=ORIENTED_EDGE('',*,*,#645,.T.);
#146=ORIENTED_EDGE('',*,*,#646,.F.);
#147=ORIENTED_EDGE('',*,*,#647,.F.);
#148=ORIENTED_EDGE('',*,*,#648,.F.);
#149=ORIENTED_EDGE('',*,*,#649,.F.);
#150=ORIENTED_EDGE('',*,*,#650,.F.);
#151=ORIENTED_EDGE('',*,*,#651,.F.);
#152=ORIENTED_EDGE('',*,*,#652,.F.);
#153=ORIENTED_EDGE('',*,*,#653,.F.);
#154=ORIENTED_EDGE('',*,*,#654,.F.);
#155=ORIENTED_EDGE('',*,*,#655,.F.);
#156=ORIENTED_EDGE('',*,*,#656,.F.);
#157=ORIENTED_EDGE('',*,*,#657,.F.);
#158=ORIENTED_EDGE('',*,*,#658,.T.);
#159=ORIENTED_EDGE('',*,*,#659,.T.);
#160=ORIENTED_EDGE('',*,*,#660,.T.);
#161=ORIENTED_EDGE('',*,*,#661,.T.);
#162=ORIENTED_EDGE('',*,*,#662,.T.);
#163=ORIENTED_EDGE('',*,*,#663,.T.);
#164=ORIENTED_EDGE('',*,*,#664,.T.);
#165=ORIENTED_EDGE('',*,*,#665,.T.);
#166=ORIENTED_EDGE('',*,*,#666,.T.);
#167=ORIENTED_EDGE('',*,*,#667,.T.);
#168=ORIENTED_EDGE('',*,*,#668,.T.);
#169=ORIENTED_EDGE('',*,*,#669,.T.);
#170=ORIENTED_EDGE('',*,*,#670,.T.);
#171=ORIENTED_EDGE('',*,*,#671,.T.);
#172=ORIENTED_EDGE('',*,*,#672,.T.);
#173=ORIENTED_EDGE('',*,*,#673,.T.);
#174=ORIENTED_EDGE('',*,*,#674,.T.);
#175=ORIENTED_EDGE('',*,*,#675,.T.);
#176=ORIENTED_EDGE('',*,*,#676,.T.);
#177=ORIENTED_EDGE('',*,*,#677,.T.);
#178=ORIENTED_EDGE('',*,*,#678,.T.);
#179=ORIENTED_EDGE('',*,*,#679,.T.);
#180=ORIENTED_EDGE('',*,*,#680,.T.);
#181=ORIENTED_EDGE('',*,*,#681,.T.);
#182=ORIENTED_EDGE('',*,*,#682,.T.);
#183=ORIENTED_EDGE('',*,*,#683,.T.);
#184=ORIENTED_EDGE('',*,*,#684,.T.);
#185=ORIENTED_EDGE('',*,*,#685,.T.);
#186=ORIENTED_EDGE('',*,*,#686,.T.);
#187=ORIENTED_EDGE('',*,*,#687,.T.);
#188=ORIENTED_EDGE('',*,*,#688,.T.);
#189=ORIENTED_EDGE('',*,*,#689,.T.);
#190=ORIENTED_EDGE('',*,*,#690,.F.);
#191=ORIENTED_EDGE('',*,*,#691,.F.);
#192=ORIENTED_EDGE('',*,*,#692,.F.);
#193=ORIENTED_EDGE('',*,*,#693,.F.);
#194=ORIENTED_EDGE('',*,*,#694,.F.);
#195=ORIENTED_EDGE('',*,*,#695,.F.);
#196=ORIENTED_EDGE('',*,*,#696,.F.);
#197=ORIENTED_EDGE('',*,*,#697,.F.);
#198=ORIENTED_EDGE('',*,*,#698,.F.);
#199=ORIENTED_EDGE('',*,*,#699,.F.);
#200=ORIENTED_EDGE('',*,*,#700,.F.);
#201=ORIENTED_EDGE('',*,*,#701,.F.);
#202=ORIENTED_EDGE('',*,*,#702,.F.);
#203=ORIENTED_EDGE('',*,*,#703,.F.);
#204=ORIENTED_EDGE('',*,*,#704,.F.);
#205=ORIENTED_EDGE('',*,*,#705,.F.);
#206=ORIENTED_EDGE('',*,*,#647,.T.);
#207=ORIENTED_EDGE('',*,*,#706,.T.);
#208=ORIENTED_EDGE('',*,*,#576,.F.);
#209=ORIENTED_EDGE('',*,*,#707,.F.);
#210=ORIENTED_EDGE('',*,*,#708,.F.);
#211=ORIENTED_EDGE('',*,*,#634,.T.);
#212=ORIENTED_EDGE('',*,*,#709,.T.);
#213=ORIENTED_EDGE('',*,*,#589,.T.);
#214=ORIENTED_EDGE('',*,*,#633,.T.);
#215=ORIENTED_EDGE('',*,*,#710,.T.);
#216=ORIENTED_EDGE('',*,*,#674,.F.);
#217=ORIENTED_EDGE('',*,*,#711,.T.);
#218=ORIENTED_EDGE('',*,*,#590,.F.);
#219=ORIENTED_EDGE('',*,*,#709,.F.);
#220=ORIENTED_EDGE('',*,*,#676,.F.);
#221=ORIENTED_EDGE('',*,*,#712,.T.);
#222=ORIENTED_EDGE('',*,*,#657,.T.);
#223=ORIENTED_EDGE('',*,*,#713,.T.);
#224=ORIENTED_EDGE('',*,*,#592,.F.);
#225=ORIENTED_EDGE('',*,*,#714,.F.);
#226=ORIENTED_EDGE('',*,*,#656,.T.);
#227=ORIENTED_EDGE('',*,*,#715,.T.);
#228=ORIENTED_EDGE('',*,*,#678,.F.);
#229=ORIENTED_EDGE('',*,*,#716,.F.);
#230=ORIENTED_EDGE('',*,*,#593,.F.);
#231=ORIENTED_EDGE('',*,*,#713,.F.);
#232=ORIENTED_EDGE('',*,*,#680,.F.);
#233=ORIENTED_EDGE('',*,*,#717,.T.);
#234=ORIENTED_EDGE('',*,*,#654,.T.);
#235=ORIENTED_EDGE('',*,*,#718,.T.);
#236=ORIENTED_EDGE('',*,*,#595,.F.);
#237=ORIENTED_EDGE('',*,*,#719,.F.);
#238=ORIENTED_EDGE('',*,*,#653,.T.);
#239=ORIENTED_EDGE('',*,*,#720,.T.);
#240=ORIENTED_EDGE('',*,*,#682,.F.);
#241=ORIENTED_EDGE('',*,*,#721,.F.);
#242=ORIENTED_EDGE('',*,*,#596,.F.);
#243=ORIENTED_EDGE('',*,*,#718,.F.);
#244=ORIENTED_EDGE('',*,*,#684,.F.);
#245=ORIENTED_EDGE('',*,*,#722,.T.);
#246=ORIENTED_EDGE('',*,*,#651,.T.);
#247=ORIENTED_EDGE('',*,*,#723,.T.);
#248=ORIENTED_EDGE('',*,*,#598,.F.);
#249=ORIENTED_EDGE('',*,*,#724,.F.);
#250=ORIENTED_EDGE('',*,*,#650,.T.);
#251=ORIENTED_EDGE('',*,*,#725,.T.);
#252=ORIENTED_EDGE('',*,*,#686,.F.);
#253=ORIENTED_EDGE('',*,*,#726,.F.);
#254=ORIENTED_EDGE('',*,*,#599,.F.);
#255=ORIENTED_EDGE('',*,*,#723,.F.);
#256=ORIENTED_EDGE('',*,*,#688,.F.);
#257=ORIENTED_EDGE('',*,*,#727,.T.);
#258=ORIENTED_EDGE('',*,*,#648,.T.);
#259=ORIENTED_EDGE('',*,*,#707,.T.);
#260=ORIENTED_EDGE('',*,*,#575,.F.);
#261=ORIENTED_EDGE('',*,*,#728,.F.);
#262=ORIENTED_EDGE('',*,*,#729,.T.);
#263=ORIENTED_EDGE('',*,*,#635,.T.);
#264=ORIENTED_EDGE('',*,*,#708,.T.);
#265=ORIENTED_EDGE('',*,*,#588,.T.);
#266=ORIENTED_EDGE('',*,*,#730,.F.);
#267=ORIENTED_EDGE('',*,*,#704,.T.);
#268=ORIENTED_EDGE('',*,*,#731,.F.);
#269=ORIENTED_EDGE('',*,*,#637,.T.);
#270=ORIENTED_EDGE('',*,*,#732,.T.);
#271=ORIENTED_EDGE('',*,*,#702,.T.);
#272=ORIENTED_EDGE('',*,*,#733,.T.);
#273=ORIENTED_EDGE('',*,*,#586,.T.);
#274=ORIENTED_EDGE('',*,*,#734,.T.);
#275=ORIENTED_EDGE('',*,*,#638,.T.);
#276=ORIENTED_EDGE('',*,*,#731,.T.);
#277=ORIENTED_EDGE('',*,*,#585,.T.);
#278=ORIENTED_EDGE('',*,*,#735,.T.);
#279=ORIENTED_EDGE('',*,*,#700,.T.);
#280=ORIENTED_EDGE('',*,*,#736,.F.);
#281=ORIENTED_EDGE('',*,*,#640,.T.);
#282=ORIENTED_EDGE('',*,*,#737,.T.);
#283=ORIENTED_EDGE('',*,*,#698,.T.);
#284=ORIENTED_EDGE('',*,*,#738,.T.);
#285=ORIENTED_EDGE('',*,*,#583,.T.);
#286=ORIENTED_EDGE('',*,*,#739,.T.);
#287=ORIENTED_EDGE('',*,*,#641,.T.);
#288=ORIENTED_EDGE('',*,*,#736,.T.);
#289=ORIENTED_EDGE('',*,*,#582,.T.);
#290=ORIENTED_EDGE('',*,*,#740,.T.);
#291=ORIENTED_EDGE('',*,*,#696,.T.);
#292=ORIENTED_EDGE('',*,*,#741,.F.);
#293=ORIENTED_EDGE('',*,*,#643,.T.);
#294=ORIENTED_EDGE('',*,*,#742,.T.);
#295=ORIENTED_EDGE('',*,*,#694,.T.);
#296=ORIENTED_EDGE('',*,*,#743,.T.);
#297=ORIENTED_EDGE('',*,*,#580,.T.);
#298=ORIENTED_EDGE('',*,*,#744,.T.);
#299=ORIENTED_EDGE('',*,*,#644,.T.);
#300=ORIENTED_EDGE('',*,*,#741,.T.);
#301=ORIENTED_EDGE('',*,*,#579,.T.);
#302=ORIENTED_EDGE('',*,*,#745,.T.);
#303=ORIENTED_EDGE('',*,*,#692,.T.);
#304=ORIENTED_EDGE('',*,*,#706,.F.);
#305=ORIENTED_EDGE('',*,*,#646,.T.);
#306=ORIENTED_EDGE('',*,*,#746,.T.);
#307=ORIENTED_EDGE('',*,*,#690,.T.);
#308=ORIENTED_EDGE('',*,*,#747,.T.);
#309=ORIENTED_EDGE('',*,*,#577,.T.);
#310=ORIENTED_EDGE('',*,*,#689,.F.);
#311=ORIENTED_EDGE('',*,*,#728,.T.);
#312=ORIENTED_EDGE('',*,*,#574,.T.);
#313=ORIENTED_EDGE('',*,*,#726,.T.);
#314=ORIENTED_EDGE('',*,*,#685,.F.);
#315=ORIENTED_EDGE('',*,*,#724,.T.);
#316=ORIENTED_EDGE('',*,*,#597,.T.);
#317=ORIENTED_EDGE('',*,*,#721,.T.);
#318=ORIENTED_EDGE('',*,*,#681,.F.);
#319=ORIENTED_EDGE('',*,*,#719,.T.);
#320=ORIENTED_EDGE('',*,*,#594,.T.);
#321=ORIENTED_EDGE('',*,*,#716,.T.);
#322=ORIENTED_EDGE('',*,*,#677,.F.);
#323=ORIENTED_EDGE('',*,*,#714,.T.);
#324=ORIENTED_EDGE('',*,*,#591,.T.);
#325=ORIENTED_EDGE('',*,*,#711,.F.);
#326=ORIENTED_EDGE('',*,*,#693,.T.);
#327=ORIENTED_EDGE('',*,*,#745,.F.);
#328=ORIENTED_EDGE('',*,*,#578,.F.);
#329=ORIENTED_EDGE('',*,*,#747,.F.);
#330=ORIENTED_EDGE('',*,*,#697,.T.);
#331=ORIENTED_EDGE('',*,*,#740,.F.);
#332=ORIENTED_EDGE('',*,*,#581,.F.);
#333=ORIENTED_EDGE('',*,*,#743,.F.);
#334=ORIENTED_EDGE('',*,*,#701,.T.);
#335=ORIENTED_EDGE('',*,*,#735,.F.);
#336=ORIENTED_EDGE('',*,*,#584,.F.);
#337=ORIENTED_EDGE('',*,*,#738,.F.);
#338=ORIENTED_EDGE('',*,*,#705,.T.);
#339=ORIENTED_EDGE('',*,*,#730,.T.);
#340=ORIENTED_EDGE('',*,*,#587,.F.);
#341=ORIENTED_EDGE('',*,*,#733,.F.);
#342=ORIENTED_EDGE('',*,*,#632,.T.);
#343=ORIENTED_EDGE('',*,*,#712,.F.);
#344=ORIENTED_EDGE('',*,*,#675,.F.);
#345=ORIENTED_EDGE('',*,*,#710,.F.);
#346=ORIENTED_EDGE('',*,*,#655,.T.);
#347=ORIENTED_EDGE('',*,*,#717,.F.);
#348=ORIENTED_EDGE('',*,*,#679,.F.);
#349=ORIENTED_EDGE('',*,*,#715,.F.);
#350=ORIENTED_EDGE('',*,*,#652,.T.);
#351=ORIENTED_EDGE('',*,*,#722,.F.);
#352=ORIENTED_EDGE('',*,*,#683,.F.);
#353=ORIENTED_EDGE('',*,*,#720,.F.);
#354=ORIENTED_EDGE('',*,*,#649,.T.);
#355=ORIENTED_EDGE('',*,*,#727,.F.);
#356=ORIENTED_EDGE('',*,*,#687,.F.);
#357=ORIENTED_EDGE('',*,*,#725,.F.);
#358=ORIENTED_EDGE('',*,*,#703,.T.);
#359=ORIENTED_EDGE('',*,*,#732,.F.);
#360=ORIENTED_EDGE('',*,*,#636,.F.);
#361=ORIENTED_EDGE('',*,*,#729,.F.);
#362=ORIENTED_EDGE('',*,*,#699,.T.);
#363=ORIENTED_EDGE('',*,*,#737,.F.);
#364=ORIENTED_EDGE('',*,*,#639,.F.);
#365=ORIENTED_EDGE('',*,*,#734,.F.);
#366=ORIENTED_EDGE('',*,*,#695,.T.);
#367=ORIENTED_EDGE('',*,*,#742,.F.);
#368=ORIENTED_EDGE('',*,*,#642,.F.);
#369=ORIENTED_EDGE('',*,*,#739,.F.);
#370=ORIENTED_EDGE('',*,*,#691,.T.);
#371=ORIENTED_EDGE('',*,*,#746,.F.);
#372=ORIENTED_EDGE('',*,*,#645,.F.);
#373=ORIENTED_EDGE('',*,*,#744,.F.);
#374=ORIENTED_EDGE('',*,*,#748,.T.);
#375=ORIENTED_EDGE('',*,*,#571,.F.);
#376=ORIENTED_EDGE('',*,*,#749,.F.);
#377=ORIENTED_EDGE('',*,*,#629,.F.);
#378=ORIENTED_EDGE('',*,*,#750,.T.);
#379=ORIENTED_EDGE('',*,*,#572,.F.);
#380=ORIENTED_EDGE('',*,*,#748,.F.);
#381=ORIENTED_EDGE('',*,*,#628,.F.);
#382=ORIENTED_EDGE('',*,*,#751,.T.);
#383=ORIENTED_EDGE('',*,*,#573,.F.);
#384=ORIENTED_EDGE('',*,*,#750,.F.);
#385=ORIENTED_EDGE('',*,*,#631,.F.);
#386=ORIENTED_EDGE('',*,*,#749,.T.);
#387=ORIENTED_EDGE('',*,*,#570,.F.);
#388=ORIENTED_EDGE('',*,*,#751,.F.);
#389=ORIENTED_EDGE('',*,*,#630,.F.);
#390=ORIENTED_EDGE('',*,*,#752,.T.);
#391=ORIENTED_EDGE('',*,*,#601,.F.);
#392=ORIENTED_EDGE('',*,*,#753,.F.);
#393=ORIENTED_EDGE('',*,*,#659,.F.);
#394=ORIENTED_EDGE('',*,*,#754,.T.);
#395=ORIENTED_EDGE('',*,*,#602,.F.);
#396=ORIENTED_EDGE('',*,*,#752,.F.);
#397=ORIENTED_EDGE('',*,*,#658,.F.);
#398=ORIENTED_EDGE('',*,*,#755,.T.);
#399=ORIENTED_EDGE('',*,*,#603,.F.);
#400=ORIENTED_EDGE('',*,*,#754,.F.);
#401=ORIENTED_EDGE('',*,*,#661,.F.);
#402=ORIENTED_EDGE('',*,*,#753,.T.);
#403=ORIENTED_EDGE('',*,*,#600,.F.);
#404=ORIENTED_EDGE('',*,*,#755,.F.);
#405=ORIENTED_EDGE('',*,*,#660,.F.);
#406=ORIENTED_EDGE('',*,*,#756,.T.);
#407=ORIENTED_EDGE('',*,*,#567,.F.);
#408=ORIENTED_EDGE('',*,*,#757,.F.);
#409=ORIENTED_EDGE('',*,*,#625,.F.);
#410=ORIENTED_EDGE('',*,*,#758,.T.);
#411=ORIENTED_EDGE('',*,*,#568,.F.);
#412=ORIENTED_EDGE('',*,*,#756,.F.);
#413=ORIENTED_EDGE('',*,*,#624,.F.);
#414=ORIENTED_EDGE('',*,*,#759,.T.);
#415=ORIENTED_EDGE('',*,*,#569,.F.);
#416=ORIENTED_EDGE('',*,*,#758,.F.);
#417=ORIENTED_EDGE('',*,*,#627,.F.);
#418=ORIENTED_EDGE('',*,*,#757,.T.);
#419=ORIENTED_EDGE('',*,*,#566,.F.);
#420=ORIENTED_EDGE('',*,*,#759,.F.);
#421=ORIENTED_EDGE('',*,*,#626,.F.);
#422=ORIENTED_EDGE('',*,*,#760,.T.);
#423=ORIENTED_EDGE('',*,*,#605,.F.);
#424=ORIENTED_EDGE('',*,*,#761,.F.);
#425=ORIENTED_EDGE('',*,*,#663,.F.);
#426=ORIENTED_EDGE('',*,*,#762,.T.);
#427=ORIENTED_EDGE('',*,*,#606,.F.);
#428=ORIENTED_EDGE('',*,*,#760,.F.);
#429=ORIENTED_EDGE('',*,*,#662,.F.);
#430=ORIENTED_EDGE('',*,*,#763,.T.);
#431=ORIENTED_EDGE('',*,*,#607,.F.);
#432=ORIENTED_EDGE('',*,*,#762,.F.);
#433=ORIENTED_EDGE('',*,*,#665,.F.);
#434=ORIENTED_EDGE('',*,*,#761,.T.);
#435=ORIENTED_EDGE('',*,*,#604,.F.);
#436=ORIENTED_EDGE('',*,*,#763,.F.);
#437=ORIENTED_EDGE('',*,*,#664,.F.);
#438=ORIENTED_EDGE('',*,*,#764,.T.);
#439=ORIENTED_EDGE('',*,*,#563,.F.);
#440=ORIENTED_EDGE('',*,*,#765,.F.);
#441=ORIENTED_EDGE('',*,*,#621,.F.);
#442=ORIENTED_EDGE('',*,*,#766,.T.);
#443=ORIENTED_EDGE('',*,*,#564,.F.);
#444=ORIENTED_EDGE('',*,*,#764,.F.);
#445=ORIENTED_EDGE('',*,*,#620,.F.);
#446=ORIENTED_EDGE('',*,*,#767,.T.);
#447=ORIENTED_EDGE('',*,*,#565,.F.);
#448=ORIENTED_EDGE('',*,*,#766,.F.);
#449=ORIENTED_EDGE('',*,*,#623,.F.);
#450=ORIENTED_EDGE('',*,*,#765,.T.);
#451=ORIENTED_EDGE('',*,*,#562,.F.);
#452=ORIENTED_EDGE('',*,*,#767,.F.);
#453=ORIENTED_EDGE('',*,*,#622,.F.);
#454=ORIENTED_EDGE('',*,*,#768,.T.);
#455=ORIENTED_EDGE('',*,*,#609,.F.);
#456=ORIENTED_EDGE('',*,*,#769,.F.);
#457=ORIENTED_EDGE('',*,*,#667,.F.);
#458=ORIENTED_EDGE('',*,*,#770,.T.);
#459=ORIENTED_EDGE('',*,*,#610,.F.);
#460=ORIENTED_EDGE('',*,*,#768,.F.);
#461=ORIENTED_EDGE('',*,*,#666,.F.);
#462=ORIENTED_EDGE('',*,*,#771,.T.);
#463=ORIENTED_EDGE('',*,*,#611,.F.);
#464=ORIENTED_EDGE('',*,*,#770,.F.);
#465=ORIENTED_EDGE('',*,*,#669,.F.);
#466=ORIENTED_EDGE('',*,*,#769,.T.);
#467=ORIENTED_EDGE('',*,*,#608,.F.);
#468=ORIENTED_EDGE('',*,*,#771,.F.);
#469=ORIENTED_EDGE('',*,*,#668,.F.);
#470=ORIENTED_EDGE('',*,*,#772,.T.);
#471=ORIENTED_EDGE('',*,*,#559,.F.);
#472=ORIENTED_EDGE('',*,*,#773,.F.);
#473=ORIENTED_EDGE('',*,*,#617,.F.);
#474=ORIENTED_EDGE('',*,*,#774,.T.);
#475=ORIENTED_EDGE('',*,*,#560,.F.);
#476=ORIENTED_EDGE('',*,*,#772,.F.);
#477=ORIENTED_EDGE('',*,*,#616,.F.);
#478=ORIENTED_EDGE('',*,*,#775,.T.);
#479=ORIENTED_EDGE('',*,*,#561,.F.);
#480=ORIENTED_EDGE('',*,*,#774,.F.);
#481=ORIENTED_EDGE('',*,*,#619,.F.);
#482=ORIENTED_EDGE('',*,*,#773,.T.);
#483=ORIENTED_EDGE('',*,*,#558,.F.);
#484=ORIENTED_EDGE('',*,*,#775,.F.);
#485=ORIENTED_EDGE('',*,*,#618,.F.);
#486=ORIENTED_EDGE('',*,*,#776,.T.);
#487=ORIENTED_EDGE('',*,*,#613,.F.);
#488=ORIENTED_EDGE('',*,*,#777,.F.);
#489=ORIENTED_EDGE('',*,*,#671,.F.);
#490=ORIENTED_EDGE('',*,*,#778,.T.);
#491=ORIENTED_EDGE('',*,*,#614,.F.);
#492=ORIENTED_EDGE('',*,*,#776,.F.);
#493=ORIENTED_EDGE('',*,*,#670,.F.);
#494=ORIENTED_EDGE('',*,*,#779,.T.);
#495=ORIENTED_EDGE('',*,*,#615,.F.);
#496=ORIENTED_EDGE('',*,*,#778,.F.);
#497=ORIENTED_EDGE('',*,*,#673,.F.);
#498=ORIENTED_EDGE('',*,*,#777,.T.);
#499=ORIENTED_EDGE('',*,*,#612,.F.);
#500=ORIENTED_EDGE('',*,*,#779,.F.);
#501=ORIENTED_EDGE('',*,*,#672,.F.);
#502=ORIENTED_EDGE('',*,*,#780,.T.);
#503=ORIENTED_EDGE('',*,*,#781,.T.);
#504=ORIENTED_EDGE('',*,*,#782,.T.);
#505=ORIENTED_EDGE('',*,*,#783,.T.);
#506=ORIENTED_EDGE('',*,*,#784,.T.);
#507=ORIENTED_EDGE('',*,*,#785,.T.);
#508=ORIENTED_EDGE('',*,*,#786,.F.);
#509=ORIENTED_EDGE('',*,*,#787,.T.);
#510=ORIENTED_EDGE('',*,*,#788,.T.);
#511=ORIENTED_EDGE('',*,*,#789,.T.);
#512=ORIENTED_EDGE('',*,*,#790,.T.);
#513=ORIENTED_EDGE('',*,*,#791,.T.);
#514=ORIENTED_EDGE('',*,*,#792,.F.);
#515=ORIENTED_EDGE('',*,*,#793,.T.);
#516=ORIENTED_EDGE('',*,*,#794,.T.);
#517=ORIENTED_EDGE('',*,*,#795,.T.);
#518=ORIENTED_EDGE('',*,*,#786,.T.);
#519=ORIENTED_EDGE('',*,*,#796,.T.);
#520=ORIENTED_EDGE('',*,*,#792,.T.);
#521=ORIENTED_EDGE('',*,*,#797,.T.);
#522=ORIENTED_EDGE('',*,*,#794,.F.);
#523=ORIENTED_EDGE('',*,*,#798,.T.);
#524=ORIENTED_EDGE('',*,*,#784,.F.);
#525=ORIENTED_EDGE('',*,*,#799,.T.);
#526=ORIENTED_EDGE('',*,*,#800,.F.);
#527=ORIENTED_EDGE('',*,*,#791,.F.);
#528=ORIENTED_EDGE('',*,*,#801,.F.);
#529=ORIENTED_EDGE('',*,*,#798,.F.);
#530=ORIENTED_EDGE('',*,*,#801,.T.);
#531=ORIENTED_EDGE('',*,*,#790,.F.);
#532=ORIENTED_EDGE('',*,*,#802,.F.);
#533=ORIENTED_EDGE('',*,*,#785,.F.);
#534=ORIENTED_EDGE('',*,*,#800,.T.);
#535=ORIENTED_EDGE('',*,*,#793,.F.);
#536=ORIENTED_EDGE('',*,*,#803,.F.);
#537=ORIENTED_EDGE('',*,*,#788,.F.);
#538=ORIENTED_EDGE('',*,*,#802,.T.);
#539=ORIENTED_EDGE('',*,*,#789,.F.);
#540=ORIENTED_EDGE('',*,*,#803,.T.);
#541=ORIENTED_EDGE('',*,*,#796,.F.);
#542=ORIENTED_EDGE('',*,*,#804,.F.);
#543=ORIENTED_EDGE('',*,*,#797,.F.);
#544=ORIENTED_EDGE('',*,*,#805,.F.);
#545=ORIENTED_EDGE('',*,*,#783,.F.);
#546=ORIENTED_EDGE('',*,*,#805,.T.);
#547=ORIENTED_EDGE('',*,*,#795,.F.);
#548=ORIENTED_EDGE('',*,*,#806,.F.);
#549=ORIENTED_EDGE('',*,*,#780,.F.);
#550=ORIENTED_EDGE('',*,*,#804,.T.);
#551=ORIENTED_EDGE('',*,*,#782,.F.);
#552=ORIENTED_EDGE('',*,*,#807,.F.);
#553=ORIENTED_EDGE('',*,*,#787,.F.);
#554=ORIENTED_EDGE('',*,*,#806,.T.);
#555=ORIENTED_EDGE('',*,*,#799,.F.);
#556=ORIENTED_EDGE('',*,*,#807,.T.);
#557=ORIENTED_EDGE('',*,*,#781,.F.);
#558=EDGE_CURVE('',#808,#809,#972,.T.);
#559=EDGE_CURVE('',#809,#810,#973,.T.);
#560=EDGE_CURVE('',#810,#811,#974,.T.);
#561=EDGE_CURVE('',#811,#808,#975,.T.);
#562=EDGE_CURVE('',#812,#813,#976,.T.);
#563=EDGE_CURVE('',#813,#814,#977,.T.);
#564=EDGE_CURVE('',#814,#815,#978,.T.);
#565=EDGE_CURVE('',#815,#812,#979,.T.);
#566=EDGE_CURVE('',#816,#817,#980,.T.);
#567=EDGE_CURVE('',#817,#818,#981,.T.);
#568=EDGE_CURVE('',#818,#819,#982,.T.);
#569=EDGE_CURVE('',#819,#816,#983,.T.);
#570=EDGE_CURVE('',#820,#821,#984,.T.);
#571=EDGE_CURVE('',#821,#822,#985,.T.);
#572=EDGE_CURVE('',#822,#823,#986,.T.);
#573=EDGE_CURVE('',#823,#820,#987,.T.);
#574=EDGE_CURVE('',#824,#825,#988,.T.);
#575=EDGE_CURVE('',#824,#826,#989,.T.);
#576=EDGE_CURVE('',#826,#827,#990,.T.);
#577=EDGE_CURVE('',#828,#827,#991,.T.);
#578=EDGE_CURVE('',#828,#829,#992,.T.);
#579=EDGE_CURVE('',#830,#829,#993,.T.);
#580=EDGE_CURVE('',#831,#830,#994,.T.);
#581=EDGE_CURVE('',#831,#832,#995,.T.);
#582=EDGE_CURVE('',#833,#832,#996,.T.);
#583=EDGE_CURVE('',#834,#833,#997,.T.);
#584=EDGE_CURVE('',#834,#835,#998,.T.);
#585=EDGE_CURVE('',#836,#835,#999,.T.);
#586=EDGE_CURVE('',#837,#836,#1000,.T.);
#587=EDGE_CURVE('',#837,#838,#1001,.T.);
#588=EDGE_CURVE('',#839,#838,#1002,.T.);
#589=EDGE_CURVE('',#840,#839,#1003,.T.);
#590=EDGE_CURVE('',#840,#841,#1004,.T.);
#591=EDGE_CURVE('',#842,#841,#1005,.T.);
#592=EDGE_CURVE('',#842,#843,#1006,.T.);
#593=EDGE_CURVE('',#843,#844,#1007,.T.);
#594=EDGE_CURVE('',#845,#844,#1008,.T.);
#595=EDGE_CURVE('',#845,#846,#1009,.T.);
#596=EDGE_CURVE('',#846,#847,#1010,.T.);
#597=EDGE_CURVE('',#848,#847,#1011,.T.);
#598=EDGE_CURVE('',#848,#849,#1012,.T.);
#599=EDGE_CURVE('',#849,#825,#1013,.T.);
#600=EDGE_CURVE('',#850,#851,#1014,.T.);
#601=EDGE_CURVE('',#851,#852,#1015,.T.);
#602=EDGE_CURVE('',#852,#853,#1016,.T.);
#603=EDGE_CURVE('',#853,#850,#1017,.T.);
#604=EDGE_CURVE('',#854,#855,#1018,.T.);
#605=EDGE_CURVE('',#855,#856,#1019,.T.);
#606=EDGE_CURVE('',#856,#857,#1020,.T.);
#607=EDGE_CURVE('',#857,#854,#1021,.T.);
#608=EDGE_CURVE('',#858,#859,#1022,.T.);
#609=EDGE_CURVE('',#859,#860,#1023,.T.);
#610=EDGE_CURVE('',#860,#861,#1024,.T.);
#611=EDGE_CURVE('',#861,#858,#1025,.T.);
#612=EDGE_CURVE('',#862,#863,#1026,.T.);
#613=EDGE_CURVE('',#863,#864,#1027,.T.);
#614=EDGE_CURVE('',#864,#865,#1028,.T.);
#615=EDGE_CURVE('',#865,#862,#1029,.T.);
#616=EDGE_CURVE('',#866,#867,#1030,.T.);
#617=EDGE_CURVE('',#867,#868,#1031,.T.);
#618=EDGE_CURVE('',#868,#869,#1032,.T.);
#619=EDGE_CURVE('',#869,#866,#1033,.T.);
#620=EDGE_CURVE('',#870,#871,#1034,.T.);
#621=EDGE_CURVE('',#871,#872,#1035,.T.);
#622=EDGE_CURVE('',#872,#873,#1036,.T.);
#623=EDGE_CURVE('',#873,#870,#1037,.T.);
#624=EDGE_CURVE('',#874,#875,#1038,.T.);
#625=EDGE_CURVE('',#875,#876,#1039,.T.);
#626=EDGE_CURVE('',#876,#877,#1040,.T.);
#627=EDGE_CURVE('',#877,#874,#1041,.T.);
#628=EDGE_CURVE('',#878,#879,#1042,.T.);
#629=EDGE_CURVE('',#879,#880,#1043,.T.);
#630=EDGE_CURVE('',#880,#881,#1044,.T.);
#631=EDGE_CURVE('',#881,#878,#1045,.T.);
#632=EDGE_CURVE('',#882,#883,#1046,.T.);
#633=EDGE_CURVE('',#884,#882,#1047,.T.);
#634=EDGE_CURVE('',#885,#884,#1048,.T.);
#635=EDGE_CURVE('',#886,#885,#1049,.T.);
#636=EDGE_CURVE('',#886,#887,#1050,.T.);
#637=EDGE_CURVE('',#888,#887,#1051,.T.);
#638=EDGE_CURVE('',#889,#888,#1052,.T.);
#639=EDGE_CURVE('',#889,#890,#1053,.T.);
#640=EDGE_CURVE('',#891,#890,#1054,.T.);
#641=EDGE_CURVE('',#892,#891,#1055,.T.);
#642=EDGE_CURVE('',#892,#893,#1056,.T.);
#643=EDGE_CURVE('',#894,#893,#1057,.T.);
#644=EDGE_CURVE('',#895,#894,#1058,.T.);
#645=EDGE_CURVE('',#895,#896,#1059,.T.);
#646=EDGE_CURVE('',#897,#896,#1060,.T.);
#647=EDGE_CURVE('',#898,#897,#1061,.T.);
#648=EDGE_CURVE('',#899,#898,#1062,.T.);
#649=EDGE_CURVE('',#900,#899,#1063,.T.);
#650=EDGE_CURVE('',#901,#900,#1064,.T.);
#651=EDGE_CURVE('',#902,#901,#1065,.T.);
#652=EDGE_CURVE('',#903,#902,#1066,.T.);
#653=EDGE_CURVE('',#904,#903,#1067,.T.);
#654=EDGE_CURVE('',#905,#904,#1068,.T.);
#655=EDGE_CURVE('',#906,#905,#1069,.T.);
#656=EDGE_CURVE('',#907,#906,#1070,.T.);
#657=EDGE_CURVE('',#883,#907,#1071,.T.);
#658=EDGE_CURVE('',#908,#909,#1072,.T.);
#659=EDGE_CURVE('',#909,#910,#1073,.T.);
#660=EDGE_CURVE('',#910,#911,#1074,.T.);
#661=EDGE_CURVE('',#911,#908,#1075,.T.);
#662=EDGE_CURVE('',#912,#913,#1076,.T.);
#663=EDGE_CURVE('',#913,#914,#1077,.T.);
#664=EDGE_CURVE('',#914,#915,#1078,.T.);
#665=EDGE_CURVE('',#915,#912,#1079,.T.);
#666=EDGE_CURVE('',#916,#917,#1080,.T.);
#667=EDGE_CURVE('',#917,#918,#1081,.T.);
#668=EDGE_CURVE('',#918,#919,#1082,.T.);
#669=EDGE_CURVE('',#919,#916,#1083,.T.);
#670=EDGE_CURVE('',#920,#921,#1084,.T.);
#671=EDGE_CURVE('',#921,#922,#1085,.T.);
#672=EDGE_CURVE('',#922,#923,#1086,.T.);
#673=EDGE_CURVE('',#923,#920,#1087,.T.);
#674=EDGE_CURVE('',#924,#925,#1088,.T.);
#675=EDGE_CURVE('',#925,#926,#1089,.T.);
#676=EDGE_CURVE('',#926,#927,#1090,.T.);
#677=EDGE_CURVE('',#927,#924,#1091,.T.);
#678=EDGE_CURVE('',#928,#929,#1092,.T.);
#679=EDGE_CURVE('',#929,#930,#1093,.T.);
#680=EDGE_CURVE('',#930,#931,#1094,.T.);
#681=EDGE_CURVE('',#931,#928,#1095,.T.);
#682=EDGE_CURVE('',#932,#933,#1096,.T.);
#683=EDGE_CURVE('',#933,#934,#1097,.T.);
#684=EDGE_CURVE('',#934,#935,#1098,.T.);
#685=EDGE_CURVE('',#935,#932,#1099,.T.);
#686=EDGE_CURVE('',#936,#937,#1100,.T.);
#687=EDGE_CURVE('',#937,#938,#1101,.T.);
#688=EDGE_CURVE('',#938,#939,#1102,.T.);
#689=EDGE_CURVE('',#939,#936,#1103,.T.);
#690=EDGE_CURVE('',#940,#941,#1104,.T.);
#691=EDGE_CURVE('',#942,#940,#1105,.T.);
#692=EDGE_CURVE('',#943,#942,#1106,.T.);
#693=EDGE_CURVE('',#941,#943,#1107,.T.);
#694=EDGE_CURVE('',#944,#945,#1108,.T.);
#695=EDGE_CURVE('',#946,#944,#1109,.T.);
#696=EDGE_CURVE('',#947,#946,#1110,.T.);
#697=EDGE_CURVE('',#945,#947,#1111,.T.);
#698=EDGE_CURVE('',#948,#949,#1112,.T.);
#699=EDGE_CURVE('',#950,#948,#1113,.T.);
#700=EDGE_CURVE('',#951,#950,#1114,.T.);
#701=EDGE_CURVE('',#949,#951,#1115,.T.);
#702=EDGE_CURVE('',#952,#953,#1116,.T.);
#703=EDGE_CURVE('',#954,#952,#1117,.T.);
#704=EDGE_CURVE('',#955,#954,#1118,.T.);
#705=EDGE_CURVE('',#953,#955,#1119,.T.);
#706=EDGE_CURVE('',#897,#827,#1120,.T.);
#707=EDGE_CURVE('',#898,#826,#1121,.T.);
#708=EDGE_CURVE('',#885,#839,#1122,.T.);
#709=EDGE_CURVE('',#884,#840,#1123,.T.);
#710=EDGE_CURVE('',#882,#925,#1124,.T.);
#711=EDGE_CURVE('',#924,#841,#1125,.T.);
#712=EDGE_CURVE('',#926,#883,#1126,.T.);
#713=EDGE_CURVE('',#907,#843,#1127,.T.);
#714=EDGE_CURVE('',#927,#842,#1128,.T.);
#715=EDGE_CURVE('',#906,#929,#1129,.T.);
#716=EDGE_CURVE('',#844,#928,#1130,.T.);
#717=EDGE_CURVE('',#930,#905,#1131,.T.);
#718=EDGE_CURVE('',#904,#846,#1132,.T.);
#719=EDGE_CURVE('',#931,#845,#1133,.T.);
#720=EDGE_CURVE('',#903,#933,#1134,.T.);
#721=EDGE_CURVE('',#847,#932,#1135,.T.);
#722=EDGE_CURVE('',#934,#902,#1136,.T.);
#723=EDGE_CURVE('',#901,#849,#1137,.T.);
#724=EDGE_CURVE('',#935,#848,#1138,.T.);
#725=EDGE_CURVE('',#900,#937,#1139,.T.);
#726=EDGE_CURVE('',#825,#936,#1140,.T.);
#727=EDGE_CURVE('',#938,#899,#1141,.T.);
#728=EDGE_CURVE('',#939,#824,#1142,.T.);
#729=EDGE_CURVE('',#954,#886,#1143,.T.);
#730=EDGE_CURVE('',#955,#838,#1144,.T.);
#731=EDGE_CURVE('',#888,#836,#1145,.T.);
#732=EDGE_CURVE('',#887,#952,#1146,.T.);
#733=EDGE_CURVE('',#953,#837,#1147,.T.);
#734=EDGE_CURVE('',#950,#889,#1148,.T.);
#735=EDGE_CURVE('',#835,#951,#1149,.T.);
#736=EDGE_CURVE('',#891,#833,#1150,.T.);
#737=EDGE_CURVE('',#890,#948,#1151,.T.);
#738=EDGE_CURVE('',#949,#834,#1152,.T.);
#739=EDGE_CURVE('',#946,#892,#1153,.T.);
#740=EDGE_CURVE('',#832,#947,#1154,.T.);
#741=EDGE_CURVE('',#894,#830,#1155,.T.);
#742=EDGE_CURVE('',#893,#944,#1156,.T.);
#743=EDGE_CURVE('',#945,#831,#1157,.T.);
#744=EDGE_CURVE('',#942,#895,#1158,.T.);
#745=EDGE_CURVE('',#829,#943,#1159,.T.);
#746=EDGE_CURVE('',#896,#940,#1160,.T.);
#747=EDGE_CURVE('',#941,#828,#1161,.T.);
#748=EDGE_CURVE('',#879,#822,#1162,.T.);
#749=EDGE_CURVE('',#880,#821,#1163,.T.);
#750=EDGE_CURVE('',#878,#823,#1164,.T.);
#751=EDGE_CURVE('',#881,#820,#1165,.T.);
#752=EDGE_CURVE('',#909,#852,#1166,.T.);
#753=EDGE_CURVE('',#910,#851,#1167,.T.);
#754=EDGE_CURVE('',#908,#853,#1168,.T.);
#755=EDGE_CURVE('',#911,#850,#1169,.T.);
#756=EDGE_CURVE('',#875,#818,#1170,.T.);
#757=EDGE_CURVE('',#876,#817,#1171,.T.);
#758=EDGE_CURVE('',#874,#819,#1172,.T.);
#759=EDGE_CURVE('',#877,#816,#1173,.T.);
#760=EDGE_CURVE('',#913,#856,#1174,.T.);
#761=EDGE_CURVE('',#914,#855,#1175,.T.);
#762=EDGE_CURVE('',#912,#857,#1176,.T.);
#763=EDGE_CURVE('',#915,#854,#1177,.T.);
#764=EDGE_CURVE('',#871,#814,#1178,.T.);
#765=EDGE_CURVE('',#872,#813,#1179,.T.);
#766=EDGE_CURVE('',#870,#815,#1180,.T.);
#767=EDGE_CURVE('',#873,#812,#1181,.T.);
#768=EDGE_CURVE('',#917,#860,#1182,.T.);
#769=EDGE_CURVE('',#918,#859,#1183,.T.);
#770=EDGE_CURVE('',#916,#861,#1184,.T.);
#771=EDGE_CURVE('',#919,#858,#1185,.T.);
#772=EDGE_CURVE('',#867,#810,#1186,.T.);
#773=EDGE_CURVE('',#868,#809,#1187,.T.);
#774=EDGE_CURVE('',#866,#811,#1188,.T.);
#775=EDGE_CURVE('',#869,#808,#1189,.T.);
#776=EDGE_CURVE('',#921,#864,#1190,.T.);
#777=EDGE_CURVE('',#922,#863,#1191,.T.);
#778=EDGE_CURVE('',#920,#865,#1192,.T.);
#779=EDGE_CURVE('',#923,#862,#1193,.T.);
#780=EDGE_CURVE('',#956,#957,#1194,.T.);
#781=EDGE_CURVE('',#957,#958,#1195,.T.);
#782=EDGE_CURVE('',#958,#959,#1196,.T.);
#783=EDGE_CURVE('',#959,#956,#1197,.T.);
#784=EDGE_CURVE('',#960,#961,#1198,.T.);
#785=EDGE_CURVE('',#961,#962,#1199,.T.);
#786=EDGE_CURVE('',#963,#962,#1200,.T.);
#787=EDGE_CURVE('',#963,#960,#1201,.T.);
#788=EDGE_CURVE('',#964,#965,#1202,.T.);
#789=EDGE_CURVE('',#965,#966,#1203,.T.);
#790=EDGE_CURVE('',#966,#967,#1204,.T.);
#791=EDGE_CURVE('',#967,#964,#1205,.T.);
#792=EDGE_CURVE('',#968,#969,#1206,.T.);
#793=EDGE_CURVE('',#968,#970,#1207,.T.);
#794=EDGE_CURVE('',#970,#971,#1208,.T.);
#795=EDGE_CURVE('',#971,#969,#1209,.T.);
#796=EDGE_CURVE('',#962,#968,#1210,.T.);
#797=EDGE_CURVE('',#969,#963,#1211,.T.);
#798=EDGE_CURVE('',#970,#961,#1212,.T.);
#799=EDGE_CURVE('',#960,#971,#1213,.T.);
#800=EDGE_CURVE('',#964,#970,#1214,.T.);
#801=EDGE_CURVE('',#961,#967,#1215,.F.);
#802=EDGE_CURVE('',#962,#966,#1216,.T.);
#803=EDGE_CURVE('',#965,#968,#1217,.T.);
#804=EDGE_CURVE('',#963,#959,#1218,.T.);
#805=EDGE_CURVE('',#956,#969,#1219,.F.);
#806=EDGE_CURVE('',#957,#971,#1220,.F.);
#807=EDGE_CURVE('',#960,#958,#1221,.F.);
#808=VERTEX_POINT('',#2443);
#809=VERTEX_POINT('',#2444);
#810=VERTEX_POINT('',#2446);
#811=VERTEX_POINT('',#2448);
#812=VERTEX_POINT('',#2451);
#813=VERTEX_POINT('',#2452);
#814=VERTEX_POINT('',#2454);
#815=VERTEX_POINT('',#2456);
#816=VERTEX_POINT('',#2459);
#817=VERTEX_POINT('',#2460);
#818=VERTEX_POINT('',#2462);
#819=VERTEX_POINT('',#2464);
#820=VERTEX_POINT('',#2467);
#821=VERTEX_POINT('',#2468);
#822=VERTEX_POINT('',#2470);
#823=VERTEX_POINT('',#2472);
#824=VERTEX_POINT('',#2475);
#825=VERTEX_POINT('',#2476);
#826=VERTEX_POINT('',#2478);
#827=VERTEX_POINT('',#2480);
#828=VERTEX_POINT('',#2482);
#829=VERTEX_POINT('',#2484);
#830=VERTEX_POINT('',#2486);
#831=VERTEX_POINT('',#2488);
#832=VERTEX_POINT('',#2490);
#833=VERTEX_POINT('',#2492);
#834=VERTEX_POINT('',#2494);
#835=VERTEX_POINT('',#2496);
#836=VERTEX_POINT('',#2498);
#837=VERTEX_POINT('',#2500);
#838=VERTEX_POINT('',#2502);
#839=VERTEX_POINT('',#2504);
#840=VERTEX_POINT('',#2506);
#841=VERTEX_POINT('',#2508);
#842=VERTEX_POINT('',#2510);
#843=VERTEX_POINT('',#2512);
#844=VERTEX_POINT('',#2514);
#845=VERTEX_POINT('',#2516);
#846=VERTEX_POINT('',#2518);
#847=VERTEX_POINT('',#2520);
#848=VERTEX_POINT('',#2522);
#849=VERTEX_POINT('',#2524);
#850=VERTEX_POINT('',#2527);
#851=VERTEX_POINT('',#2528);
#852=VERTEX_POINT('',#2530);
#853=VERTEX_POINT('',#2532);
#854=VERTEX_POINT('',#2535);
#855=VERTEX_POINT('',#2536);
#856=VERTEX_POINT('',#2538);
#857=VERTEX_POINT('',#2540);
#858=VERTEX_POINT('',#2543);
#859=VERTEX_POINT('',#2544);
#860=VERTEX_POINT('',#2546);
#861=VERTEX_POINT('',#2548);
#862=VERTEX_POINT('',#2551);
#863=VERTEX_POINT('',#2552);
#864=VERTEX_POINT('',#2554);
#865=VERTEX_POINT('',#2556);
#866=VERTEX_POINT('',#2560);
#867=VERTEX_POINT('',#2561);
#868=VERTEX_POINT('',#2563);
#869=VERTEX_POINT('',#2565);
#870=VERTEX_POINT('',#2568);
#871=VERTEX_POINT('',#2569);
#872=VERTEX_POINT('',#2571);
#873=VERTEX_POINT('',#2573);
#874=VERTEX_POINT('',#2576);
#875=VERTEX_POINT('',#2577);
#876=VERTEX_POINT('',#2579);
#877=VERTEX_POINT('',#2581);
#878=VERTEX_POINT('',#2584);
#879=VERTEX_POINT('',#2585);
#880=VERTEX_POINT('',#2587);
#881=VERTEX_POINT('',#2589);
#882=VERTEX_POINT('',#2592);
#883=VERTEX_POINT('',#2593);
#884=VERTEX_POINT('',#2595);
#885=VERTEX_POINT('',#2597);
#886=VERTEX_POINT('',#2599);
#887=VERTEX_POINT('',#2601);
#888=VERTEX_POINT('',#2603);
#889=VERTEX_POINT('',#2605);
#890=VERTEX_POINT('',#2607);
#891=VERTEX_POINT('',#2609);
#892=VERTEX_POINT('',#2611);
#893=VERTEX_POINT('',#2613);
#894=VERTEX_POINT('',#2615);
#895=VERTEX_POINT('',#2617);
#896=VERTEX_POINT('',#2619);
#897=VERTEX_POINT('',#2621);
#898=VERTEX_POINT('',#2623);
#899=VERTEX_POINT('',#2625);
#900=VERTEX_POINT('',#2627);
#901=VERTEX_POINT('',#2629);
#902=VERTEX_POINT('',#2631);
#903=VERTEX_POINT('',#2633);
#904=VERTEX_POINT('',#2635);
#905=VERTEX_POINT('',#2637);
#906=VERTEX_POINT('',#2639);
#907=VERTEX_POINT('',#2641);
#908=VERTEX_POINT('',#2644);
#909=VERTEX_POINT('',#2645);
#910=VERTEX_POINT('',#2647);
#911=VERTEX_POINT('',#2649);
#912=VERTEX_POINT('',#2652);
#913=VERTEX_POINT('',#2653);
#914=VERTEX_POINT('',#2655);
#915=VERTEX_POINT('',#2657);
#916=VERTEX_POINT('',#2660);
#917=VERTEX_POINT('',#2661);
#918=VERTEX_POINT('',#2663);
#919=VERTEX_POINT('',#2665);
#920=VERTEX_POINT('',#2668);
#921=VERTEX_POINT('',#2669);
#922=VERTEX_POINT('',#2671);
#923=VERTEX_POINT('',#2673);
#924=VERTEX_POINT('',#2677);
#925=VERTEX_POINT('',#2678);
#926=VERTEX_POINT('',#2680);
#927=VERTEX_POINT('',#2682);
#928=VERTEX_POINT('',#2686);
#929=VERTEX_POINT('',#2687);
#930=VERTEX_POINT('',#2689);
#931=VERTEX_POINT('',#2691);
#932=VERTEX_POINT('',#2695);
#933=VERTEX_POINT('',#2696);
#934=VERTEX_POINT('',#2698);
#935=VERTEX_POINT('',#2700);
#936=VERTEX_POINT('',#2704);
#937=VERTEX_POINT('',#2705);
#938=VERTEX_POINT('',#2707);
#939=VERTEX_POINT('',#2709);
#940=VERTEX_POINT('',#2713);
#941=VERTEX_POINT('',#2714);
#942=VERTEX_POINT('',#2716);
#943=VERTEX_POINT('',#2718);
#944=VERTEX_POINT('',#2722);
#945=VERTEX_POINT('',#2723);
#946=VERTEX_POINT('',#2725);
#947=VERTEX_POINT('',#2727);
#948=VERTEX_POINT('',#2731);
#949=VERTEX_POINT('',#2732);
#950=VERTEX_POINT('',#2734);
#951=VERTEX_POINT('',#2736);
#952=VERTEX_POINT('',#2740);
#953=VERTEX_POINT('',#2741);
#954=VERTEX_POINT('',#2743);
#955=VERTEX_POINT('',#2745);
#956=VERTEX_POINT('',#2890);
#957=VERTEX_POINT('',#2891);
#958=VERTEX_POINT('',#2893);
#959=VERTEX_POINT('',#2895);
#960=VERTEX_POINT('',#2899);
#961=VERTEX_POINT('',#2900);
#962=VERTEX_POINT('',#2902);
#963=VERTEX_POINT('',#2904);
#964=VERTEX_POINT('',#2908);
#965=VERTEX_POINT('',#2909);
#966=VERTEX_POINT('',#2911);
#967=VERTEX_POINT('',#2913);
#968=VERTEX_POINT('',#2917);
#969=VERTEX_POINT('',#2918);
#970=VERTEX_POINT('',#2920);
#971=VERTEX_POINT('',#2922);
#972=LINE('',#2442,#1222);
#973=LINE('',#2445,#1223);
#974=LINE('',#2447,#1224);
#975=LINE('',#2449,#1225);
#976=LINE('',#2450,#1226);
#977=LINE('',#2453,#1227);
#978=LINE('',#2455,#1228);
#979=LINE('',#2457,#1229);
#980=LINE('',#2458,#1230);
#981=LINE('',#2461,#1231);
#982=LINE('',#2463,#1232);
#983=LINE('',#2465,#1233);
#984=LINE('',#2466,#1234);
#985=LINE('',#2469,#1235);
#986=LINE('',#2471,#1236);
#987=LINE('',#2473,#1237);
#988=LINE('',#2474,#1238);
#989=LINE('',#2477,#1239);
#990=LINE('',#2479,#1240);
#991=LINE('',#2481,#1241);
#992=LINE('',#2483,#1242);
#993=LINE('',#2485,#1243);
#994=LINE('',#2487,#1244);
#995=LINE('',#2489,#1245);
#996=LINE('',#2491,#1246);
#997=LINE('',#2493,#1247);
#998=LINE('',#2495,#1248);
#999=LINE('',#2497,#1249);
#1000=LINE('',#2499,#1250);
#1001=LINE('',#2501,#1251);
#1002=LINE('',#2503,#1252);
#1003=LINE('',#2505,#1253);
#1004=LINE('',#2507,#1254);
#1005=LINE('',#2509,#1255);
#1006=LINE('',#2511,#1256);
#1007=LINE('',#2513,#1257);
#1008=LINE('',#2515,#1258);
#1009=LINE('',#2517,#1259);
#1010=LINE('',#2519,#1260);
#1011=LINE('',#2521,#1261);
#1012=LINE('',#2523,#1262);
#1013=LINE('',#2525,#1263);
#1014=LINE('',#2526,#1264);
#1015=LINE('',#2529,#1265);
#1016=LINE('',#2531,#1266);
#1017=LINE('',#2533,#1267);
#1018=LINE('',#2534,#1268);
#1019=LINE('',#2537,#1269);
#1020=LINE('',#2539,#1270);
#1021=LINE('',#2541,#1271);
#1022=LINE('',#2542,#1272);
#1023=LINE('',#2545,#1273);
#1024=LINE('',#2547,#1274);
#1025=LINE('',#2549,#1275);
#1026=LINE('',#2550,#1276);
#1027=LINE('',#2553,#1277);
#1028=LINE('',#2555,#1278);
#1029=LINE('',#2557,#1279);
#1030=LINE('',#2559,#1280);
#1031=LINE('',#2562,#1281);
#1032=LINE('',#2564,#1282);
#1033=LINE('',#2566,#1283);
#1034=LINE('',#2567,#1284);
#1035=LINE('',#2570,#1285);
#1036=LINE('',#2572,#1286);
#1037=LINE('',#2574,#1287);
#1038=LINE('',#2575,#1288);
#1039=LINE('',#2578,#1289);
#1040=LINE('',#2580,#1290);
#1041=LINE('',#2582,#1291);
#1042=LINE('',#2583,#1292);
#1043=LINE('',#2586,#1293);
#1044=LINE('',#2588,#1294);
#1045=LINE('',#2590,#1295);
#1046=LINE('',#2591,#1296);
#1047=LINE('',#2594,#1297);
#1048=LINE('',#2596,#1298);
#1049=LINE('',#2598,#1299);
#1050=LINE('',#2600,#1300);
#1051=LINE('',#2602,#1301);
#1052=LINE('',#2604,#1302);
#1053=LINE('',#2606,#1303);
#1054=LINE('',#2608,#1304);
#1055=LINE('',#2610,#1305);
#1056=LINE('',#2612,#1306);
#1057=LINE('',#2614,#1307);
#1058=LINE('',#2616,#1308);
#1059=LINE('',#2618,#1309);
#1060=LINE('',#2620,#1310);
#1061=LINE('',#2622,#1311);
#1062=LINE('',#2624,#1312);
#1063=LINE('',#2626,#1313);
#1064=LINE('',#2628,#1314);
#1065=LINE('',#2630,#1315);
#1066=LINE('',#2632,#1316);
#1067=LINE('',#2634,#1317);
#1068=LINE('',#2636,#1318);
#1069=LINE('',#2638,#1319);
#1070=LINE('',#2640,#1320);
#1071=LINE('',#2642,#1321);
#1072=LINE('',#2643,#1322);
#1073=LINE('',#2646,#1323);
#1074=LINE('',#2648,#1324);
#1075=LINE('',#2650,#1325);
#1076=LINE('',#2651,#1326);
#1077=LINE('',#2654,#1327);
#1078=LINE('',#2656,#1328);
#1079=LINE('',#2658,#1329);
#1080=LINE('',#2659,#1330);
#1081=LINE('',#2662,#1331);
#1082=LINE('',#2664,#1332);
#1083=LINE('',#2666,#1333);
#1084=LINE('',#2667,#1334);
#1085=LINE('',#2670,#1335);
#1086=LINE('',#2672,#1336);
#1087=LINE('',#2674,#1337);
#1088=LINE('',#2676,#1338);
#1089=LINE('',#2679,#1339);
#1090=LINE('',#2681,#1340);
#1091=LINE('',#2683,#1341);
#1092=LINE('',#2685,#1342);
#1093=LINE('',#2688,#1343);
#1094=LINE('',#2690,#1344);
#1095=LINE('',#2692,#1345);
#1096=LINE('',#2694,#1346);
#1097=LINE('',#2697,#1347);
#1098=LINE('',#2699,#1348);
#1099=LINE('',#2701,#1349);
#1100=LINE('',#2703,#1350);
#1101=LINE('',#2706,#1351);
#1102=LINE('',#2708,#1352);
#1103=LINE('',#2710,#1353);
#1104=LINE('',#2712,#1354);
#1105=LINE('',#2715,#1355);
#1106=LINE('',#2717,#1356);
#1107=LINE('',#2719,#1357);
#1108=LINE('',#2721,#1358);
#1109=LINE('',#2724,#1359);
#1110=LINE('',#2726,#1360);
#1111=LINE('',#2728,#1361);
#1112=LINE('',#2730,#1362);
#1113=LINE('',#2733,#1363);
#1114=LINE('',#2735,#1364);
#1115=LINE('',#2737,#1365);
#1116=LINE('',#2739,#1366);
#1117=LINE('',#2742,#1367);
#1118=LINE('',#2744,#1368);
#1119=LINE('',#2746,#1369);
#1120=LINE('',#2748,#1370);
#1121=LINE('',#2749,#1371);
#1122=LINE('',#2751,#1372);
#1123=LINE('',#2752,#1373);
#1124=LINE('',#2754,#1374);
#1125=LINE('',#2755,#1375);
#1126=LINE('',#2757,#1376);
#1127=LINE('',#2758,#1377);
#1128=LINE('',#2759,#1378);
#1129=LINE('',#2761,#1379);
#1130=LINE('',#2762,#1380);
#1131=LINE('',#2764,#1381);
#1132=LINE('',#2765,#1382);
#1133=LINE('',#2766,#1383);
#1134=LINE('',#2768,#1384);
#1135=LINE('',#2769,#1385);
#1136=LINE('',#2771,#1386);
#1137=LINE('',#2772,#1387);
#1138=LINE('',#2773,#1388);
#1139=LINE('',#2775,#1389);
#1140=LINE('',#2776,#1390);
#1141=LINE('',#2778,#1391);
#1142=LINE('',#2779,#1392);
#1143=LINE('',#2781,#1393);
#1144=LINE('',#2782,#1394);
#1145=LINE('',#2784,#1395);
#1146=LINE('',#2785,#1396);
#1147=LINE('',#2786,#1397);
#1148=LINE('',#2788,#1398);
#1149=LINE('',#2789,#1399);
#1150=LINE('',#2791,#1400);
#1151=LINE('',#2792,#1401);
#1152=LINE('',#2793,#1402);
#1153=LINE('',#2795,#1403);
#1154=LINE('',#2796,#1404);
#1155=LINE('',#2798,#1405);
#1156=LINE('',#2799,#1406);
#1157=LINE('',#2800,#1407);
#1158=LINE('',#2802,#1408);
#1159=LINE('',#2803,#1409);
#1160=LINE('',#2805,#1410);
#1161=LINE('',#2806,#1411);
#1162=LINE('',#2824,#1412);
#1163=LINE('',#2825,#1413);
#1164=LINE('',#2827,#1414);
#1165=LINE('',#2829,#1415);
#1166=LINE('',#2832,#1416);
#1167=LINE('',#2833,#1417);
#1168=LINE('',#2835,#1418);
#1169=LINE('',#2837,#1419);
#1170=LINE('',#2840,#1420);
#1171=LINE('',#2841,#1421);
#1172=LINE('',#2843,#1422);
#1173=LINE('',#2845,#1423);
#1174=LINE('',#2848,#1424);
#1175=LINE('',#2849,#1425);
#1176=LINE('',#2851,#1426);
#1177=LINE('',#2853,#1427);
#1178=LINE('',#2856,#1428);
#1179=LINE('',#2857,#1429);
#1180=LINE('',#2859,#1430);
#1181=LINE('',#2861,#1431);
#1182=LINE('',#2864,#1432);
#1183=LINE('',#2865,#1433);
#1184=LINE('',#2867,#1434);
#1185=LINE('',#2869,#1435);
#1186=LINE('',#2872,#1436);
#1187=LINE('',#2873,#1437);
#1188=LINE('',#2875,#1438);
#1189=LINE('',#2877,#1439);
#1190=LINE('',#2880,#1440);
#1191=LINE('',#2881,#1441);
#1192=LINE('',#2883,#1442);
#1193=LINE('',#2885,#1443);
#1194=LINE('',#2889,#1444);
#1195=LINE('',#2892,#1445);
#1196=LINE('',#2894,#1446);
#1197=LINE('',#2896,#1447);
#1198=LINE('',#2898,#1448);
#1199=LINE('',#2901,#1449);
#1200=LINE('',#2903,#1450);
#1201=LINE('',#2905,#1451);
#1202=LINE('',#2907,#1452);
#1203=LINE('',#2910,#1453);
#1204=LINE('',#2912,#1454);
#1205=LINE('',#2914,#1455);
#1206=LINE('',#2916,#1456);
#1207=LINE('',#2919,#1457);
#1208=LINE('',#2921,#1458);
#1209=LINE('',#2923,#1459);
#1210=LINE('',#2925,#1460);
#1211=LINE('',#2926,#1461);
#1212=LINE('',#2928,#1462);
#1213=LINE('',#2929,#1463);
#1214=LINE('',#2931,#1464);
#1215=LINE('',#2932,#1465);
#1216=LINE('',#2934,#1466);
#1217=LINE('',#2936,#1467);
#1218=LINE('',#2939,#1468);
#1219=LINE('',#2940,#1469);
#1220=LINE('',#2942,#1470);
#1221=LINE('',#2944,#1471);
#1222=VECTOR('',#1994,1000.);
#1223=VECTOR('',#1995,1000.);
#1224=VECTOR('',#1996,1000.);
#1225=VECTOR('',#1997,1000.);
#1226=VECTOR('',#1998,1000.);
#1227=VECTOR('',#1999,1000.);
#1228=VECTOR('',#2000,1000.);
#1229=VECTOR('',#2001,1000.);
#1230=VECTOR('',#2002,1000.);
#1231=VECTOR('',#2003,1000.);
#1232=VECTOR('',#2004,1000.);
#1233=VECTOR('',#2005,1000.);
#1234=VECTOR('',#2006,1000.);
#1235=VECTOR('',#2007,1000.);
#1236=VECTOR('',#2008,1000.);
#1237=VECTOR('',#2009,1000.);
#1238=VECTOR('',#2010,1000.);
#1239=VECTOR('',#2011,1000.);
#1240=VECTOR('',#2012,1000.);
#1241=VECTOR('',#2013,1000.);
#1242=VECTOR('',#2014,1000.);
#1243=VECTOR('',#2015,1000.);
#1244=VECTOR('',#2016,1000.);
#1245=VECTOR('',#2017,1000.);
#1246=VECTOR('',#2018,1000.);
#1247=VECTOR('',#2019,1000.);
#1248=VECTOR('',#2020,1000.);
#1249=VECTOR('',#2021,1000.);
#1250=VECTOR('',#2022,1000.);
#1251=VECTOR('',#2023,1000.);
#1252=VECTOR('',#2024,1000.);
#1253=VECTOR('',#2025,1000.);
#1254=VECTOR('',#2026,1000.);
#1255=VECTOR('',#2027,1000.);
#1256=VECTOR('',#2028,1000.);
#1257=VECTOR('',#2029,1000.);
#1258=VECTOR('',#2030,1000.);
#1259=VECTOR('',#2031,1000.);
#1260=VECTOR('',#2032,1000.);
#1261=VECTOR('',#2033,1000.);
#1262=VECTOR('',#2034,1000.);
#1263=VECTOR('',#2035,1000.);
#1264=VECTOR('',#2036,1000.);
#1265=VECTOR('',#2037,1000.);
#1266=VECTOR('',#2038,1000.);
#1267=VECTOR('',#2039,1000.);
#1268=VECTOR('',#2040,1000.);
#1269=VECTOR('',#2041,1000.);
#1270=VECTOR('',#2042,1000.);
#1271=VECTOR('',#2043,1000.);
#1272=VECTOR('',#2044,1000.);
#1273=VECTOR('',#2045,1000.);
#1274=VECTOR('',#2046,1000.);
#1275=VECTOR('',#2047,1000.);
#1276=VECTOR('',#2048,1000.);
#1277=VECTOR('',#2049,1000.);
#1278=VECTOR('',#2050,1000.);
#1279=VECTOR('',#2051,1000.);
#1280=VECTOR('',#2054,1000.);
#1281=VECTOR('',#2055,1000.);
#1282=VECTOR('',#2056,1000.);
#1283=VECTOR('',#2057,1000.);
#1284=VECTOR('',#2058,1000.);
#1285=VECTOR('',#2059,1000.);
#1286=VECTOR('',#2060,1000.);
#1287=VECTOR('',#2061,1000.);
#1288=VECTOR('',#2062,1000.);
#1289=VECTOR('',#2063,1000.);
#1290=VECTOR('',#2064,1000.);
#1291=VECTOR('',#2065,1000.);
#1292=VECTOR('',#2066,1000.);
#1293=VECTOR('',#2067,1000.);
#1294=VECTOR('',#2068,1000.);
#1295=VECTOR('',#2069,1000.);
#1296=VECTOR('',#2070,1000.);
#1297=VECTOR('',#2071,1000.);
#1298=VECTOR('',#2072,1000.);
#1299=VECTOR('',#2073,1000.);
#1300=VECTOR('',#2074,1000.);
#1301=VECTOR('',#2075,1000.);
#1302=VECTOR('',#2076,1000.);
#1303=VECTOR('',#2077,1000.);
#1304=VECTOR('',#2078,1000.);
#1305=VECTOR('',#2079,1000.);
#1306=VECTOR('',#2080,1000.);
#1307=VECTOR('',#2081,1000.);
#1308=VECTOR('',#2082,1000.);
#1309=VECTOR('',#2083,1000.);
#1310=VECTOR('',#2084,1000.);
#1311=VECTOR('',#2085,1000.);
#1312=VECTOR('',#2086,1000.);
#1313=VECTOR('',#2087,1000.);
#1314=VECTOR('',#2088,1000.);
#1315=VECTOR('',#2089,1000.);
#1316=VECTOR('',#2090,1000.);
#1317=VECTOR('',#2091,1000.);
#1318=VECTOR('',#2092,1000.);
#1319=VECTOR('',#2093,1000.);
#1320=VECTOR('',#2094,1000.);
#1321=VECTOR('',#2095,1000.);
#1322=VECTOR('',#2096,1000.);
#1323=VECTOR('',#2097,1000.);
#1324=VECTOR('',#2098,1000.);
#1325=VECTOR('',#2099,1000.);
#1326=VECTOR('',#2100,1000.);
#1327=VECTOR('',#2101,1000.);
#1328=VECTOR('',#2102,1000.);
#1329=VECTOR('',#2103,1000.);
#1330=VECTOR('',#2104,1000.);
#1331=VECTOR('',#2105,1000.);
#1332=VECTOR('',#2106,1000.);
#1333=VECTOR('',#2107,1000.);
#1334=VECTOR('',#2108,1000.);
#1335=VECTOR('',#2109,1000.);
#1336=VECTOR('',#2110,1000.);
#1337=VECTOR('',#2111,1000.);
#1338=VECTOR('',#2114,1000.);
#1339=VECTOR('',#2115,1000.);
#1340=VECTOR('',#2116,1000.);
#1341=VECTOR('',#2117,1000.);
#1342=VECTOR('',#2120,1000.);
#1343=VECTOR('',#2121,1000.);
#1344=VECTOR('',#2122,1000.);
#1345=VECTOR('',#2123,1000.);
#1346=VECTOR('',#2126,1000.);
#1347=VECTOR('',#2127,1000.);
#1348=VECTOR('',#2128,1000.);
#1349=VECTOR('',#2129,1000.);
#1350=VECTOR('',#2132,1000.);
#1351=VECTOR('',#2133,1000.);
#1352=VECTOR('',#2134,1000.);
#1353=VECTOR('',#2135,1000.);
#1354=VECTOR('',#2138,1000.);
#1355=VECTOR('',#2139,1000.);
#1356=VECTOR('',#2140,1000.);
#1357=VECTOR('',#2141,1000.);
#1358=VECTOR('',#2144,1000.);
#1359=VECTOR('',#2145,1000.);
#1360=VECTOR('',#2146,1000.);
#1361=VECTOR('',#2147,1000.);
#1362=VECTOR('',#2150,1000.);
#1363=VECTOR('',#2151,1000.);
#1364=VECTOR('',#2152,1000.);
#1365=VECTOR('',#2153,1000.);
#1366=VECTOR('',#2156,1000.);
#1367=VECTOR('',#2157,1000.);
#1368=VECTOR('',#2158,1000.);
#1369=VECTOR('',#2159,1000.);
#1370=VECTOR('',#2162,1000.);
#1371=VECTOR('',#2163,1000.);
#1372=VECTOR('',#2166,1000.);
#1373=VECTOR('',#2167,1000.);
#1374=VECTOR('',#2170,1000.);
#1375=VECTOR('',#2171,1000.);
#1376=VECTOR('',#2174,1000.);
#1377=VECTOR('',#2175,1000.);
#1378=VECTOR('',#2176,1000.);
#1379=VECTOR('',#2179,1000.);
#1380=VECTOR('',#2180,1000.);
#1381=VECTOR('',#2183,1000.);
#1382=VECTOR('',#2184,1000.);
#1383=VECTOR('',#2185,1000.);
#1384=VECTOR('',#2188,1000.);
#1385=VECTOR('',#2189,1000.);
#1386=VECTOR('',#2192,1000.);
#1387=VECTOR('',#2193,1000.);
#1388=VECTOR('',#2194,1000.);
#1389=VECTOR('',#2197,1000.);
#1390=VECTOR('',#2198,1000.);
#1391=VECTOR('',#2201,1000.);
#1392=VECTOR('',#2202,1000.);
#1393=VECTOR('',#2205,1000.);
#1394=VECTOR('',#2206,1000.);
#1395=VECTOR('',#2209,1000.);
#1396=VECTOR('',#2210,1000.);
#1397=VECTOR('',#2211,1000.);
#1398=VECTOR('',#2214,1000.);
#1399=VECTOR('',#2215,1000.);
#1400=VECTOR('',#2218,1000.);
#1401=VECTOR('',#2219,1000.);
#1402=VECTOR('',#2220,1000.);
#1403=VECTOR('',#2223,1000.);
#1404=VECTOR('',#2224,1000.);
#1405=VECTOR('',#2227,1000.);
#1406=VECTOR('',#2228,1000.);
#1407=VECTOR('',#2229,1000.);
#1408=VECTOR('',#2232,1000.);
#1409=VECTOR('',#2233,1000.);
#1410=VECTOR('',#2236,1000.);
#1411=VECTOR('',#2237,1000.);
#1412=VECTOR('',#2272,1000.);
#1413=VECTOR('',#2273,1000.);
#1414=VECTOR('',#2276,1000.);
#1415=VECTOR('',#2279,1000.);
#1416=VECTOR('',#2284,1000.);
#1417=VECTOR('',#2285,1000.);
#1418=VECTOR('',#2288,1000.);
#1419=VECTOR('',#2291,1000.);
#1420=VECTOR('',#2296,1000.);
#1421=VECTOR('',#2297,1000.);
#1422=VECTOR('',#2300,1000.);
#1423=VECTOR('',#2303,1000.);
#1424=VECTOR('',#2308,1000.);
#1425=VECTOR('',#2309,1000.);
#1426=VECTOR('',#2312,1000.);
#1427=VECTOR('',#2315,1000.);
#1428=VECTOR('',#2320,1000.);
#1429=VECTOR('',#2321,1000.);
#1430=VECTOR('',#2324,1000.);
#1431=VECTOR('',#2327,1000.);
#1432=VECTOR('',#2332,1000.);
#1433=VECTOR('',#2333,1000.);
#1434=VECTOR('',#2336,1000.);
#1435=VECTOR('',#2339,1000.);
#1436=VECTOR('',#2344,1000.);
#1437=VECTOR('',#2345,1000.);
#1438=VECTOR('',#2348,1000.);
#1439=VECTOR('',#2351,1000.);
#1440=VECTOR('',#2356,1000.);
#1441=VECTOR('',#2357,1000.);
#1442=VECTOR('',#2360,1000.);
#1443=VECTOR('',#2363,1000.);
#1444=VECTOR('',#2370,1000.);
#1445=VECTOR('',#2371,1000.);
#1446=VECTOR('',#2372,1000.);
#1447=VECTOR('',#2373,1000.);
#1448=VECTOR('',#2376,1000.);
#1449=VECTOR('',#2377,1000.);
#1450=VECTOR('',#2378,1000.);
#1451=VECTOR('',#2379,1000.);
#1452=VECTOR('',#2382,1000.);
#1453=VECTOR('',#2383,1000.);
#1454=VECTOR('',#2384,1000.);
#1455=VECTOR('',#2385,1000.);
#1456=VECTOR('',#2388,1000.);
#1457=VECTOR('',#2389,1000.);
#1458=VECTOR('',#2390,1000.);
#1459=VECTOR('',#2391,1000.);
#1460=VECTOR('',#2394,1000.);
#1461=VECTOR('',#2395,1000.);
#1462=VECTOR('',#2398,1000.);
#1463=VECTOR('',#2399,1000.);
#1464=VECTOR('',#2402,1000.);
#1465=VECTOR('',#2403,1000.);
#1466=VECTOR('',#2406,1000.);
#1467=VECTOR('',#2409,1000.);
#1468=VECTOR('',#2414,1000.);
#1469=VECTOR('',#2415,1000.);
#1470=VECTOR('',#2418,1000.);
#1471=VECTOR('',#2421,1000.);
#1472=EDGE_LOOP('',(#58,#59,#60,#61));
#1473=EDGE_LOOP('',(#62,#63,#64,#65));
#1474=EDGE_LOOP('',(#66,#67,#68,#69));
#1475=EDGE_LOOP('',(#70,#71,#72,#73));
#1476=EDGE_LOOP('',(#74,#75,#76,#77,#78,#79,#80,#81,#82,#83,#84,#85,#86,
#87,#88,#89,#90,#91,#92,#93,#94,#95,#96,#97,#98,#99));
#1477=EDGE_LOOP('',(#100,#101,#102,#103));
#1478=EDGE_LOOP('',(#104,#105,#106,#107));
#1479=EDGE_LOOP('',(#108,#109,#110,#111));
#1480=EDGE_LOOP('',(#112,#113,#114,#115));
#1481=EDGE_LOOP('',(#116,#117,#118,#119));
#1482=EDGE_LOOP('',(#120,#121,#122,#123));
#1483=EDGE_LOOP('',(#124,#125,#126,#127));
#1484=EDGE_LOOP('',(#128,#129,#130,#131));
#1485=EDGE_LOOP('',(#132,#133,#134,#135,#136,#137,#138,#139,#140,#141,#142,
#143,#144,#145,#146,#147,#148,#149,#150,#151,#152,#153,#154,#155,#156,#157));
#1486=EDGE_LOOP('',(#158,#159,#160,#161));
#1487=EDGE_LOOP('',(#162,#163,#164,#165));
#1488=EDGE_LOOP('',(#166,#167,#168,#169));
#1489=EDGE_LOOP('',(#170,#171,#172,#173));
#1490=EDGE_LOOP('',(#174,#175,#176,#177));
#1491=EDGE_LOOP('',(#178,#179,#180,#181));
#1492=EDGE_LOOP('',(#182,#183,#184,#185));
#1493=EDGE_LOOP('',(#186,#187,#188,#189));
#1494=EDGE_LOOP('',(#190,#191,#192,#193));
#1495=EDGE_LOOP('',(#194,#195,#196,#197));
#1496=EDGE_LOOP('',(#198,#199,#200,#201));
#1497=EDGE_LOOP('',(#202,#203,#204,#205));
#1498=EDGE_LOOP('',(#206,#207,#208,#209));
#1499=EDGE_LOOP('',(#210,#211,#212,#213));
#1500=EDGE_LOOP('',(#214,#215,#216,#217,#218,#219));
#1501=EDGE_LOOP('',(#220,#221,#222,#223,#224,#225));
#1502=EDGE_LOOP('',(#226,#227,#228,#229,#230,#231));
#1503=EDGE_LOOP('',(#232,#233,#234,#235,#236,#237));
#1504=EDGE_LOOP('',(#238,#239,#240,#241,#242,#243));
#1505=EDGE_LOOP('',(#244,#245,#246,#247,#248,#249));
#1506=EDGE_LOOP('',(#250,#251,#252,#253,#254,#255));
#1507=EDGE_LOOP('',(#256,#257,#258,#259,#260,#261));
#1508=EDGE_LOOP('',(#262,#263,#264,#265,#266,#267));
#1509=EDGE_LOOP('',(#268,#269,#270,#271,#272,#273));
#1510=EDGE_LOOP('',(#274,#275,#276,#277,#278,#279));
#1511=EDGE_LOOP('',(#280,#281,#282,#283,#284,#285));
#1512=EDGE_LOOP('',(#286,#287,#288,#289,#290,#291));
#1513=EDGE_LOOP('',(#292,#293,#294,#295,#296,#297));
#1514=EDGE_LOOP('',(#298,#299,#300,#301,#302,#303));
#1515=EDGE_LOOP('',(#304,#305,#306,#307,#308,#309));
#1516=EDGE_LOOP('',(#310,#311,#312,#313));
#1517=EDGE_LOOP('',(#314,#315,#316,#317));
#1518=EDGE_LOOP('',(#318,#319,#320,#321));
#1519=EDGE_LOOP('',(#322,#323,#324,#325));
#1520=EDGE_LOOP('',(#326,#327,#328,#329));
#1521=EDGE_LOOP('',(#330,#331,#332,#333));
#1522=EDGE_LOOP('',(#334,#335,#336,#337));
#1523=EDGE_LOOP('',(#338,#339,#340,#341));
#1524=EDGE_LOOP('',(#342,#343,#344,#345));
#1525=EDGE_LOOP('',(#346,#347,#348,#349));
#1526=EDGE_LOOP('',(#350,#351,#352,#353));
#1527=EDGE_LOOP('',(#354,#355,#356,#357));
#1528=EDGE_LOOP('',(#358,#359,#360,#361));
#1529=EDGE_LOOP('',(#362,#363,#364,#365));
#1530=EDGE_LOOP('',(#366,#367,#368,#369));
#1531=EDGE_LOOP('',(#370,#371,#372,#373));
#1532=EDGE_LOOP('',(#374,#375,#376,#377));
#1533=EDGE_LOOP('',(#378,#379,#380,#381));
#1534=EDGE_LOOP('',(#382,#383,#384,#385));
#1535=EDGE_LOOP('',(#386,#387,#388,#389));
#1536=EDGE_LOOP('',(#390,#391,#392,#393));
#1537=EDGE_LOOP('',(#394,#395,#396,#397));
#1538=EDGE_LOOP('',(#398,#399,#400,#401));
#1539=EDGE_LOOP('',(#402,#403,#404,#405));
#1540=EDGE_LOOP('',(#406,#407,#408,#409));
#1541=EDGE_LOOP('',(#410,#411,#412,#413));
#1542=EDGE_LOOP('',(#414,#415,#416,#417));
#1543=EDGE_LOOP('',(#418,#419,#420,#421));
#1544=EDGE_LOOP('',(#422,#423,#424,#425));
#1545=EDGE_LOOP('',(#426,#427,#428,#429));
#1546=EDGE_LOOP('',(#430,#431,#432,#433));
#1547=EDGE_LOOP('',(#434,#435,#436,#437));
#1548=EDGE_LOOP('',(#438,#439,#440,#441));
#1549=EDGE_LOOP('',(#442,#443,#444,#445));
#1550=EDGE_LOOP('',(#446,#447,#448,#449));
#1551=EDGE_LOOP('',(#450,#451,#452,#453));
#1552=EDGE_LOOP('',(#454,#455,#456,#457));
#1553=EDGE_LOOP('',(#458,#459,#460,#461));
#1554=EDGE_LOOP('',(#462,#463,#464,#465));
#1555=EDGE_LOOP('',(#466,#467,#468,#469));
#1556=EDGE_LOOP('',(#470,#471,#472,#473));
#1557=EDGE_LOOP('',(#474,#475,#476,#477));
#1558=EDGE_LOOP('',(#478,#479,#480,#481));
#1559=EDGE_LOOP('',(#482,#483,#484,#485));
#1560=EDGE_LOOP('',(#486,#487,#488,#489));
#1561=EDGE_LOOP('',(#490,#491,#492,#493));
#1562=EDGE_LOOP('',(#494,#495,#496,#497));
#1563=EDGE_LOOP('',(#498,#499,#500,#501));
#1564=EDGE_LOOP('',(#502,#503,#504,#505));
#1565=EDGE_LOOP('',(#506,#507,#508,#509));
#1566=EDGE_LOOP('',(#510,#511,#512,#513));
#1567=EDGE_LOOP('',(#514,#515,#516,#517));
#1568=EDGE_LOOP('',(#518,#519,#520,#521));
#1569=EDGE_LOOP('',(#522,#523,#524,#525));
#1570=EDGE_LOOP('',(#526,#527,#528,#529));
#1571=EDGE_LOOP('',(#530,#531,#532,#533));
#1572=EDGE_LOOP('',(#534,#535,#536,#537));
#1573=EDGE_LOOP('',(#538,#539,#540,#541));
#1574=EDGE_LOOP('',(#542,#543,#544,#545));
#1575=EDGE_LOOP('',(#546,#547,#548,#549));
#1576=EDGE_LOOP('',(#550,#551,#552,#553));
#1577=EDGE_LOOP('',(#554,#555,#556,#557));
#1578=FACE_BOUND('',#1472,.T.);
#1579=FACE_BOUND('',#1473,.T.);
#1580=FACE_BOUND('',#1474,.T.);
#1581=FACE_BOUND('',#1475,.T.);
#1582=FACE_BOUND('',#1476,.T.);
#1583=FACE_BOUND('',#1477,.T.);
#1584=FACE_BOUND('',#1478,.T.);
#1585=FACE_BOUND('',#1479,.T.);
#1586=FACE_BOUND('',#1480,.T.);
#1587=FACE_BOUND('',#1481,.T.);
#1588=FACE_BOUND('',#1482,.T.);
#1589=FACE_BOUND('',#1483,.T.);
#1590=FACE_BOUND('',#1484,.T.);
#1591=FACE_BOUND('',#1485,.T.);
#1592=FACE_BOUND('',#1486,.T.);
#1593=FACE_BOUND('',#1487,.T.);
#1594=FACE_BOUND('',#1488,.T.);
#1595=FACE_BOUND('',#1489,.T.);
#1596=FACE_BOUND('',#1490,.T.);
#1597=FACE_BOUND('',#1491,.T.);
#1598=FACE_BOUND('',#1492,.T.);
#1599=FACE_BOUND('',#1493,.T.);
#1600=FACE_BOUND('',#1494,.T.);
#1601=FACE_BOUND('',#1495,.T.);
#1602=FACE_BOUND('',#1496,.T.);
#1603=FACE_BOUND('',#1497,.T.);
#1604=FACE_BOUND('',#1498,.T.);
#1605=FACE_BOUND('',#1499,.T.);
#1606=FACE_BOUND('',#1500,.T.);
#1607=FACE_BOUND('',#1501,.T.);
#1608=FACE_BOUND('',#1502,.T.);
#1609=FACE_BOUND('',#1503,.T.);
#1610=FACE_BOUND('',#1504,.T.);
#1611=FACE_BOUND('',#1505,.T.);
#1612=FACE_BOUND('',#1506,.T.);
#1613=FACE_BOUND('',#1507,.T.);
#1614=FACE_BOUND('',#1508,.T.);
#1615=FACE_BOUND('',#1509,.T.);
#1616=FACE_BOUND('',#1510,.T.);
#1617=FACE_BOUND('',#1511,.T.);
#1618=FACE_BOUND('',#1512,.T.);
#1619=FACE_BOUND('',#1513,.T.);
#1620=FACE_BOUND('',#1514,.T.);
#1621=FACE_BOUND('',#1515,.T.);
#1622=FACE_BOUND('',#1516,.T.);
#1623=FACE_BOUND('',#1517,.T.);
#1624=FACE_BOUND('',#1518,.T.);
#1625=FACE_BOUND('',#1519,.T.);
#1626=FACE_BOUND('',#1520,.T.);
#1627=FACE_BOUND('',#1521,.T.);
#1628=FACE_BOUND('',#1522,.T.);
#1629=FACE_BOUND('',#1523,.T.);
#1630=FACE_BOUND('',#1524,.T.);
#1631=FACE_BOUND('',#1525,.T.);
#1632=FACE_BOUND('',#1526,.T.);
#1633=FACE_BOUND('',#1527,.T.);
#1634=FACE_BOUND('',#1528,.T.);
#1635=FACE_BOUND('',#1529,.T.);
#1636=FACE_BOUND('',#1530,.T.);
#1637=FACE_BOUND('',#1531,.T.);
#1638=FACE_BOUND('',#1532,.T.);
#1639=FACE_BOUND('',#1533,.T.);
#1640=FACE_BOUND('',#1534,.T.);
#1641=FACE_BOUND('',#1535,.T.);
#1642=FACE_BOUND('',#1536,.T.);
#1643=FACE_BOUND('',#1537,.T.);
#1644=FACE_BOUND('',#1538,.T.);
#1645=FACE_BOUND('',#1539,.T.);
#1646=FACE_BOUND('',#1540,.T.);
#1647=FACE_BOUND('',#1541,.T.);
#1648=FACE_BOUND('',#1542,.T.);
#1649=FACE_BOUND('',#1543,.T.);
#1650=FACE_BOUND('',#1544,.T.);
#1651=FACE_BOUND('',#1545,.T.);
#1652=FACE_BOUND('',#1546,.T.);
#1653=FACE_BOUND('',#1547,.T.);
#1654=FACE_BOUND('',#1548,.T.);
#1655=FACE_BOUND('',#1549,.T.);
#1656=FACE_BOUND('',#1550,.T.);
#1657=FACE_BOUND('',#1551,.T.);
#1658=FACE_BOUND('',#1552,.T.);
#1659=FACE_BOUND('',#1553,.T.);
#1660=FACE_BOUND('',#1554,.T.);
#1661=FACE_BOUND('',#1555,.T.);
#1662=FACE_BOUND('',#1556,.T.);
#1663=FACE_BOUND('',#1557,.T.);
#1664=FACE_BOUND('',#1558,.T.);
#1665=FACE_BOUND('',#1559,.T.);
#1666=FACE_BOUND('',#1560,.T.);
#1667=FACE_BOUND('',#1561,.T.);
#1668=FACE_BOUND('',#1562,.T.);
#1669=FACE_BOUND('',#1563,.T.);
#1670=FACE_BOUND('',#1564,.T.);
#1671=FACE_BOUND('',#1565,.T.);
#1672=FACE_BOUND('',#1566,.T.);
#1673=FACE_BOUND('',#1567,.T.);
#1674=FACE_BOUND('',#1568,.T.);
#1675=FACE_BOUND('',#1569,.T.);
#1676=FACE_BOUND('',#1570,.T.);
#1677=FACE_BOUND('',#1571,.T.);
#1678=FACE_BOUND('',#1572,.T.);
#1679=FACE_BOUND('',#1573,.T.);
#1680=FACE_BOUND('',#1574,.T.);
#1681=FACE_BOUND('',#1575,.T.);
#1682=FACE_BOUND('',#1576,.T.);
#1683=FACE_BOUND('',#1577,.T.);
#1684=PLANE('',#1891);
#1685=PLANE('',#1892);
#1686=PLANE('',#1893);
#1687=PLANE('',#1894);
#1688=PLANE('',#1895);
#1689=PLANE('',#1896);
#1690=PLANE('',#1897);
#1691=PLANE('',#1898);
#1692=PLANE('',#1899);
#1693=PLANE('',#1900);
#1694=PLANE('',#1901);
#1695=PLANE('',#1902);
#1696=PLANE('',#1903);
#1697=PLANE('',#1904);
#1698=PLANE('',#1905);
#1699=PLANE('',#1906);
#1700=PLANE('',#1907);
#1701=PLANE('',#1908);
#1702=PLANE('',#1909);
#1703=PLANE('',#1910);
#1704=PLANE('',#1911);
#1705=PLANE('',#1912);
#1706=PLANE('',#1913);
#1707=PLANE('',#1914);
#1708=PLANE('',#1915);
#1709=PLANE('',#1916);
#1710=PLANE('',#1917);
#1711=PLANE('',#1918);
#1712=PLANE('',#1919);
#1713=PLANE('',#1920);
#1714=PLANE('',#1921);
#1715=PLANE('',#1922);
#1716=PLANE('',#1923);
#1717=PLANE('',#1924);
#1718=PLANE('',#1925);
#1719=PLANE('',#1926);
#1720=PLANE('',#1927);
#1721=PLANE('',#1928);
#1722=PLANE('',#1929);
#1723=PLANE('',#1930);
#1724=PLANE('',#1931);
#1725=PLANE('',#1932);
#1726=PLANE('',#1933);
#1727=PLANE('',#1934);
#1728=PLANE('',#1935);
#1729=PLANE('',#1936);
#1730=PLANE('',#1937);
#1731=PLANE('',#1938);
#1732=PLANE('',#1939);
#1733=PLANE('',#1940);
#1734=PLANE('',#1941);
#1735=PLANE('',#1942);
#1736=PLANE('',#1943);
#1737=PLANE('',#1944);
#1738=PLANE('',#1945);
#1739=PLANE('',#1946);
#1740=PLANE('',#1947);
#1741=PLANE('',#1948);
#1742=PLANE('',#1949);
#1743=PLANE('',#1950);
#1744=PLANE('',#1951);
#1745=PLANE('',#1952);
#1746=PLANE('',#1953);
#1747=PLANE('',#1954);
#1748=PLANE('',#1955);
#1749=PLANE('',#1956);
#1750=PLANE('',#1957);
#1751=PLANE('',#1958);
#1752=PLANE('',#1959);
#1753=PLANE('',#1960);
#1754=PLANE('',#1961);
#1755=PLANE('',#1962);
#1756=PLANE('',#1963);
#1757=PLANE('',#1964);
#1758=PLANE('',#1965);
#1759=PLANE('',#1966);
#1760=PLANE('',#1968);
#1761=PLANE('',#1969);
#1762=PLANE('',#1970);
#1763=PLANE('',#1971);
#1764=PLANE('',#1972);
#1765=PLANE('',#1973);
#1766=PLANE('',#1974);
#1767=PLANE('',#1975);
#1768=PLANE('',#1976);
#1769=PLANE('',#1977);
#1770=PLANE('',#1978);
#1771=PLANE('',#1979);
#1772=PLANE('',#1980);
#1773=PLANE('',#1981);
#1774=ADVANCED_FACE('',(#1578,#1579,#1580,#1581,#1582,#1583,#1584,#1585,
#1586),#1684,.T.);
#1775=ADVANCED_FACE('',(#1587,#1588,#1589,#1590,#1591,#1592,#1593,#1594,
#1595),#1685,.T.);
#1776=ADVANCED_FACE('',(#1596),#1686,.T.);
#1777=ADVANCED_FACE('',(#1597),#1687,.T.);
#1778=ADVANCED_FACE('',(#1598),#1688,.T.);
#1779=ADVANCED_FACE('',(#1599),#1689,.T.);
#1780=ADVANCED_FACE('',(#1600),#1690,.T.);
#1781=ADVANCED_FACE('',(#1601),#1691,.T.);
#1782=ADVANCED_FACE('',(#1602),#1692,.T.);
#1783=ADVANCED_FACE('',(#1603),#1693,.T.);
#1784=ADVANCED_FACE('',(#1604),#1694,.F.);
#1785=ADVANCED_FACE('',(#1605),#1695,.T.);
#1786=ADVANCED_FACE('',(#1606),#1696,.T.);
#1787=ADVANCED_FACE('',(#1607),#1697,.T.);
#1788=ADVANCED_FACE('',(#1608),#1698,.T.);
#1789=ADVANCED_FACE('',(#1609),#1699,.T.);
#1790=ADVANCED_FACE('',(#1610),#1700,.T.);
#1791=ADVANCED_FACE('',(#1611),#1701,.T.);
#1792=ADVANCED_FACE('',(#1612),#1702,.T.);
#1793=ADVANCED_FACE('',(#1613),#1703,.T.);
#1794=ADVANCED_FACE('',(#1614),#1704,.T.);
#1795=ADVANCED_FACE('',(#1615),#1705,.T.);
#1796=ADVANCED_FACE('',(#1616),#1706,.T.);
#1797=ADVANCED_FACE('',(#1617),#1707,.T.);
#1798=ADVANCED_FACE('',(#1618),#1708,.T.);
#1799=ADVANCED_FACE('',(#1619),#1709,.T.);
#1800=ADVANCED_FACE('',(#1620),#1710,.T.);
#1801=ADVANCED_FACE('',(#1621),#1711,.T.);
#1802=ADVANCED_FACE('',(#1622),#1712,.T.);
#1803=ADVANCED_FACE('',(#1623),#1713,.T.);
#1804=ADVANCED_FACE('',(#1624),#1714,.T.);
#1805=ADVANCED_FACE('',(#1625),#1715,.T.);
#1806=ADVANCED_FACE('',(#1626),#1716,.T.);
#1807=ADVANCED_FACE('',(#1627),#1717,.T.);
#1808=ADVANCED_FACE('',(#1628),#1718,.T.);
#1809=ADVANCED_FACE('',(#1629),#1719,.T.);
#1810=ADVANCED_FACE('',(#1630),#1720,.T.);
#1811=ADVANCED_FACE('',(#1631),#1721,.T.);
#1812=ADVANCED_FACE('',(#1632),#1722,.T.);
#1813=ADVANCED_FACE('',(#1633),#1723,.T.);
#1814=ADVANCED_FACE('',(#1634),#1724,.T.);
#1815=ADVANCED_FACE('',(#1635),#1725,.T.);
#1816=ADVANCED_FACE('',(#1636),#1726,.T.);
#1817=ADVANCED_FACE('',(#1637),#1727,.T.);
#1818=ADVANCED_FACE('',(#1638),#1728,.T.);
#1819=ADVANCED_FACE('',(#1639),#1729,.T.);
#1820=ADVANCED_FACE('',(#1640),#1730,.T.);
#1821=ADVANCED_FACE('',(#1641),#1731,.T.);
#1822=ADVANCED_FACE('',(#1642),#1732,.T.);
#1823=ADVANCED_FACE('',(#1643),#1733,.T.);
#1824=ADVANCED_FACE('',(#1644),#1734,.T.);
#1825=ADVANCED_FACE('',(#1645),#1735,.T.);
#1826=ADVANCED_FACE('',(#1646),#1736,.T.);
#1827=ADVANCED_FACE('',(#1647),#1737,.T.);
#1828=ADVANCED_FACE('',(#1648),#1738,.T.);
#1829=ADVANCED_FACE('',(#1649),#1739,.T.);
#1830=ADVANCED_FACE('',(#1650),#1740,.T.);
#1831=ADVANCED_FACE('',(#1651),#1741,.T.);
#1832=ADVANCED_FACE('',(#1652),#1742,.T.);
#1833=ADVANCED_FACE('',(#1653),#1743,.T.);
#1834=ADVANCED_FACE('',(#1654),#1744,.T.);
#1835=ADVANCED_FACE('',(#1655),#1745,.T.);
#1836=ADVANCED_FACE('',(#1656),#1746,.T.);
#1837=ADVANCED_FACE('',(#1657),#1747,.T.);
#1838=ADVANCED_FACE('',(#1658),#1748,.T.);
#1839=ADVANCED_FACE('',(#1659),#1749,.T.);
#1840=ADVANCED_FACE('',(#1660),#1750,.T.);
#1841=ADVANCED_FACE('',(#1661),#1751,.T.);
#1842=ADVANCED_FACE('',(#1662),#1752,.T.);
#1843=ADVANCED_FACE('',(#1663),#1753,.T.);
#1844=ADVANCED_FACE('',(#1664),#1754,.T.);
#1845=ADVANCED_FACE('',(#1665),#1755,.T.);
#1846=ADVANCED_FACE('',(#1666),#1756,.T.);
#1847=ADVANCED_FACE('',(#1667),#1757,.T.);
#1848=ADVANCED_FACE('',(#1668),#1758,.T.);
#1849=ADVANCED_FACE('',(#1669),#1759,.T.);
#1850=ADVANCED_FACE('',(#1670),#1760,.F.);
#1851=ADVANCED_FACE('',(#1671),#1761,.F.);
#1852=ADVANCED_FACE('',(#1672),#1762,.F.);
#1853=ADVANCED_FACE('',(#1673),#1763,.F.);
#1854=ADVANCED_FACE('',(#1674),#1764,.T.);
#1855=ADVANCED_FACE('',(#1675),#1765,.F.);
#1856=ADVANCED_FACE('',(#1676),#1766,.F.);
#1857=ADVANCED_FACE('',(#1677),#1767,.F.);
#1858=ADVANCED_FACE('',(#1678),#1768,.F.);
#1859=ADVANCED_FACE('',(#1679),#1769,.T.);
#1860=ADVANCED_FACE('',(#1680),#1770,.T.);
#1861=ADVANCED_FACE('',(#1681),#1771,.F.);
#1862=ADVANCED_FACE('',(#1682),#1772,.F.);
#1863=ADVANCED_FACE('',(#1683),#1773,.F.);
#1864=CLOSED_SHELL('',(#1774,#1775,#1776,#1777,#1778,#1779,#1780,#1781,
#1782,#1783,#1784,#1785,#1786,#1787,#1788,#1789,#1790,#1791,#1792,#1793,
#1794,#1795,#1796,#1797,#1798,#1799,#1800,#1801,#1802,#1803,#1804,#1805,
#1806,#1807,#1808,#1809,#1810,#1811,#1812,#1813,#1814,#1815,#1816,#1817,
#1818,#1819,#1820,#1821,#1822,#1823,#1824,#1825,#1826,#1827,#1828,#1829,
#1830,#1831,#1832,#1833,#1834,#1835,#1836,#1837,#1838,#1839,#1840,#1841,
#1842,#1843,#1844,#1845,#1846,#1847,#1848,#1849));
#1865=CLOSED_SHELL('',(#1850,#1851,#1852,#1853,#1854,#1855,#1856,#1857,
#1858,#1859,#1860,#1861,#1862,#1863));
#1866=STYLED_ITEM('',(#1868),#1882);
#1867=STYLED_ITEM('',(#1869),#1883);
#1868=PRESENTATION_STYLE_ASSIGNMENT((#1870));
#1869=PRESENTATION_STYLE_ASSIGNMENT((#1871));
#1870=SURFACE_STYLE_USAGE(.BOTH.,#1872);
#1871=SURFACE_STYLE_USAGE(.BOTH.,#1873);
#1872=SURFACE_SIDE_STYLE('',(#1874));
#1873=SURFACE_SIDE_STYLE('',(#1875));
#1874=SURFACE_STYLE_FILL_AREA(#1876);
#1875=SURFACE_STYLE_FILL_AREA(#1877);
#1876=FILL_AREA_STYLE('',(#1878));
#1877=FILL_AREA_STYLE('',(#1879));
#1878=FILL_AREA_STYLE_COLOUR('',#1880);
#1879=FILL_AREA_STYLE_COLOUR('',#1881);
#1880=COLOUR_RGB('',0.18823529779911,0.18823529779911,0.18823529779911);
#1881=COLOUR_RGB('',0.75,0.569999992847443,0.409999996423721);
#1882=MANIFOLD_SOLID_BREP('',#1864);
#1883=MANIFOLD_SOLID_BREP('',#1865);
#1884=SHAPE_DEFINITION_REPRESENTATION(#2965,#1887);
#1885=SHAPE_DEFINITION_REPRESENTATION(#2964,#1888);
#1886=SHAPE_DEFINITION_REPRESENTATION(#2967,#1889);
#1887=SHAPE_REPRESENTATION('61300821121',(#1890),#2956);
#1888=SHAPE_REPRESENTATION('6130xx21121',(#1890,#1967,#1982,#1983,#1984,
#1985,#1986,#1987,#1988,#1989),#2955);
#1889=SHAPE_REPRESENTATION('6130xx21121_PIN',(#1890),#2957);
#1890=AXIS2_PLACEMENT_3D('',#2440,#1990,#1991);
#1891=AXIS2_PLACEMENT_3D('',#2441,#1992,#1993);
#1892=AXIS2_PLACEMENT_3D('',#2558,#2052,#2053);
#1893=AXIS2_PLACEMENT_3D('',#2675,#2112,#2113);
#1894=AXIS2_PLACEMENT_3D('',#2684,#2118,#2119);
#1895=AXIS2_PLACEMENT_3D('',#2693,#2124,#2125);
#1896=AXIS2_PLACEMENT_3D('',#2702,#2130,#2131);
#1897=AXIS2_PLACEMENT_3D('',#2711,#2136,#2137);
#1898=AXIS2_PLACEMENT_3D('',#2720,#2142,#2143);
#1899=AXIS2_PLACEMENT_3D('',#2729,#2148,#2149);
#1900=AXIS2_PLACEMENT_3D('',#2738,#2154,#2155);
#1901=AXIS2_PLACEMENT_3D('',#2747,#2160,#2161);
#1902=AXIS2_PLACEMENT_3D('',#2750,#2164,#2165);
#1903=AXIS2_PLACEMENT_3D('',#2753,#2168,#2169);
#1904=AXIS2_PLACEMENT_3D('',#2756,#2172,#2173);
#1905=AXIS2_PLACEMENT_3D('',#2760,#2177,#2178);
#1906=AXIS2_PLACEMENT_3D('',#2763,#2181,#2182);
#1907=AXIS2_PLACEMENT_3D('',#2767,#2186,#2187);
#1908=AXIS2_PLACEMENT_3D('',#2770,#2190,#2191);
#1909=AXIS2_PLACEMENT_3D('',#2774,#2195,#2196);
#1910=AXIS2_PLACEMENT_3D('',#2777,#2199,#2200);
#1911=AXIS2_PLACEMENT_3D('',#2780,#2203,#2204);
#1912=AXIS2_PLACEMENT_3D('',#2783,#2207,#2208);
#1913=AXIS2_PLACEMENT_3D('',#2787,#2212,#2213);
#1914=AXIS2_PLACEMENT_3D('',#2790,#2216,#2217);
#1915=AXIS2_PLACEMENT_3D('',#2794,#2221,#2222);
#1916=AXIS2_PLACEMENT_3D('',#2797,#2225,#2226);
#1917=AXIS2_PLACEMENT_3D('',#2801,#2230,#2231);
#1918=AXIS2_PLACEMENT_3D('',#2804,#2234,#2235);
#1919=AXIS2_PLACEMENT_3D('',#2807,#2238,#2239);
#1920=AXIS2_PLACEMENT_3D('',#2808,#2240,#2241);
#1921=AXIS2_PLACEMENT_3D('',#2809,#2242,#2243);
#1922=AXIS2_PLACEMENT_3D('',#2810,#2244,#2245);
#1923=AXIS2_PLACEMENT_3D('',#2811,#2246,#2247);
#1924=AXIS2_PLACEMENT_3D('',#2812,#2248,#2249);
#1925=AXIS2_PLACEMENT_3D('',#2813,#2250,#2251);
#1926=AXIS2_PLACEMENT_3D('',#2814,#2252,#2253);
#1927=AXIS2_PLACEMENT_3D('',#2815,#2254,#2255);
#1928=AXIS2_PLACEMENT_3D('',#2816,#2256,#2257);
#1929=AXIS2_PLACEMENT_3D('',#2817,#2258,#2259);
#1930=AXIS2_PLACEMENT_3D('',#2818,#2260,#2261);
#1931=AXIS2_PLACEMENT_3D('',#2819,#2262,#2263);
#1932=AXIS2_PLACEMENT_3D('',#2820,#2264,#2265);
#1933=AXIS2_PLACEMENT_3D('',#2821,#2266,#2267);
#1934=AXIS2_PLACEMENT_3D('',#2822,#2268,#2269);
#1935=AXIS2_PLACEMENT_3D('',#2823,#2270,#2271);
#1936=AXIS2_PLACEMENT_3D('',#2826,#2274,#2275);
#1937=AXIS2_PLACEMENT_3D('',#2828,#2277,#2278);
#1938=AXIS2_PLACEMENT_3D('',#2830,#2280,#2281);
#1939=AXIS2_PLACEMENT_3D('',#2831,#2282,#2283);
#1940=AXIS2_PLACEMENT_3D('',#2834,#2286,#2287);
#1941=AXIS2_PLACEMENT_3D('',#2836,#2289,#2290);
#1942=AXIS2_PLACEMENT_3D('',#2838,#2292,#2293);
#1943=AXIS2_PLACEMENT_3D('',#2839,#2294,#2295);
#1944=AXIS2_PLACEMENT_3D('',#2842,#2298,#2299);
#1945=AXIS2_PLACEMENT_3D('',#2844,#2301,#2302);
#1946=AXIS2_PLACEMENT_3D('',#2846,#2304,#2305);
#1947=AXIS2_PLACEMENT_3D('',#2847,#2306,#2307);
#1948=AXIS2_PLACEMENT_3D('',#2850,#2310,#2311);
#1949=AXIS2_PLACEMENT_3D('',#2852,#2313,#2314);
#1950=AXIS2_PLACEMENT_3D('',#2854,#2316,#2317);
#1951=AXIS2_PLACEMENT_3D('',#2855,#2318,#2319);
#1952=AXIS2_PLACEMENT_3D('',#2858,#2322,#2323);
#1953=AXIS2_PLACEMENT_3D('',#2860,#2325,#2326);
#1954=AXIS2_PLACEMENT_3D('',#2862,#2328,#2329);
#1955=AXIS2_PLACEMENT_3D('',#2863,#2330,#2331);
#1956=AXIS2_PLACEMENT_3D('',#2866,#2334,#2335);
#1957=AXIS2_PLACEMENT_3D('',#2868,#2337,#2338);
#1958=AXIS2_PLACEMENT_3D('',#2870,#2340,#2341);
#1959=AXIS2_PLACEMENT_3D('',#2871,#2342,#2343);
#1960=AXIS2_PLACEMENT_3D('',#2874,#2346,#2347);
#1961=AXIS2_PLACEMENT_3D('',#2876,#2349,#2350);
#1962=AXIS2_PLACEMENT_3D('',#2878,#2352,#2353);
#1963=AXIS2_PLACEMENT_3D('',#2879,#2354,#2355);
#1964=AXIS2_PLACEMENT_3D('',#2882,#2358,#2359);
#1965=AXIS2_PLACEMENT_3D('',#2884,#2361,#2362);
#1966=AXIS2_PLACEMENT_3D('',#2886,#2364,#2365);
#1967=AXIS2_PLACEMENT_3D('',#2887,#2366,#2367);
#1968=AXIS2_PLACEMENT_3D('',#2888,#2368,#2369);
#1969=AXIS2_PLACEMENT_3D('',#2897,#2374,#2375);
#1970=AXIS2_PLACEMENT_3D('',#2906,#2380,#2381);
#1971=AXIS2_PLACEMENT_3D('',#2915,#2386,#2387);
#1972=AXIS2_PLACEMENT_3D('',#2924,#2392,#2393);
#1973=AXIS2_PLACEMENT_3D('',#2927,#2396,#2397);
#1974=AXIS2_PLACEMENT_3D('',#2930,#2400,#2401);
#1975=AXIS2_PLACEMENT_3D('',#2933,#2404,#2405);
#1976=AXIS2_PLACEMENT_3D('',#2935,#2407,#2408);
#1977=AXIS2_PLACEMENT_3D('',#2937,#2410,#2411);
#1978=AXIS2_PLACEMENT_3D('',#2938,#2412,#2413);
#1979=AXIS2_PLACEMENT_3D('',#2941,#2416,#2417);
#1980=AXIS2_PLACEMENT_3D('',#2943,#2419,#2420);
#1981=AXIS2_PLACEMENT_3D('',#2945,#2422,#2423);
#1982=AXIS2_PLACEMENT_3D('',#2946,#2424,#2425);
#1983=AXIS2_PLACEMENT_3D('',#2947,#2426,#2427);
#1984=AXIS2_PLACEMENT_3D('',#2948,#2428,#2429);
#1985=AXIS2_PLACEMENT_3D('',#2949,#2430,#2431);
#1986=AXIS2_PLACEMENT_3D('',#2950,#2432,#2433);
#1987=AXIS2_PLACEMENT_3D('',#2951,#2434,#2435);
#1988=AXIS2_PLACEMENT_3D('',#2952,#2436,#2437);
#1989=AXIS2_PLACEMENT_3D('',#2953,#2438,#2439);
#1990=DIRECTION('',(0.,0.,1.));
#1991=DIRECTION('',(1.,0.,0.));
#1992=DIRECTION('',(0.,1.,8.53702498020082E-17));
#1993=DIRECTION('',(0.,-8.53702498020082E-17,1.));
#1994=DIRECTION('',(1.,0.,0.));
#1995=DIRECTION('',(0.,-8.53702498020082E-17,1.));
#1996=DIRECTION('',(-1.,0.,0.));
#1997=DIRECTION('',(0.,8.53702498020082E-17,-1.));
#1998=DIRECTION('',(1.,0.,0.));
#1999=DIRECTION('',(0.,-8.53702498020082E-17,1.));
#2000=DIRECTION('',(-1.,0.,0.));
#2001=DIRECTION('',(0.,8.53702498020082E-17,-1.));
#2002=DIRECTION('',(1.,0.,0.));
#2003=DIRECTION('',(0.,-8.53702498020082E-17,1.));
#2004=DIRECTION('',(-1.,0.,0.));
#2005=DIRECTION('',(0.,8.53702498020082E-17,-1.));
#2006=DIRECTION('',(1.,0.,0.));
#2007=DIRECTION('',(0.,-8.53702498020082E-17,1.));
#2008=DIRECTION('',(-1.,0.,0.));
#2009=DIRECTION('',(0.,8.53702498020082E-17,-1.));
#2010=DIRECTION('',(-1.,0.,0.));
#2011=DIRECTION('',(0.447213595499958,7.63574727253713E-17,-0.894427190999916));
#2012=DIRECTION('',(0.,8.53702498020082E-17,-1.));
#2013=DIRECTION('',(0.447213595499958,7.63574727253713E-17,0.894427190999916));
#2014=DIRECTION('',(-1.,0.,0.));
#2015=DIRECTION('',(0.447213595499958,-7.63574727253713E-17,-0.894427190999916));
#2016=DIRECTION('',(0.447213595499958,7.63574727253713E-17,0.894427190999916));
#2017=DIRECTION('',(-1.,0.,0.));
#2018=DIRECTION('',(0.447213595499958,-7.63574727253713E-17,-0.894427190999916));
#2019=DIRECTION('',(0.447213595499958,7.63574727253713E-17,0.894427190999916));
#2020=DIRECTION('',(-1.,0.,0.));
#2021=DIRECTION('',(0.447213595499958,-7.63574727253713E-17,-0.894427190999916));
#2022=DIRECTION('',(0.447213595499958,7.63574727253713E-17,0.894427190999916));
#2023=DIRECTION('',(-1.,0.,0.));
#2024=DIRECTION('',(0.447213595499958,-7.63574727253713E-17,-0.894427190999916));
#2025=DIRECTION('',(0.,8.53702498020082E-17,-1.));
#2026=DIRECTION('',(0.447213595499958,-7.63574727253713E-17,0.894427190999916));
#2027=DIRECTION('',(-1.,0.,0.));
#2028=DIRECTION('',(0.447213595499958,7.63574727253713E-17,-0.894427190999916));
#2029=DIRECTION('',(0.447213595499958,-7.63574727253713E-17,0.894427190999916));
#2030=DIRECTION('',(-1.,0.,0.));
#2031=DIRECTION('',(0.447213595499958,7.63574727253713E-17,-0.894427190999916));
#2032=DIRECTION('',(0.447213595499958,-7.63574727253713E-17,0.894427190999916));
#2033=DIRECTION('',(-1.,0.,0.));
#2034=DIRECTION('',(0.447213595499958,7.63574727253713E-17,-0.894427190999916));
#2035=DIRECTION('',(0.447213595499958,-7.63574727253713E-17,0.894427190999916));
#2036=DIRECTION('',(1.,0.,0.));
#2037=DIRECTION('',(0.,-8.53702498020082E-17,1.));
#2038=DIRECTION('',(-1.,0.,0.));
#2039=DIRECTION('',(0.,8.53702498020082E-17,-1.));
#2040=DIRECTION('',(1.,0.,0.));
#2041=DIRECTION('',(0.,-8.53702498020082E-17,1.));
#2042=DIRECTION('',(-1.,0.,0.));
#2043=DIRECTION('',(0.,8.53702498020082E-17,-1.));
#2044=DIRECTION('',(1.,0.,0.));
#2045=DIRECTION('',(0.,-8.53702498020082E-17,1.));
#2046=DIRECTION('',(-1.,0.,0.));
#2047=DIRECTION('',(0.,8.53702498020082E-17,-1.));
#2048=DIRECTION('',(1.,0.,0.));
#2049=DIRECTION('',(0.,-8.53702498020082E-17,1.));
#2050=DIRECTION('',(-1.,0.,0.));
#2051=DIRECTION('',(0.,8.53702498020082E-17,-1.));
#2052=DIRECTION('',(0.,-1.,-1.72486709259058E-16));
#2053=DIRECTION('',(0.,1.72486709259058E-16,-1.));
#2054=DIRECTION('',(1.,0.,0.));
#2055=DIRECTION('',(0.,1.72486709259058E-16,-1.));
#2056=DIRECTION('',(-1.,0.,0.));
#2057=DIRECTION('',(0.,-1.72486709259058E-16,1.));
#2058=DIRECTION('',(1.,0.,0.));
#2059=DIRECTION('',(0.,1.72486709259058E-16,-1.));
#2060=DIRECTION('',(-1.,0.,0.));
#2061=DIRECTION('',(0.,-1.72486709259058E-16,1.));
#2062=DIRECTION('',(1.,0.,0.));
#2063=DIRECTION('',(0.,1.72486709259058E-16,-1.));
#2064=DIRECTION('',(-1.,0.,0.));
#2065=DIRECTION('',(0.,-1.72486709259058E-16,1.));
#2066=DIRECTION('',(1.,0.,0.));
#2067=DIRECTION('',(0.,1.72486709259058E-16,-1.));
#2068=DIRECTION('',(-1.,0.,0.));
#2069=DIRECTION('',(0.,-1.72486709259058E-16,1.));
#2070=DIRECTION('',(1.,0.,0.));
#2071=DIRECTION('',(0.447213595499958,-1.54276802847398E-16,0.894427190999916));
#2072=DIRECTION('',(0.,-1.72486709259058E-16,1.));
#2073=DIRECTION('',(-0.447213595499958,-1.54276802847398E-16,0.894427190999916));
#2074=DIRECTION('',(1.,0.,0.));
#2075=DIRECTION('',(-0.447213595499958,1.54276802847398E-16,-0.894427190999916));
#2076=DIRECTION('',(-0.447213595499958,-1.54276802847398E-16,0.894427190999916));
#2077=DIRECTION('',(1.,0.,0.));
#2078=DIRECTION('',(-0.447213595499958,1.54276802847398E-16,-0.894427190999916));
#2079=DIRECTION('',(-0.447213595499958,-1.54276802847398E-16,0.894427190999916));
#2080=DIRECTION('',(1.,0.,0.));
#2081=DIRECTION('',(-0.447213595499958,1.54276802847398E-16,-0.894427190999916));
#2082=DIRECTION('',(-0.447213595499958,-1.54276802847398E-16,0.894427190999916));
#2083=DIRECTION('',(1.,0.,0.));
#2084=DIRECTION('',(-0.447213595499958,1.54276802847398E-16,-0.894427190999916));
#2085=DIRECTION('',(0.,1.72486709259058E-16,-1.));
#2086=DIRECTION('',(0.447213595499958,1.54276802847398E-16,-0.894427190999916));
#2087=DIRECTION('',(1.,0.,0.));
#2088=DIRECTION('',(0.447213595499958,-1.54276802847398E-16,0.894427190999916));
#2089=DIRECTION('',(0.447213595499958,1.54276802847398E-16,-0.894427190999916));
#2090=DIRECTION('',(1.,0.,0.));
#2091=DIRECTION('',(0.447213595499958,-1.54276802847398E-16,0.894427190999916));
#2092=DIRECTION('',(0.447213595499958,1.54276802847398E-16,-0.894427190999916));
#2093=DIRECTION('',(1.,0.,0.));
#2094=DIRECTION('',(0.447213595499958,-1.54276802847398E-16,0.894427190999916));
#2095=DIRECTION('',(0.447213595499958,1.54276802847398E-16,-0.894427190999916));
#2096=DIRECTION('',(1.,0.,0.));
#2097=DIRECTION('',(0.,1.72486709259058E-16,-1.));
#2098=DIRECTION('',(-1.,0.,0.));
#2099=DIRECTION('',(0.,-1.72486709259058E-16,1.));
#2100=DIRECTION('',(1.,0.,0.));
#2101=DIRECTION('',(0.,1.72486709259058E-16,-1.));
#2102=DIRECTION('',(-1.,0.,0.));
#2103=DIRECTION('',(0.,-1.72486709259058E-16,1.));
#2104=DIRECTION('',(1.,0.,0.));
#2105=DIRECTION('',(0.,1.72486709259058E-16,-1.));
#2106=DIRECTION('',(-1.,0.,0.));
#2107=DIRECTION('',(0.,-1.72486709259058E-16,1.));
#2108=DIRECTION('',(1.,0.,0.));
#2109=DIRECTION('',(0.,1.72486709259058E-16,-1.));
#2110=DIRECTION('',(-1.,0.,0.));
#2111=DIRECTION('',(0.,-1.72486709259058E-16,1.));
#2112=DIRECTION('',(0.,-1.,-8.53702498020082E-17));
#2113=DIRECTION('',(0.,8.53702498020082E-17,-1.));
#2114=DIRECTION('',(-0.447213595499958,7.63574727253713E-17,-0.894427190999916));
#2115=DIRECTION('',(1.,0.,0.));
#2116=DIRECTION('',(-0.447213595499958,-7.63574727253713E-17,0.894427190999916));
#2117=DIRECTION('',(-1.,0.,0.));
#2118=DIRECTION('',(0.,-1.,-8.53702498020082E-17));
#2119=DIRECTION('',(0.,8.53702498020082E-17,-1.));
#2120=DIRECTION('',(-0.447213595499958,7.63574727253713E-17,-0.894427190999916));
#2121=DIRECTION('',(1.,0.,0.));
#2122=DIRECTION('',(-0.447213595499958,-7.63574727253713E-17,0.894427190999916));
#2123=DIRECTION('',(-1.,0.,0.));
#2124=DIRECTION('',(0.,-1.,-8.53702498020082E-17));
#2125=DIRECTION('',(0.,8.53702498020082E-17,-1.));
#2126=DIRECTION('',(-0.447213595499958,7.63574727253713E-17,-0.894427190999916));
#2127=DIRECTION('',(1.,0.,0.));
#2128=DIRECTION('',(-0.447213595499958,-7.63574727253713E-17,0.894427190999916));
#2129=DIRECTION('',(-1.,0.,0.));
#2130=DIRECTION('',(0.,-1.,-8.53702498020082E-17));
#2131=DIRECTION('',(0.,8.53702498020082E-17,-1.));
#2132=DIRECTION('',(-0.447213595499958,7.63574727253713E-17,-0.894427190999916));
#2133=DIRECTION('',(1.,0.,0.));
#2134=DIRECTION('',(-0.447213595499958,-7.63574727253713E-17,0.894427190999916));
#2135=DIRECTION('',(-1.,0.,0.));
#2136=DIRECTION('',(0.,-1.,-8.53702498020082E-17));
#2137=DIRECTION('',(0.,8.53702498020082E-17,-1.));
#2138=DIRECTION('',(-0.447213595499958,-7.63574727253713E-17,-0.894427190999916));
#2139=DIRECTION('',(1.,0.,0.));
#2140=DIRECTION('',(-0.447213595499958,7.63574727253713E-17,0.894427190999916));
#2141=DIRECTION('',(-1.,0.,0.));
#2142=DIRECTION('',(0.,-1.,-8.53702498020082E-17));
#2143=DIRECTION('',(0.,8.53702498020082E-17,-1.));
#2144=DIRECTION('',(-0.447213595499958,-7.63574727253713E-17,-0.894427190999916));
#2145=DIRECTION('',(1.,0.,0.));
#2146=DIRECTION('',(-0.447213595499958,7.63574727253713E-17,0.894427190999916));
#2147=DIRECTION('',(-1.,0.,0.));
#2148=DIRECTION('',(0.,-1.,-8.53702498020082E-17));
#2149=DIRECTION('',(0.,8.53702498020082E-17,-1.));
#2150=DIRECTION('',(-0.447213595499958,-7.63574727253713E-17,-0.894427190999916));
#2151=DIRECTION('',(1.,0.,0.));
#2152=DIRECTION('',(-0.447213595499958,7.63574727253713E-17,0.894427190999916));
#2153=DIRECTION('',(-1.,0.,0.));
#2154=DIRECTION('',(0.,-1.,-8.53702498020082E-17));
#2155=DIRECTION('',(0.,8.53702498020082E-17,-1.));
#2156=DIRECTION('',(-0.447213595499958,-7.63574727253713E-17,-0.894427190999916));
#2157=DIRECTION('',(1.,0.,0.));
#2158=DIRECTION('',(-0.447213595499958,7.63574727253713E-17,0.894427190999916));
#2159=DIRECTION('',(-1.,0.,0.));
#2160=DIRECTION('',(-1.,0.,0.));
#2161=DIRECTION('',(0.,0.,1.));
#2162=DIRECTION('',(0.,1.,-8.53702498020082E-17));
#2163=DIRECTION('',(0.,1.,8.53702498020082E-17));
#2164=DIRECTION('',(-1.,0.,0.));
#2165=DIRECTION('',(0.,0.,1.));
#2166=DIRECTION('',(0.,1.,-8.53702498020082E-17));
#2167=DIRECTION('',(0.,1.,8.53702498020082E-17));
#2168=DIRECTION('',(-0.894427190999916,-3.81787363626856E-17,0.447213595499958));
#2169=DIRECTION('',(0.447213595499958,0.,0.894427190999916));
#2170=DIRECTION('',(5.37834951422887E-16,-1.,9.90299653043766E-16));
#2171=DIRECTION('',(0.,1.,8.53702498020082E-17));
#2172=DIRECTION('',(0.894427190999916,-3.81787363626856E-17,0.447213595499958));
#2173=DIRECTION('',(0.447213595499958,0.,-0.894427190999916));
#2174=DIRECTION('',(5.37834951422887E-16,1.,-9.90299653043766E-16));
#2175=DIRECTION('',(0.,1.,8.53702498020082E-17));
#2176=DIRECTION('',(-1.28055374703012E-16,1.,3.41480999208033E-16));
#2177=DIRECTION('',(-0.894427190999916,-3.81787363626856E-17,0.447213595499958));
#2178=DIRECTION('',(0.447213595499958,0.,0.894427190999916));
#2179=DIRECTION('',(5.37834951422887E-16,-1.,9.90299653043766E-16));
#2180=DIRECTION('',(-1.28055374703012E-16,-1.,-3.41480999208033E-16));
#2181=DIRECTION('',(0.894427190999916,-3.81787363626856E-17,0.447213595499958));
#2182=DIRECTION('',(0.447213595499958,0.,-0.894427190999916));
#2183=DIRECTION('',(5.37834951422887E-16,1.,-9.90299653043766E-16));
#2184=DIRECTION('',(0.,1.,8.53702498020082E-17));
#2185=DIRECTION('',(-1.28055374703012E-16,1.,3.41480999208033E-16));
#2186=DIRECTION('',(-0.894427190999916,-3.81787363626856E-17,0.447213595499958));
#2187=DIRECTION('',(0.447213595499958,0.,0.894427190999916));
#2188=DIRECTION('',(5.37834951422887E-16,-1.,9.90299653043766E-16));
#2189=DIRECTION('',(-1.28055374703012E-16,-1.,-3.41480999208033E-16));
#2190=DIRECTION('',(0.894427190999916,-3.81787363626856E-17,0.447213595499958));
#2191=DIRECTION('',(0.447213595499958,0.,-0.894427190999916));
#2192=DIRECTION('',(5.37834951422887E-16,1.,-9.90299653043766E-16));
#2193=DIRECTION('',(0.,1.,8.53702498020082E-17));
#2194=DIRECTION('',(-1.28055374703012E-16,1.,3.41480999208033E-16));
#2195=DIRECTION('',(-0.894427190999916,-3.81787363626856E-17,0.447213595499958));
#2196=DIRECTION('',(0.447213595499958,0.,0.894427190999916));
#2197=DIRECTION('',(5.37834951422887E-16,-1.,9.90299653043766E-16));
#2198=DIRECTION('',(-1.28055374703012E-16,-1.,-3.41480999208033E-16));
#2199=DIRECTION('',(0.894427190999916,-3.81787363626856E-17,0.447213595499958));
#2200=DIRECTION('',(0.447213595499958,0.,-0.894427190999916));
#2201=DIRECTION('',(5.37834951422887E-16,1.,-9.90299653043766E-16));
#2202=DIRECTION('',(0.,1.,8.53702498020082E-17));
#2203=DIRECTION('',(-0.894427190999916,-3.81787363626856E-17,-0.447213595499958));
#2204=DIRECTION('',(0.447213595499958,0.,-0.894427190999916));
#2205=DIRECTION('',(-5.37834951422887E-16,1.,9.90299653043766E-16));
#2206=DIRECTION('',(0.,1.,-8.53702498020082E-17));
#2207=DIRECTION('',(0.894427190999916,-3.81787363626856E-17,-0.447213595499958));
#2208=DIRECTION('',(0.447213595499958,0.,0.894427190999916));
#2209=DIRECTION('',(0.,1.,-8.53702498020082E-17));
#2210=DIRECTION('',(-5.37834951422887E-16,-1.,-9.90299653043766E-16));
#2211=DIRECTION('',(-1.28055374703012E-16,1.,-3.41480999208033E-16));
#2212=DIRECTION('',(-0.894427190999916,-3.81787363626856E-17,-0.447213595499958));
#2213=DIRECTION('',(0.447213595499958,0.,-0.894427190999916));
#2214=DIRECTION('',(-5.37834951422887E-16,1.,9.90299653043766E-16));
#2215=DIRECTION('',(-1.28055374703012E-16,-1.,3.41480999208033E-16));
#2216=DIRECTION('',(0.894427190999916,-3.81787363626856E-17,-0.447213595499958));
#2217=DIRECTION('',(0.447213595499958,0.,0.894427190999916));
#2218=DIRECTION('',(0.,1.,-8.53702498020082E-17));
#2219=DIRECTION('',(-5.37834951422887E-16,-1.,-9.90299653043766E-16));
#2220=DIRECTION('',(-1.28055374703012E-16,1.,-3.41480999208033E-16));
#2221=DIRECTION('',(-0.894427190999916,-3.81787363626856E-17,-0.447213595499958));
#2222=DIRECTION('',(0.447213595499958,0.,-0.894427190999916));
#2223=DIRECTION('',(-5.37834951422887E-16,1.,9.90299653043766E-16));
#2224=DIRECTION('',(-1.28055374703012E-16,-1.,3.41480999208033E-16));
#2225=DIRECTION('',(0.894427190999916,-3.81787363626856E-17,-0.447213595499958));
#2226=DIRECTION('',(0.447213595499958,0.,0.894427190999916));
#2227=DIRECTION('',(0.,1.,-8.53702498020082E-17));
#2228=DIRECTION('',(-5.37834951422887E-16,-1.,-9.90299653043766E-16));
#2229=DIRECTION('',(-1.28055374703012E-16,1.,-3.41480999208033E-16));
#2230=DIRECTION('',(-0.894427190999916,-3.81787363626856E-17,-0.447213595499958));
#2231=DIRECTION('',(0.447213595499958,0.,-0.894427190999916));
#2232=DIRECTION('',(-5.37834951422887E-16,1.,9.90299653043766E-16));
#2233=DIRECTION('',(-1.28055374703012E-16,-1.,3.41480999208033E-16));
#2234=DIRECTION('',(0.894427190999916,-3.81787363626856E-17,-0.447213595499958));
#2235=DIRECTION('',(0.447213595499958,0.,0.894427190999916));
#2236=DIRECTION('',(-5.37834951422887E-16,-1.,-9.90299653043766E-16));
#2237=DIRECTION('',(0.,1.,-8.53702498020082E-17));
#2238=DIRECTION('',(0.,-3.41480999208033E-16,1.));
#2239=DIRECTION('',(0.,-1.,-3.41480999208033E-16));
#2240=DIRECTION('',(0.,-3.41480999208033E-16,1.));
#2241=DIRECTION('',(0.,-1.,-3.41480999208033E-16));
#2242=DIRECTION('',(0.,-3.41480999208033E-16,1.));
#2243=DIRECTION('',(0.,-1.,-3.41480999208033E-16));
#2244=DIRECTION('',(0.,-3.41480999208033E-16,1.));
#2245=DIRECTION('',(0.,-1.,-3.41480999208033E-16));
#2246=DIRECTION('',(0.,-3.41480999208033E-16,-1.));
#2247=DIRECTION('',(0.,-1.,3.41480999208033E-16));
#2248=DIRECTION('',(0.,-3.41480999208033E-16,-1.));
#2249=DIRECTION('',(0.,-1.,3.41480999208033E-16));
#2250=DIRECTION('',(0.,-3.41480999208033E-16,-1.));
#2251=DIRECTION('',(0.,-1.,3.41480999208033E-16));
#2252=DIRECTION('',(0.,-3.41480999208033E-16,-1.));
#2253=DIRECTION('',(0.,-1.,3.41480999208033E-16));
#2254=DIRECTION('',(0.,-9.90299653043766E-16,-1.));
#2255=DIRECTION('',(0.,1.,-9.90299653043766E-16));
#2256=DIRECTION('',(0.,-9.90299653043766E-16,-1.));
#2257=DIRECTION('',(0.,1.,-9.90299653043766E-16));
#2258=DIRECTION('',(0.,-9.90299653043766E-16,-1.));
#2259=DIRECTION('',(0.,1.,-9.90299653043766E-16));
#2260=DIRECTION('',(0.,-9.90299653043766E-16,-1.));
#2261=DIRECTION('',(0.,1.,-9.90299653043766E-16));
#2262=DIRECTION('',(0.,-9.90299653043766E-16,1.));
#2263=DIRECTION('',(0.,-1.,-9.90299653043766E-16));
#2264=DIRECTION('',(0.,-9.90299653043766E-16,1.));
#2265=DIRECTION('',(0.,-1.,-9.90299653043766E-16));
#2266=DIRECTION('',(0.,-9.90299653043766E-16,1.));
#2267=DIRECTION('',(0.,-1.,-9.90299653043766E-16));
#2268=DIRECTION('',(0.,-9.90299653043766E-16,1.));
#2269=DIRECTION('',(0.,-1.,-9.90299653043766E-16));
#2270=DIRECTION('',(-1.,0.,0.));
#2271=DIRECTION('',(0.,0.,1.));
#2272=DIRECTION('',(0.,1.,8.53702498020082E-17));
#2273=DIRECTION('',(0.,1.,8.53702498020082E-17));
#2274=DIRECTION('',(0.,8.53702498020082E-17,-1.));
#2275=DIRECTION('',(0.,1.,8.53702498020082E-17));
#2276=DIRECTION('',(0.,1.,8.53702498020082E-17));
#2277=DIRECTION('',(1.,0.,0.));
#2278=DIRECTION('',(0.,0.,-1.));
#2279=DIRECTION('',(0.,1.,8.53702498020082E-17));
#2280=DIRECTION('',(0.,-8.53702498020082E-17,1.));
#2281=DIRECTION('',(0.,-1.,-8.53702498020082E-17));
#2282=DIRECTION('',(-1.,0.,0.));
#2283=DIRECTION('',(0.,0.,1.));
#2284=DIRECTION('',(0.,1.,8.53702498020082E-17));
#2285=DIRECTION('',(0.,1.,8.53702498020082E-17));
#2286=DIRECTION('',(0.,8.53702498020082E-17,-1.));
#2287=DIRECTION('',(0.,1.,8.53702498020082E-17));
#2288=DIRECTION('',(0.,1.,8.53702498020082E-17));
#2289=DIRECTION('',(1.,0.,0.));
#2290=DIRECTION('',(0.,0.,-1.));
#2291=DIRECTION('',(0.,1.,8.53702498020082E-17));
#2292=DIRECTION('',(0.,-8.53702498020082E-17,1.));
#2293=DIRECTION('',(0.,-1.,-8.53702498020082E-17));
#2294=DIRECTION('',(-1.,0.,0.));
#2295=DIRECTION('',(0.,0.,1.));
#2296=DIRECTION('',(0.,1.,8.53702498020082E-17));
#2297=DIRECTION('',(0.,1.,8.53702498020082E-17));
#2298=DIRECTION('',(0.,8.53702498020082E-17,-1.));
#2299=DIRECTION('',(0.,1.,8.53702498020082E-17));
#2300=DIRECTION('',(0.,1.,8.53702498020082E-17));
#2301=DIRECTION('',(1.,0.,0.));
#2302=DIRECTION('',(0.,0.,-1.));
#2303=DIRECTION('',(0.,1.,8.53702498020082E-17));
#2304=DIRECTION('',(0.,-8.53702498020082E-17,1.));
#2305=DIRECTION('',(0.,-1.,-8.53702498020082E-17));
#2306=DIRECTION('',(-1.,0.,0.));
#2307=DIRECTION('',(0.,0.,1.));
#2308=DIRECTION('',(0.,1.,8.53702498020082E-17));
#2309=DIRECTION('',(0.,1.,8.53702498020082E-17));
#2310=DIRECTION('',(0.,8.53702498020082E-17,-1.));
#2311=DIRECTION('',(0.,1.,8.53702498020082E-17));
#2312=DIRECTION('',(0.,1.,8.53702498020082E-17));
#2313=DIRECTION('',(1.,0.,0.));
#2314=DIRECTION('',(0.,0.,-1.));
#2315=DIRECTION('',(0.,1.,8.53702498020082E-17));
#2316=DIRECTION('',(0.,-8.53702498020082E-17,1.));
#2317=DIRECTION('',(0.,-1.,-8.53702498020082E-17));
#2318=DIRECTION('',(-1.,0.,0.));
#2319=DIRECTION('',(0.,0.,1.));
#2320=DIRECTION('',(0.,1.,8.53702498020082E-17));
#2321=DIRECTION('',(0.,1.,8.53702498020082E-17));
#2322=DIRECTION('',(0.,8.53702498020082E-17,-1.));
#2323=DIRECTION('',(0.,1.,8.53702498020082E-17));
#2324=DIRECTION('',(0.,1.,8.53702498020082E-17));
#2325=DIRECTION('',(1.,0.,0.));
#2326=DIRECTION('',(0.,0.,-1.));
#2327=DIRECTION('',(0.,1.,8.53702498020082E-17));
#2328=DIRECTION('',(0.,-8.53702498020082E-17,1.));
#2329=DIRECTION('',(0.,-1.,-8.53702498020082E-17));
#2330=DIRECTION('',(-1.,0.,0.));
#2331=DIRECTION('',(0.,0.,1.));
#2332=DIRECTION('',(0.,1.,8.53702498020082E-17));
#2333=DIRECTION('',(0.,1.,8.53702498020082E-17));
#2334=DIRECTION('',(0.,8.53702498020082E-17,-1.));
#2335=DIRECTION('',(0.,1.,8.53702498020082E-17));
#2336=DIRECTION('',(0.,1.,8.53702498020082E-17));
#2337=DIRECTION('',(1.,0.,0.));
#2338=DIRECTION('',(0.,0.,-1.));
#2339=DIRECTION('',(0.,1.,8.53702498020082E-17));
#2340=DIRECTION('',(0.,-8.53702498020082E-17,1.));
#2341=DIRECTION('',(0.,-1.,-8.53702498020082E-17));
#2342=DIRECTION('',(-1.,0.,0.));
#2343=DIRECTION('',(0.,0.,1.));
#2344=DIRECTION('',(0.,1.,8.53702498020082E-17));
#2345=DIRECTION('',(0.,1.,8.53702498020082E-17));
#2346=DIRECTION('',(0.,8.53702498020082E-17,-1.));
#2347=DIRECTION('',(0.,1.,8.53702498020082E-17));
#2348=DIRECTION('',(0.,1.,8.53702498020082E-17));
#2349=DIRECTION('',(1.,0.,0.));
#2350=DIRECTION('',(0.,0.,-1.));
#2351=DIRECTION('',(0.,1.,8.53702498020082E-17));
#2352=DIRECTION('',(0.,-8.53702498020082E-17,1.));
#2353=DIRECTION('',(0.,-1.,-8.53702498020082E-17));
#2354=DIRECTION('',(-1.,0.,0.));
#2355=DIRECTION('',(0.,0.,1.));
#2356=DIRECTION('',(0.,1.,8.53702498020082E-17));
#2357=DIRECTION('',(0.,1.,8.53702498020082E-17));
#2358=DIRECTION('',(0.,8.53702498020082E-17,-1.));
#2359=DIRECTION('',(0.,1.,8.53702498020082E-17));
#2360=DIRECTION('',(0.,1.,8.53702498020082E-17));
#2361=DIRECTION('',(1.,0.,0.));
#2362=DIRECTION('',(0.,0.,-1.));
#2363=DIRECTION('',(0.,1.,8.53702498020082E-17));
#2364=DIRECTION('',(0.,-8.53702498020082E-17,1.));
#2365=DIRECTION('',(0.,-1.,-8.53702498020082E-17));
#2366=DIRECTION('',(0.,0.,1.));
#2367=DIRECTION('',(1.,0.,0.));
#2368=DIRECTION('',(0.,0.,-1.));
#2369=DIRECTION('',(-1.,0.,0.));
#2370=DIRECTION('',(0.,1.,0.));
#2371=DIRECTION('',(-1.,0.,0.));
#2372=DIRECTION('',(0.,-1.,0.));
#2373=DIRECTION('',(1.,0.,0.));
#2374=DIRECTION('',(1.,0.,-7.51613291151129E-17));
#2375=DIRECTION('',(-7.51613291151129E-17,0.,-1.));
#2376=DIRECTION('',(-7.51613291151129E-17,0.,-1.));
#2377=DIRECTION('',(0.,-1.,0.));
#2378=DIRECTION('',(-7.51613291151129E-17,0.,-1.));
#2379=DIRECTION('',(0.,1.,0.));
#2380=DIRECTION('',(-8.13151629364136E-15,0.,1.));
#2381=DIRECTION('',(1.,0.,8.13151629364136E-15));
#2382=DIRECTION('',(0.,-1.,0.));
#2383=DIRECTION('',(-1.,0.,-8.13151629364136E-15));
#2384=DIRECTION('',(0.,1.,0.));
#2385=DIRECTION('',(1.,0.,8.13151629364136E-15));
#2386=DIRECTION('',(-1.,0.,0.));
#2387=DIRECTION('',(0.,0.,1.));
#2388=DIRECTION('',(0.,0.,1.));
#2389=DIRECTION('',(0.,1.,0.));
#2390=DIRECTION('',(0.,0.,1.));
#2391=DIRECTION('',(0.,-1.,0.));
#2392=DIRECTION('',(0.,-1.,0.));
#2393=DIRECTION('',(0.,0.,-1.));
#2394=DIRECTION('',(1.,0.,8.13151629364136E-15));
#2395=DIRECTION('',(-1.,0.,0.));
#2396=DIRECTION('',(0.,-1.,0.));
#2397=DIRECTION('',(0.,0.,-1.));
#2398=DIRECTION('',(-1.,0.,-8.13151629364136E-15));
#2399=DIRECTION('',(1.,0.,0.));
#2400=DIRECTION('',(-5.74985031256271E-15,-0.707106781186547,0.707106781186548));
#2401=DIRECTION('',(1.,0.,8.13151629364136E-15));
#2402=DIRECTION('',(0.577350269189625,0.577350269189625,0.577350269189628));
#2403=DIRECTION('',(-0.577350269189626,0.577350269189629,0.577350269189623));
#2404=DIRECTION('',(0.707106781186546,0.,0.707106781186549));
#2405=DIRECTION('',(0.,1.,0.));
#2406=DIRECTION('',(0.577350269189626,0.577350269189629,-0.577350269189623));
#2407=DIRECTION('',(-0.70710678118655,0.,0.707106781186545));
#2408=DIRECTION('',(0.,1.,0.));
#2409=DIRECTION('',(0.577350269189624,-0.577350269189625,0.577350269189628));
#2410=DIRECTION('',(5.74985031256271E-15,-0.707106781186547,-0.707106781186548));
#2411=DIRECTION('',(-1.,0.,-8.13151629364136E-15));
#2412=DIRECTION('',(0.,-0.707106781186547,0.707106781186548));
#2413=DIRECTION('',(1.,0.,0.));
#2414=DIRECTION('',(0.577350269189626,0.577350269189626,0.577350269189625));
#2415=DIRECTION('',(-0.577350269189621,0.577350269189629,0.577350269189628));
#2416=DIRECTION('',(-0.707106781186552,0.,-0.707106781186543));
#2417=DIRECTION('',(0.,1.,0.));
#2418=DIRECTION('',(-0.577350269189621,-0.577350269189629,0.577350269189628));
#2419=DIRECTION('',(0.707106781186547,0.,-0.707106781186548));
#2420=DIRECTION('',(0.,1.,0.));
#2421=DIRECTION('',(-0.577350269189626,0.577350269189626,-0.577350269189625));
#2422=DIRECTION('',(0.,-0.707106781186547,-0.707106781186548));
#2423=DIRECTION('',(-1.,0.,0.));
#2424=DIRECTION('',(3.88578058618805E-16,-1.,-2.22044604925031E-16));
#2425=DIRECTION('',(1.,3.88578058618805E-16,-2.77555756156289E-16));
#2426=DIRECTION('',(3.88578058618805E-16,-1.,-2.22044604925031E-16));
#2427=DIRECTION('',(1.,3.88578058618805E-16,-2.77555756156289E-16));
#2428=DIRECTION('',(3.88578058618805E-16,-1.,-2.22044604925031E-16));
#2429=DIRECTION('',(1.,3.88578058618805E-16,-2.77555756156289E-16));
#2430=DIRECTION('',(3.88578058618805E-16,-1.,-2.22044604925031E-16));
#2431=DIRECTION('',(1.,3.88578058618805E-16,-2.77555756156289E-16));
#2432=DIRECTION('',(3.88578058618805E-16,-1.,-2.22044604925031E-16));
#2433=DIRECTION('',(1.,3.88578058618805E-16,-2.77555756156289E-16));
#2434=DIRECTION('',(3.88578058618805E-16,-1.,-2.22044604925031E-16));
#2435=DIRECTION('',(1.,3.88578058618805E-16,-2.77555756156289E-16));
#2436=DIRECTION('',(3.88578058618805E-16,-1.,-2.22044604925031E-16));
#2437=DIRECTION('',(1.,3.88578058618805E-16,-2.77555756156289E-16));
#2438=DIRECTION('',(3.88578058618805E-16,-1.,-2.22044604925031E-16));
#2439=DIRECTION('',(1.,3.88578058618805E-16,-2.77555756156289E-16));
#2440=CARTESIAN_POINT('',(0.,0.,0.));
#2441=CARTESIAN_POINT('',(5.08,1.27,1.27));
#2442=CARTESIAN_POINT('',(3.49,1.27,-0.319999999999998));
#2443=CARTESIAN_POINT('',(3.49,1.27,-0.319999999999998));
#2444=CARTESIAN_POINT('',(4.13,1.27,-0.319999999999998));
#2445=CARTESIAN_POINT('',(4.13,1.27,-0.319999999999998));
#2446=CARTESIAN_POINT('',(4.13,1.27,0.320000000000005));
#2447=CARTESIAN_POINT('',(4.13,1.27,0.320000000000005));
#2448=CARTESIAN_POINT('',(3.49,1.27,0.320000000000005));
#2449=CARTESIAN_POINT('',(3.49,1.27,0.320000000000005));
#2450=CARTESIAN_POINT('',(0.949999999999999,1.27,-0.319999999999998));
#2451=CARTESIAN_POINT('',(0.949999999999999,1.27,-0.319999999999998));
#2452=CARTESIAN_POINT('',(1.59,1.27,-0.319999999999998));
#2453=CARTESIAN_POINT('',(1.59,1.27,-0.319999999999998));
#2454=CARTESIAN_POINT('',(1.59,1.27,0.320000000000005));
#2455=CARTESIAN_POINT('',(1.59,1.27,0.320000000000005));
#2456=CARTESIAN_POINT('',(0.949999999999999,1.27,0.320000000000005));
#2457=CARTESIAN_POINT('',(0.949999999999999,1.27,0.320000000000005));
#2458=CARTESIAN_POINT('',(-1.59,1.27,-0.319999999999998));
#2459=CARTESIAN_POINT('',(-1.59,1.27,-0.319999999999998));
#2460=CARTESIAN_POINT('',(-0.950000000000001,1.27,-0.319999999999998));
#2461=CARTESIAN_POINT('',(-0.950000000000001,1.27,-0.319999999999998));
#2462=CARTESIAN_POINT('',(-0.95,1.27,0.320000000000005));
#2463=CARTESIAN_POINT('',(-0.950000000000001,1.27,0.320000000000005));
#2464=CARTESIAN_POINT('',(-1.59,1.27,0.320000000000005));
#2465=CARTESIAN_POINT('',(-1.59,1.27,0.320000000000005));
#2466=CARTESIAN_POINT('',(-4.13,1.27,-0.319999999999998));
#2467=CARTESIAN_POINT('',(-4.13,1.27,-0.319999999999998));
#2468=CARTESIAN_POINT('',(-3.49,1.27,-0.319999999999998));
#2469=CARTESIAN_POINT('',(-3.49,1.27,-0.319999999999998));
#2470=CARTESIAN_POINT('',(-3.49,1.27,0.320000000000005));
#2471=CARTESIAN_POINT('',(-3.49,1.27,0.320000000000005));
#2472=CARTESIAN_POINT('',(-4.13,1.27,0.320000000000005));
#2473=CARTESIAN_POINT('',(-4.13,1.27,0.320000000000005));
#2474=CARTESIAN_POINT('',(5.08,1.27,1.27));
#2475=CARTESIAN_POINT('',(4.83,1.27,1.27));
#2476=CARTESIAN_POINT('',(2.79,1.27,1.27));
#2477=CARTESIAN_POINT('',(4.83,1.27,1.27));
#2478=CARTESIAN_POINT('',(5.08,1.27,0.770000000000001));
#2479=CARTESIAN_POINT('',(5.08,1.27,1.27));
#2480=CARTESIAN_POINT('',(5.08,1.27,-3.31));
#2481=CARTESIAN_POINT('',(4.83,1.27,-3.81));
#2482=CARTESIAN_POINT('',(4.83,1.27,-3.81));
#2483=CARTESIAN_POINT('',(5.08,1.27,-3.81));
#2484=CARTESIAN_POINT('',(2.79,1.27,-3.81));
#2485=CARTESIAN_POINT('',(2.54,1.27,-3.31));
#2486=CARTESIAN_POINT('',(2.54,1.27,-3.31));
#2487=CARTESIAN_POINT('',(2.29,1.27,-3.81));
#2488=CARTESIAN_POINT('',(2.29,1.27,-3.81));
#2489=CARTESIAN_POINT('',(5.08,1.27,-3.81));
#2490=CARTESIAN_POINT('',(0.250000000000001,1.27,-3.81));
#2491=CARTESIAN_POINT('',(8.67361737988404E-16,1.27,-3.31));
#2492=CARTESIAN_POINT('',(4.33680868994202E-16,1.27,-3.31));
#2493=CARTESIAN_POINT('',(-0.249999999999999,1.27,-3.81));
#2494=CARTESIAN_POINT('',(-0.249999999999999,1.27,-3.81));
#2495=CARTESIAN_POINT('',(5.08,1.27,-3.81));
#2496=CARTESIAN_POINT('',(-2.29,1.27,-3.81));
#2497=CARTESIAN_POINT('',(-2.54,1.27,-3.31));
#2498=CARTESIAN_POINT('',(-2.54,1.27,-3.31));
#2499=CARTESIAN_POINT('',(-2.79,1.27,-3.81));
#2500=CARTESIAN_POINT('',(-2.79,1.27,-3.81));
#2501=CARTESIAN_POINT('',(5.08,1.27,-3.81));
#2502=CARTESIAN_POINT('',(-4.83,1.27,-3.81));
#2503=CARTESIAN_POINT('',(-5.08,1.27,-3.31));
#2504=CARTESIAN_POINT('',(-5.08,1.27,-3.31));
#2505=CARTESIAN_POINT('',(-5.08,1.27,1.27));
#2506=CARTESIAN_POINT('',(-5.08,1.27,0.770000000000001));
#2507=CARTESIAN_POINT('',(-5.08,1.27,0.770000000000001));
#2508=CARTESIAN_POINT('',(-4.83,1.27,1.27));
#2509=CARTESIAN_POINT('',(5.08,1.27,1.27));
#2510=CARTESIAN_POINT('',(-2.79,1.27,1.27));
#2511=CARTESIAN_POINT('',(-2.79,1.27,1.27));
#2512=CARTESIAN_POINT('',(-2.54,1.27,0.77));
#2513=CARTESIAN_POINT('',(-2.54,1.27,0.770000000000001));
#2514=CARTESIAN_POINT('',(-2.29,1.27,1.27));
#2515=CARTESIAN_POINT('',(5.08,1.27,1.27));
#2516=CARTESIAN_POINT('',(-0.249999999999999,1.27,1.27));
#2517=CARTESIAN_POINT('',(-0.249999999999999,1.27,1.27));
#2518=CARTESIAN_POINT('',(4.33680868994202E-16,1.27,0.77));
#2519=CARTESIAN_POINT('',(8.67361737988404E-16,1.27,0.770000000000001));
#2520=CARTESIAN_POINT('',(0.250000000000001,1.27,1.27));
#2521=CARTESIAN_POINT('',(5.08,1.27,1.27));
#2522=CARTESIAN_POINT('',(2.29,1.27,1.27));
#2523=CARTESIAN_POINT('',(2.29,1.27,1.27));
#2524=CARTESIAN_POINT('',(2.54,1.27,0.77));
#2525=CARTESIAN_POINT('',(2.54,1.27,0.770000000000001));
#2526=CARTESIAN_POINT('',(-4.13,1.27,-2.86));
#2527=CARTESIAN_POINT('',(-4.13,1.27,-2.86));
#2528=CARTESIAN_POINT('',(-3.49,1.27,-2.86));
#2529=CARTESIAN_POINT('',(-3.49,1.27,-2.86));
#2530=CARTESIAN_POINT('',(-3.49,1.27,-2.22));
#2531=CARTESIAN_POINT('',(-3.49,1.27,-2.22));
#2532=CARTESIAN_POINT('',(-4.13,1.27,-2.22));
#2533=CARTESIAN_POINT('',(-4.13,1.27,-2.22));
#2534=CARTESIAN_POINT('',(-1.59,1.27,-2.86));
#2535=CARTESIAN_POINT('',(-1.59,1.27,-2.86));
#2536=CARTESIAN_POINT('',(-0.950000000000001,1.27,-2.86));
#2537=CARTESIAN_POINT('',(-0.950000000000001,1.27,-2.86));
#2538=CARTESIAN_POINT('',(-0.95,1.27,-2.22));
#2539=CARTESIAN_POINT('',(-0.950000000000001,1.27,-2.22));
#2540=CARTESIAN_POINT('',(-1.59,1.27,-2.22));
#2541=CARTESIAN_POINT('',(-1.59,1.27,-2.22));
#2542=CARTESIAN_POINT('',(0.949999999999999,1.27,-2.86));
#2543=CARTESIAN_POINT('',(0.949999999999999,1.27,-2.86));
#2544=CARTESIAN_POINT('',(1.59,1.27,-2.86));
#2545=CARTESIAN_POINT('',(1.59,1.27,-2.86));
#2546=CARTESIAN_POINT('',(1.59,1.27,-2.22));
#2547=CARTESIAN_POINT('',(1.59,1.27,-2.22));
#2548=CARTESIAN_POINT('',(0.949999999999999,1.27,-2.22));
#2549=CARTESIAN_POINT('',(0.949999999999999,1.27,-2.22));
#2550=CARTESIAN_POINT('',(3.49,1.27,-2.86));
#2551=CARTESIAN_POINT('',(3.49,1.27,-2.86));
#2552=CARTESIAN_POINT('',(4.13,1.27,-2.86));
#2553=CARTESIAN_POINT('',(4.13,1.27,-2.86));
#2554=CARTESIAN_POINT('',(4.13,1.27,-2.22));
#2555=CARTESIAN_POINT('',(4.13,1.27,-2.22));
#2556=CARTESIAN_POINT('',(3.49,1.27,-2.22));
#2557=CARTESIAN_POINT('',(3.49,1.27,-2.22));
#2558=CARTESIAN_POINT('',(-6.55974226518784,-0.832071068427371,0.93));
#2559=CARTESIAN_POINT('',(-6.55974226518784,-0.832071068427371,0.320000000000005));
#2560=CARTESIAN_POINT('',(3.49,-0.83207106842737,0.320000000000005));
#2561=CARTESIAN_POINT('',(4.13,-0.832071068427372,0.320000000000005));
#2562=CARTESIAN_POINT('',(4.13,-0.832071068427371,0.93));
#2563=CARTESIAN_POINT('',(4.13,-0.832071068427371,-0.319999999999998));
#2564=CARTESIAN_POINT('',(-6.55974226518784,-0.832071068427371,-0.319999999999998));
#2565=CARTESIAN_POINT('',(3.49,-0.83207106842737,-0.319999999999998));
#2566=CARTESIAN_POINT('',(3.49,-0.832071068427371,0.93));
#2567=CARTESIAN_POINT('',(-6.55974226518784,-0.832071068427371,0.320000000000005));
#2568=CARTESIAN_POINT('',(0.949999999999999,-0.83207106842737,0.320000000000005));
#2569=CARTESIAN_POINT('',(1.59,-0.832071068427372,0.320000000000005));
#2570=CARTESIAN_POINT('',(1.59,-0.832071068427371,0.93));
#2571=CARTESIAN_POINT('',(1.59,-0.832071068427371,-0.319999999999998));
#2572=CARTESIAN_POINT('',(-6.55974226518784,-0.832071068427371,-0.319999999999998));
#2573=CARTESIAN_POINT('',(0.949999999999999,-0.83207106842737,-0.319999999999998));
#2574=CARTESIAN_POINT('',(0.949999999999999,-0.832071068427371,0.93));
#2575=CARTESIAN_POINT('',(-6.55974226518784,-0.832071068427371,0.320000000000005));
#2576=CARTESIAN_POINT('',(-1.59,-0.83207106842737,0.320000000000005));
#2577=CARTESIAN_POINT('',(-0.950000000000001,-0.832071068427372,0.320000000000005));
#2578=CARTESIAN_POINT('',(-0.95,-0.832071068427371,0.93));
#2579=CARTESIAN_POINT('',(-0.95,-0.832071068427371,-0.319999999999998));
#2580=CARTESIAN_POINT('',(-6.55974226518784,-0.832071068427371,-0.319999999999998));
#2581=CARTESIAN_POINT('',(-1.59,-0.83207106842737,-0.319999999999998));
#2582=CARTESIAN_POINT('',(-1.59,-0.832071068427371,0.93));
#2583=CARTESIAN_POINT('',(-6.55974226518784,-0.832071068427371,0.320000000000005));
#2584=CARTESIAN_POINT('',(-4.13,-0.83207106842737,0.320000000000005));
#2585=CARTESIAN_POINT('',(-3.49,-0.832071068427372,0.320000000000005));
#2586=CARTESIAN_POINT('',(-3.49,-0.832071068427371,0.93));
#2587=CARTESIAN_POINT('',(-3.49,-0.832071068427371,-0.319999999999998));
#2588=CARTESIAN_POINT('',(-6.55974226518784,-0.832071068427371,-0.319999999999998));
#2589=CARTESIAN_POINT('',(-4.13,-0.83207106842737,-0.319999999999998));
#2590=CARTESIAN_POINT('',(-4.13,-0.832071068427371,0.93));
#2591=CARTESIAN_POINT('',(-6.55974226518784,-0.832071068427371,0.93));
#2592=CARTESIAN_POINT('',(-5.,-0.832071068427371,0.93));
#2593=CARTESIAN_POINT('',(-2.62,-0.832071068427371,0.93));
#2594=CARTESIAN_POINT('',(-5.08,-0.832071068427372,0.770000000000002));
#2595=CARTESIAN_POINT('',(-5.08,-0.832071068427371,0.770000000000001));
#2596=CARTESIAN_POINT('',(-5.08,-0.832071068427371,-1.43521200462705E-16));
#2597=CARTESIAN_POINT('',(-5.08,-0.832071068427372,-3.31));
#2598=CARTESIAN_POINT('',(-5.08,-0.832071068427372,-3.31));
#2599=CARTESIAN_POINT('',(-5.,-0.83207106842737,-3.47));
#2600=CARTESIAN_POINT('',(-6.55974226518784,-0.83207106842737,-3.47));
#2601=CARTESIAN_POINT('',(-2.62,-0.83207106842737,-3.47));
#2602=CARTESIAN_POINT('',(-2.79,-0.832071068427372,-3.81));
#2603=CARTESIAN_POINT('',(-2.54,-0.832071068427372,-3.31));
#2604=CARTESIAN_POINT('',(-2.54,-0.832071068427372,-3.31));
#2605=CARTESIAN_POINT('',(-2.46,-0.83207106842737,-3.47));
#2606=CARTESIAN_POINT('',(-6.55974226518784,-0.83207106842737,-3.47));
#2607=CARTESIAN_POINT('',(-0.0799999999999985,-0.83207106842737,-3.47));
#2608=CARTESIAN_POINT('',(-0.249999999999998,-0.832071068427372,-3.81));
#2609=CARTESIAN_POINT('',(1.21144610027541E-16,-0.832071068427372,-3.31));
#2610=CARTESIAN_POINT('',(-2.73231374224638E-17,-0.832071068427372,-3.31));
#2611=CARTESIAN_POINT('',(0.0800000000000002,-0.83207106842737,-3.47));
#2612=CARTESIAN_POINT('',(-6.55974226518784,-0.83207106842737,-3.47));
#2613=CARTESIAN_POINT('',(2.46,-0.83207106842737,-3.47));
#2614=CARTESIAN_POINT('',(2.29,-0.832071068427372,-3.81));
#2615=CARTESIAN_POINT('',(2.54,-0.832071068427372,-3.31));
#2616=CARTESIAN_POINT('',(2.54,-0.832071068427372,-3.31));
#2617=CARTESIAN_POINT('',(2.62,-0.83207106842737,-3.47));
#2618=CARTESIAN_POINT('',(-6.55974226518784,-0.83207106842737,-3.47));
#2619=CARTESIAN_POINT('',(5.,-0.83207106842737,-3.47));
#2620=CARTESIAN_POINT('',(4.83,-0.832071068427372,-3.81));
#2621=CARTESIAN_POINT('',(5.08,-0.83207106842737,-3.31000000000001));
#2622=CARTESIAN_POINT('',(5.08,-0.832071068427371,0.93));
#2623=CARTESIAN_POINT('',(5.08,-0.832071068427371,0.770000000000004));
#2624=CARTESIAN_POINT('',(4.83,-0.832071068427372,1.27));
#2625=CARTESIAN_POINT('',(5.,-0.832071068427371,0.930000000000001));
#2626=CARTESIAN_POINT('',(-6.55974226518784,-0.832071068427371,0.93));
#2627=CARTESIAN_POINT('',(2.62,-0.832071068427371,0.929999999999999));
#2628=CARTESIAN_POINT('',(2.54,-0.832071068427372,0.770000000000002));
#2629=CARTESIAN_POINT('',(2.54,-0.832071068427372,0.770000000000001));
#2630=CARTESIAN_POINT('',(2.29,-0.832071068427372,1.27));
#2631=CARTESIAN_POINT('',(2.46,-0.832071068427371,0.930000000000001));
#2632=CARTESIAN_POINT('',(-6.55974226518784,-0.832071068427371,0.93));
#2633=CARTESIAN_POINT('',(0.0799999999999977,-0.832071068427371,0.929999999999999));
#2634=CARTESIAN_POINT('',(1.16962923916183E-15,-0.832071068427372,0.770000000000002));
#2635=CARTESIAN_POINT('',(8.30208435252244E-16,-0.832071068427372,0.770000000000001));
#2636=CARTESIAN_POINT('',(-0.25,-0.832071068427372,1.27));
#2637=CARTESIAN_POINT('',(-0.0800000000000011,-0.832071068427371,0.930000000000001));
#2638=CARTESIAN_POINT('',(-6.55974226518784,-0.832071068427371,0.93));
#2639=CARTESIAN_POINT('',(-2.46,-0.832071068427371,0.929999999999999));
#2640=CARTESIAN_POINT('',(-2.54,-0.832071068427372,0.770000000000002));
#2641=CARTESIAN_POINT('',(-2.54,-0.832071068427372,0.770000000000001));
#2642=CARTESIAN_POINT('',(-2.79,-0.832071068427372,1.27));
#2643=CARTESIAN_POINT('',(-6.55974226518784,-0.83207106842737,-2.22));
#2644=CARTESIAN_POINT('',(-4.13,-0.83207106842737,-2.22));
#2645=CARTESIAN_POINT('',(-3.49,-0.83207106842737,-2.22));
#2646=CARTESIAN_POINT('',(-3.49,-0.832071068427371,0.93));
#2647=CARTESIAN_POINT('',(-3.49,-0.83207106842737,-2.86));
#2648=CARTESIAN_POINT('',(-6.55974226518784,-0.83207106842737,-2.86));
#2649=CARTESIAN_POINT('',(-4.13,-0.83207106842737,-2.86));
#2650=CARTESIAN_POINT('',(-4.13,-0.832071068427371,0.93));
#2651=CARTESIAN_POINT('',(-6.55974226518784,-0.83207106842737,-2.22));
#2652=CARTESIAN_POINT('',(-1.59,-0.83207106842737,-2.22));
#2653=CARTESIAN_POINT('',(-0.950000000000001,-0.83207106842737,-2.22));
#2654=CARTESIAN_POINT('',(-0.95,-0.832071068427371,0.93));
#2655=CARTESIAN_POINT('',(-0.95,-0.83207106842737,-2.86));
#2656=CARTESIAN_POINT('',(-6.55974226518784,-0.83207106842737,-2.86));
#2657=CARTESIAN_POINT('',(-1.59,-0.83207106842737,-2.86));
#2658=CARTESIAN_POINT('',(-1.59,-0.832071068427371,0.93));
#2659=CARTESIAN_POINT('',(-6.55974226518784,-0.83207106842737,-2.22));
#2660=CARTESIAN_POINT('',(0.949999999999999,-0.83207106842737,-2.22));
#2661=CARTESIAN_POINT('',(1.59,-0.83207106842737,-2.22));
#2662=CARTESIAN_POINT('',(1.59,-0.832071068427371,0.93));
#2663=CARTESIAN_POINT('',(1.59,-0.83207106842737,-2.86));
#2664=CARTESIAN_POINT('',(-6.55974226518784,-0.83207106842737,-2.86));
#2665=CARTESIAN_POINT('',(0.949999999999999,-0.83207106842737,-2.86));
#2666=CARTESIAN_POINT('',(0.949999999999999,-0.832071068427371,0.93));
#2667=CARTESIAN_POINT('',(-6.55974226518784,-0.83207106842737,-2.22));
#2668=CARTESIAN_POINT('',(3.49,-0.83207106842737,-2.22));
#2669=CARTESIAN_POINT('',(4.13,-0.83207106842737,-2.22));
#2670=CARTESIAN_POINT('',(4.13,-0.832071068427371,0.93));
#2671=CARTESIAN_POINT('',(4.13,-0.83207106842737,-2.86));
#2672=CARTESIAN_POINT('',(-6.55974226518784,-0.83207106842737,-2.86));
#2673=CARTESIAN_POINT('',(3.49,-0.83207106842737,-2.86));
#2674=CARTESIAN_POINT('',(3.49,-0.832071068427371,0.93));
#2675=CARTESIAN_POINT('',(5.08,-1.27,-1.27));
#2676=CARTESIAN_POINT('',(-3.864,-1.27,3.202));
#2677=CARTESIAN_POINT('',(-4.83,-1.27,1.27));
#2678=CARTESIAN_POINT('',(-5.,-1.27,0.93));
#2679=CARTESIAN_POINT('',(-6.55974226518784,-1.27,0.93));
#2680=CARTESIAN_POINT('',(-2.62,-1.27,0.930000000000002));
#2681=CARTESIAN_POINT('',(-0.199999999999999,-1.27,-3.91));
#2682=CARTESIAN_POINT('',(-2.79,-1.27,1.27));
#2683=CARTESIAN_POINT('',(5.08,-1.27,1.27));
#2684=CARTESIAN_POINT('',(5.08,-1.27,-1.27));
#2685=CARTESIAN_POINT('',(-1.832,-1.27,2.186));
#2686=CARTESIAN_POINT('',(-2.29,-1.27,1.27));
#2687=CARTESIAN_POINT('',(-2.46,-1.27,0.93));
#2688=CARTESIAN_POINT('',(-6.55974226518784,-1.27,0.93));
#2689=CARTESIAN_POINT('',(-0.0799999999999985,-1.27,0.93));
#2690=CARTESIAN_POINT('',(1.832,-1.27,-2.894));
#2691=CARTESIAN_POINT('',(-0.249999999999999,-1.27,1.27));
#2692=CARTESIAN_POINT('',(5.08,-1.27,1.27));
#2693=CARTESIAN_POINT('',(5.08,-1.27,-1.27));
#2694=CARTESIAN_POINT('',(0.200000000000001,-1.27,1.17));
#2695=CARTESIAN_POINT('',(0.250000000000001,-1.27,1.27));
#2696=CARTESIAN_POINT('',(0.0800000000000002,-1.27,0.93));
#2697=CARTESIAN_POINT('',(-6.55974226518784,-1.27,0.93));
#2698=CARTESIAN_POINT('',(2.46,-1.27,0.93));
#2699=CARTESIAN_POINT('',(3.864,-1.27,-1.878));
#2700=CARTESIAN_POINT('',(2.29,-1.27,1.27));
#2701=CARTESIAN_POINT('',(5.08,-1.27,1.27));
#2702=CARTESIAN_POINT('',(5.08,-1.27,-1.27));
#2703=CARTESIAN_POINT('',(2.232,-1.27,0.153999999999999));
#2704=CARTESIAN_POINT('',(2.79,-1.27,1.27));
#2705=CARTESIAN_POINT('',(2.62,-1.27,0.93));
#2706=CARTESIAN_POINT('',(-6.55974226518784,-1.27,0.93));
#2707=CARTESIAN_POINT('',(5.,-1.27,0.93));
#2708=CARTESIAN_POINT('',(5.896,-1.27,-0.862));
#2709=CARTESIAN_POINT('',(4.83,-1.27,1.27));
#2710=CARTESIAN_POINT('',(5.08,-1.27,1.27));
#2711=CARTESIAN_POINT('',(5.08,-1.27,-1.27));
#2712=CARTESIAN_POINT('',(5.896,-1.27,-1.678));
#2713=CARTESIAN_POINT('',(5.,-1.27,-3.47));
#2714=CARTESIAN_POINT('',(4.83,-1.27,-3.81));
#2715=CARTESIAN_POINT('',(-6.55974226518784,-1.27,-3.47));
#2716=CARTESIAN_POINT('',(2.62,-1.27,-3.47));
#2717=CARTESIAN_POINT('',(2.232,-1.27,-2.694));
#2718=CARTESIAN_POINT('',(2.79,-1.27,-3.81));
#2719=CARTESIAN_POINT('',(5.08,-1.27,-3.81));
#2720=CARTESIAN_POINT('',(5.08,-1.27,-1.27));
#2721=CARTESIAN_POINT('',(3.864,-1.27,-0.662000000000001));
#2722=CARTESIAN_POINT('',(2.46,-1.27,-3.47));
#2723=CARTESIAN_POINT('',(2.29,-1.27,-3.81));
#2724=CARTESIAN_POINT('',(-6.55974226518784,-1.27,-3.47));
#2725=CARTESIAN_POINT('',(0.0800000000000002,-1.27,-3.47));
#2726=CARTESIAN_POINT('',(0.200000000000001,-1.27,-3.71));
#2727=CARTESIAN_POINT('',(0.250000000000001,-1.27,-3.81));
#2728=CARTESIAN_POINT('',(5.08,-1.27,-3.81));
#2729=CARTESIAN_POINT('',(5.08,-1.27,-1.27));
#2730=CARTESIAN_POINT('',(1.832,-1.27,0.353999999999999));
#2731=CARTESIAN_POINT('',(-0.0799999999999985,-1.27,-3.47));
#2732=CARTESIAN_POINT('',(-0.249999999999999,-1.27,-3.81));
#2733=CARTESIAN_POINT('',(-6.55974226518784,-1.27,-3.47));
#2734=CARTESIAN_POINT('',(-2.46,-1.27,-3.47));
#2735=CARTESIAN_POINT('',(-1.832,-1.27,-4.726));
#2736=CARTESIAN_POINT('',(-2.29,-1.27,-3.81));
#2737=CARTESIAN_POINT('',(5.08,-1.27,-3.81));
#2738=CARTESIAN_POINT('',(5.08,-1.27,-1.27));
#2739=CARTESIAN_POINT('',(-0.199999999999999,-1.27,1.37));
#2740=CARTESIAN_POINT('',(-2.62,-1.27,-3.47));
#2741=CARTESIAN_POINT('',(-2.79,-1.27,-3.81));
#2742=CARTESIAN_POINT('',(-6.55974226518784,-1.27,-3.47));
#2743=CARTESIAN_POINT('',(-5.,-1.27,-3.47));
#2744=CARTESIAN_POINT('',(-3.864,-1.27,-5.742));
#2745=CARTESIAN_POINT('',(-4.83,-1.27,-3.81));
#2746=CARTESIAN_POINT('',(5.08,-1.27,-3.81));
#2747=CARTESIAN_POINT('',(5.08,0.,0.));
#2748=CARTESIAN_POINT('',(5.08,-6.57350923475461E-17,-3.31));
#2749=CARTESIAN_POINT('',(5.08,-6.57350923475461E-17,0.769999999999997));
#2750=CARTESIAN_POINT('',(-5.08,0.,0.));
#2751=CARTESIAN_POINT('',(-5.08,-6.57350923475464E-17,-3.31));
#2752=CARTESIAN_POINT('',(-5.08,-6.57350923475464E-17,0.770000000000001));
#2753=CARTESIAN_POINT('',(-5.08,-9.74232491347763,0.77));
#2754=CARTESIAN_POINT('',(-5.,-9.74232491347763,0.930000000000009));
#2755=CARTESIAN_POINT('',(-4.83,-9.74232491347763,1.27));
#2756=CARTESIAN_POINT('',(-2.79,-9.50630734528298,1.27));
#2757=CARTESIAN_POINT('',(-2.62,-9.50630734528298,0.930000000000008));
#2758=CARTESIAN_POINT('',(-2.54,-9.50630734528298,0.77));
#2759=CARTESIAN_POINT('',(-2.79,-1.27,1.27));
#2760=CARTESIAN_POINT('',(-2.54,-9.50630734528298,0.77));
#2761=CARTESIAN_POINT('',(-2.46,-9.50630734528298,0.930000000000008));
#2762=CARTESIAN_POINT('',(-2.29,-1.27,1.27));
#2763=CARTESIAN_POINT('',(-0.249999999999999,-9.50630734528298,1.27));
#2764=CARTESIAN_POINT('',(-0.0800000000000032,-9.50630734528298,0.930000000000008));
#2765=CARTESIAN_POINT('',(8.67361737988404E-16,-9.50630734528298,0.77));
#2766=CARTESIAN_POINT('',(-0.249999999999999,-1.27,1.27));
#2767=CARTESIAN_POINT('',(8.67361737988404E-16,-9.50630734528298,0.77));
#2768=CARTESIAN_POINT('',(0.0800000000000049,-9.50630734528298,0.930000000000008));
#2769=CARTESIAN_POINT('',(0.250000000000001,-1.27,1.27));
#2770=CARTESIAN_POINT('',(2.29,-9.50630734528298,1.27));
#2771=CARTESIAN_POINT('',(2.46,-9.50630734528298,0.930000000000008));
#2772=CARTESIAN_POINT('',(2.54,-9.50630734528298,0.77));
#2773=CARTESIAN_POINT('',(2.29,-1.27,1.27));
#2774=CARTESIAN_POINT('',(2.54,-9.50630734528298,0.77));
#2775=CARTESIAN_POINT('',(2.62000000000001,-9.50630734528298,0.930000000000008));
#2776=CARTESIAN_POINT('',(2.79,-1.27,1.27));
#2777=CARTESIAN_POINT('',(4.83,-9.74232491347763,1.27));
#2778=CARTESIAN_POINT('',(5.,-9.74232491347763,0.930000000000009));
#2779=CARTESIAN_POINT('',(4.83,-9.74232491347763,1.27));
#2780=CARTESIAN_POINT('',(-5.08,-9.74232491347763,-3.31));
#2781=CARTESIAN_POINT('',(-5.,-9.74232491347763,-3.47000000000001));
#2782=CARTESIAN_POINT('',(-4.83,-9.74232491347763,-3.81));
#2783=CARTESIAN_POINT('',(-2.79,-9.50630734528298,-3.81));
#2784=CARTESIAN_POINT('',(-2.54,-9.50630734528298,-3.31));
#2785=CARTESIAN_POINT('',(-2.62,-9.50630734528298,-3.47000000000001));
#2786=CARTESIAN_POINT('',(-2.79,-1.27,-3.81));
#2787=CARTESIAN_POINT('',(-2.54,-9.50630734528298,-3.31));
#2788=CARTESIAN_POINT('',(-2.46,-9.50630734528298,-3.47000000000001));
#2789=CARTESIAN_POINT('',(-2.29,-1.27,-3.81));
#2790=CARTESIAN_POINT('',(-0.249999999999999,-9.50630734528298,-3.81));
#2791=CARTESIAN_POINT('',(8.67361737988404E-16,-9.50630734528298,-3.31));
#2792=CARTESIAN_POINT('',(-0.080000000000003,-9.50630734528298,-3.47000000000001));
#2793=CARTESIAN_POINT('',(-0.249999999999999,-1.27,-3.81));
#2794=CARTESIAN_POINT('',(8.67361737988404E-16,-9.50630734528298,-3.31));
#2795=CARTESIAN_POINT('',(0.0800000000000047,-9.50630734528298,-3.47000000000001));
#2796=CARTESIAN_POINT('',(0.250000000000001,-1.27,-3.81));
#2797=CARTESIAN_POINT('',(2.29,-9.50630734528298,-3.81));
#2798=CARTESIAN_POINT('',(2.54,-9.50630734528298,-3.31));
#2799=CARTESIAN_POINT('',(2.46,-9.50630734528298,-3.47000000000001));
#2800=CARTESIAN_POINT('',(2.29,-1.27,-3.81));
#2801=CARTESIAN_POINT('',(2.54,-9.50630734528298,-3.31));
#2802=CARTESIAN_POINT('',(2.62,-9.50630734528298,-3.47000000000001));
#2803=CARTESIAN_POINT('',(2.79,-1.27,-3.81));
#2804=CARTESIAN_POINT('',(4.83,-9.74232491347763,-3.81));
#2805=CARTESIAN_POINT('',(5.,-9.74232491347763,-3.47000000000001));
#2806=CARTESIAN_POINT('',(4.83,-9.74232491347763,-3.81));
#2807=CARTESIAN_POINT('',(5.08,-1.27,1.27));
#2808=CARTESIAN_POINT('',(5.08,-1.27,1.27));
#2809=CARTESIAN_POINT('',(5.08,-1.27,1.27));
#2810=CARTESIAN_POINT('',(5.08,-1.27,1.27));
#2811=CARTESIAN_POINT('',(5.08,-1.27,-3.81));
#2812=CARTESIAN_POINT('',(5.08,-1.27,-3.81));
#2813=CARTESIAN_POINT('',(5.08,-1.27,-3.81));
#2814=CARTESIAN_POINT('',(5.08,-1.27,-3.81));
#2815=CARTESIAN_POINT('',(-6.55974226518784,-1.27,0.93));
#2816=CARTESIAN_POINT('',(-6.55974226518784,-1.27,0.93));
#2817=CARTESIAN_POINT('',(-6.55974226518784,-1.27,0.93));
#2818=CARTESIAN_POINT('',(-6.55974226518784,-1.27,0.93));
#2819=CARTESIAN_POINT('',(-6.55974226518784,-0.83207106842737,-3.47));
#2820=CARTESIAN_POINT('',(-6.55974226518784,-0.83207106842737,-3.47));
#2821=CARTESIAN_POINT('',(-6.55974226518784,-0.83207106842737,-3.47));
#2822=CARTESIAN_POINT('',(-6.55974226518784,-0.83207106842737,-3.47));
#2823=CARTESIAN_POINT('',(-3.49,-10.3697422651878,-0.319999999999999));
#2824=CARTESIAN_POINT('',(-3.49,-10.3697422651878,0.320000000000004));
#2825=CARTESIAN_POINT('',(-3.49,-10.3697422651878,-0.319999999999999));
#2826=CARTESIAN_POINT('',(-3.49,-10.3697422651878,0.320000000000004));
#2827=CARTESIAN_POINT('',(-4.13,-10.3697422651878,0.320000000000004));
#2828=CARTESIAN_POINT('',(-4.13,-10.3697422651878,0.320000000000004));
#2829=CARTESIAN_POINT('',(-4.13,-10.3697422651878,-0.319999999999999));
#2830=CARTESIAN_POINT('',(-4.13,-10.3697422651878,-0.319999999999999));
#2831=CARTESIAN_POINT('',(-3.49,-10.3697422651878,-2.86));
#2832=CARTESIAN_POINT('',(-3.49,-10.3697422651878,-2.22));
#2833=CARTESIAN_POINT('',(-3.49,-10.3697422651878,-2.86));
#2834=CARTESIAN_POINT('',(-3.49,-10.3697422651878,-2.22));
#2835=CARTESIAN_POINT('',(-4.13,-10.3697422651878,-2.22));
#2836=CARTESIAN_POINT('',(-4.13,-10.3697422651878,-2.22));
#2837=CARTESIAN_POINT('',(-4.13,-10.3697422651878,-2.86));
#2838=CARTESIAN_POINT('',(-4.13,-10.3697422651878,-2.86));
#2839=CARTESIAN_POINT('',(-0.950000000000001,-10.3697422651878,-0.319999999999999));
#2840=CARTESIAN_POINT('',(-0.950000000000001,-10.3697422651878,0.320000000000004));
#2841=CARTESIAN_POINT('',(-0.950000000000001,-10.3697422651878,-0.319999999999999));
#2842=CARTESIAN_POINT('',(-0.950000000000001,-10.3697422651878,0.320000000000004));
#2843=CARTESIAN_POINT('',(-1.59,-10.3697422651878,0.320000000000004));
#2844=CARTESIAN_POINT('',(-1.59,-10.3697422651878,0.320000000000004));
#2845=CARTESIAN_POINT('',(-1.59,-10.3697422651878,-0.319999999999999));
#2846=CARTESIAN_POINT('',(-1.59,-10.3697422651878,-0.319999999999999));
#2847=CARTESIAN_POINT('',(-0.950000000000001,-10.3697422651878,-2.86));
#2848=CARTESIAN_POINT('',(-0.950000000000001,-10.3697422651878,-2.22));
#2849=CARTESIAN_POINT('',(-0.950000000000001,-10.3697422651878,-2.86));
#2850=CARTESIAN_POINT('',(-0.950000000000001,-10.3697422651878,-2.22));
#2851=CARTESIAN_POINT('',(-1.59,-10.3697422651878,-2.22));
#2852=CARTESIAN_POINT('',(-1.59,-10.3697422651878,-2.22));
#2853=CARTESIAN_POINT('',(-1.59,-10.3697422651878,-2.86));
#2854=CARTESIAN_POINT('',(-1.59,-10.3697422651878,-2.86));
#2855=CARTESIAN_POINT('',(1.59,-10.3697422651878,-0.319999999999999));
#2856=CARTESIAN_POINT('',(1.59,-10.3697422651878,0.320000000000004));
#2857=CARTESIAN_POINT('',(1.59,-10.3697422651878,-0.319999999999999));
#2858=CARTESIAN_POINT('',(1.59,-10.3697422651878,0.320000000000004));
#2859=CARTESIAN_POINT('',(0.949999999999999,-10.3697422651878,0.320000000000004));
#2860=CARTESIAN_POINT('',(0.949999999999999,-10.3697422651878,0.320000000000004));
#2861=CARTESIAN_POINT('',(0.949999999999999,-10.3697422651878,-0.319999999999999));
#2862=CARTESIAN_POINT('',(0.949999999999999,-10.3697422651878,-0.319999999999999));
#2863=CARTESIAN_POINT('',(1.59,-10.3697422651878,-2.86));
#2864=CARTESIAN_POINT('',(1.59,-10.3697422651878,-2.22));
#2865=CARTESIAN_POINT('',(1.59,-10.3697422651878,-2.86));
#2866=CARTESIAN_POINT('',(1.59,-10.3697422651878,-2.22));
#2867=CARTESIAN_POINT('',(0.949999999999999,-10.3697422651878,-2.22));
#2868=CARTESIAN_POINT('',(0.949999999999999,-10.3697422651878,-2.22));
#2869=CARTESIAN_POINT('',(0.949999999999999,-10.3697422651878,-2.86));
#2870=CARTESIAN_POINT('',(0.949999999999999,-10.3697422651878,-2.86));
#2871=CARTESIAN_POINT('',(4.13,-10.3697422651878,-0.319999999999999));
#2872=CARTESIAN_POINT('',(4.13,-10.3697422651878,0.320000000000004));
#2873=CARTESIAN_POINT('',(4.13,-10.3697422651878,-0.319999999999999));
#2874=CARTESIAN_POINT('',(4.13,-10.3697422651878,0.320000000000004));
#2875=CARTESIAN_POINT('',(3.49,-10.3697422651878,0.320000000000004));
#2876=CARTESIAN_POINT('',(3.49,-10.3697422651878,0.320000000000004));
#2877=CARTESIAN_POINT('',(3.49,-10.3697422651878,-0.319999999999999));
#2878=CARTESIAN_POINT('',(3.49,-10.3697422651878,-0.319999999999999));
#2879=CARTESIAN_POINT('',(4.13,-10.3697422651878,-2.86));
#2880=CARTESIAN_POINT('',(4.13,-10.3697422651878,-2.22));
#2881=CARTESIAN_POINT('',(4.13,-10.3697422651878,-2.86));
#2882=CARTESIAN_POINT('',(4.13,-10.3697422651878,-2.22));
#2883=CARTESIAN_POINT('',(3.49,-10.3697422651878,-2.22));
#2884=CARTESIAN_POINT('',(3.49,-10.3697422651878,-2.22));
#2885=CARTESIAN_POINT('',(3.49,-10.3697422651878,-2.86));
#2886=CARTESIAN_POINT('',(3.49,-10.3697422651878,-2.86));
#2887=CARTESIAN_POINT('',(0.,0.,0.));
#2888=CARTESIAN_POINT('',(0.319999999999999,-0.32,5.77));
#2889=CARTESIAN_POINT('',(0.119999999999999,-0.32,5.77));
#2890=CARTESIAN_POINT('',(0.119999999999999,-0.12,5.77));
#2891=CARTESIAN_POINT('',(0.119999999999999,0.12,5.77));
#2892=CARTESIAN_POINT('',(0.319999999999999,0.12,5.77));
#2893=CARTESIAN_POINT('',(-0.119999999999994,0.12,5.77));
#2894=CARTESIAN_POINT('',(-0.119999999999994,-0.32,5.77));
#2895=CARTESIAN_POINT('',(-0.119999999999994,-0.12,5.77));
#2896=CARTESIAN_POINT('',(0.319999999999999,-0.12,5.77));
#2897=CARTESIAN_POINT('',(-0.319999999999994,-0.32,5.77));
#2898=CARTESIAN_POINT('',(-0.319999999999994,0.32,5.77));
#2899=CARTESIAN_POINT('',(-0.319999999999994,0.32,5.57));
#2900=CARTESIAN_POINT('',(-0.319999999999995,0.32,-5.57));
#2901=CARTESIAN_POINT('',(-0.319999999999995,-0.32,-5.57));
#2902=CARTESIAN_POINT('',(-0.319999999999995,-0.32,-5.57));
#2903=CARTESIAN_POINT('',(-0.319999999999994,-0.32,5.77));
#2904=CARTESIAN_POINT('',(-0.319999999999994,-0.32,5.57));
#2905=CARTESIAN_POINT('',(-0.319999999999994,-0.32,5.57));
#2906=CARTESIAN_POINT('',(-0.319999999999996,-0.32,-5.77));
#2907=CARTESIAN_POINT('',(0.120000000000001,-0.32,-5.77));
#2908=CARTESIAN_POINT('',(0.120000000000001,0.12,-5.77));
#2909=CARTESIAN_POINT('',(0.120000000000001,-0.12,-5.77));
#2910=CARTESIAN_POINT('',(-0.319999999999995,-0.12,-5.77));
#2911=CARTESIAN_POINT('',(-0.119999999999993,-0.12,-5.77));
#2912=CARTESIAN_POINT('',(-0.119999999999993,-0.32,-5.77));
#2913=CARTESIAN_POINT('',(-0.119999999999993,0.12,-5.77));
#2914=CARTESIAN_POINT('',(-0.319999999999996,0.12,-5.77));
#2915=CARTESIAN_POINT('',(0.319999999999999,-0.32,-5.77));
#2916=CARTESIAN_POINT('',(0.319999999999999,-0.32,-5.77));
#2917=CARTESIAN_POINT('',(0.319999999999999,-0.32,-5.57));
#2918=CARTESIAN_POINT('',(0.319999999999999,-0.32,5.57));
#2919=CARTESIAN_POINT('',(0.319999999999999,-0.32,-5.57));
#2920=CARTESIAN_POINT('',(0.319999999999999,0.32,-5.57));
#2921=CARTESIAN_POINT('',(0.319999999999999,0.32,-5.77));
#2922=CARTESIAN_POINT('',(0.319999999999999,0.32,5.57));
#2923=CARTESIAN_POINT('',(0.319999999999999,-0.32,5.57));
#2924=CARTESIAN_POINT('',(0.,-0.32,0.));
#2925=CARTESIAN_POINT('',(0.319999999999997,-0.32,-5.57));
#2926=CARTESIAN_POINT('',(-0.319999999999994,-0.32,5.57));
#2927=CARTESIAN_POINT('',(0.,0.32,0.));
#2928=CARTESIAN_POINT('',(4.52925457555824E-14,0.32,-5.57));
#2929=CARTESIAN_POINT('',(0.,0.32,5.57));
#2930=CARTESIAN_POINT('',(-0.319999999999996,0.12,-5.77));
#2931=CARTESIAN_POINT('',(0.106666666666667,0.106666666666666,-5.78333333333333));
#2932=CARTESIAN_POINT('',(-0.18666666666666,0.186666666666667,-5.70333333333334));
#2933=CARTESIAN_POINT('',(-0.119999999999993,-0.32,-5.77));
#2934=CARTESIAN_POINT('',(-0.18666666666666,-0.186666666666667,-5.70333333333334));
#2935=CARTESIAN_POINT('',(0.319999999999999,-0.32,-5.57));
#2936=CARTESIAN_POINT('',(0.32,-0.319999999999999,-5.57));
#2937=CARTESIAN_POINT('',(4.52925457555824E-14,-0.32,-5.57));
#2938=CARTESIAN_POINT('',(0.,-0.32,5.57));
#2939=CARTESIAN_POINT('',(-0.213333333333329,-0.213333333333335,5.67666666666666));
#2940=CARTESIAN_POINT('',(0.186666666666666,-0.186666666666667,5.70333333333333));
#2941=CARTESIAN_POINT('',(0.119999999999999,-0.32,5.77));
#2942=CARTESIAN_POINT('',(-0.0266666666666671,-0.0266666666666681,5.91666666666667));
#2943=CARTESIAN_POINT('',(-0.319999999999994,-0.32,5.57));
#2944=CARTESIAN_POINT('',(-0.10666666666666,0.106666666666666,5.78333333333333));
#2945=CARTESIAN_POINT('',(0.319999999999999,0.12,5.77));
#2946=CARTESIAN_POINT('',(-3.81,1.5,2.45639541801785E-15));
#2947=CARTESIAN_POINT('',(-3.81,1.5,-2.54));
#2948=CARTESIAN_POINT('',(-1.27,1.5,2.45639541801785E-15));
#2949=CARTESIAN_POINT('',(-1.27,1.5,-2.54));
#2950=CARTESIAN_POINT('',(1.27,1.5,2.45639541801785E-15));
#2951=CARTESIAN_POINT('',(1.27,1.5,-2.54));
#2952=CARTESIAN_POINT('',(3.81,1.5,2.45639541801785E-15));
#2953=CARTESIAN_POINT('',(3.81,1.5,-2.54));
#2954=MECHANICAL_DESIGN_GEOMETRIC_PRESENTATION_REPRESENTATION('',(#1866,
#1867),#2955);
#2955=(
GEOMETRIC_REPRESENTATION_CONTEXT(3)
GLOBAL_UNCERTAINTY_ASSIGNED_CONTEXT((#2958))
GLOBAL_UNIT_ASSIGNED_CONTEXT((#2963,#2962,#2961))
REPRESENTATION_CONTEXT('6130xx21121','TOP_LEVEL_ASSEMBLY_PART')
);
#2956=(
GEOMETRIC_REPRESENTATION_CONTEXT(3)
GLOBAL_UNCERTAINTY_ASSIGNED_CONTEXT((#2959))
GLOBAL_UNIT_ASSIGNED_CONTEXT((#2963,#2962,#2961))
REPRESENTATION_CONTEXT('61300821121','COMPONENT_PART')
);
#2957=(
GEOMETRIC_REPRESENTATION_CONTEXT(3)
GLOBAL_UNCERTAINTY_ASSIGNED_CONTEXT((#2960))
GLOBAL_UNIT_ASSIGNED_CONTEXT((#2963,#2962,#2961))
REPRESENTATION_CONTEXT('6130xx21121_PIN','COMPONENT_PART')
);
#2958=UNCERTAINTY_MEASURE_WITH_UNIT(LENGTH_MEASURE(0.005),#2963,
'DISTANCE_ACCURACY_VALUE','Maximum Tolerance applied to model');
#2959=UNCERTAINTY_MEASURE_WITH_UNIT(LENGTH_MEASURE(0.005),#2963,
'DISTANCE_ACCURACY_VALUE','Maximum Tolerance applied to model');
#2960=UNCERTAINTY_MEASURE_WITH_UNIT(LENGTH_MEASURE(0.005),#2963,
'DISTANCE_ACCURACY_VALUE','Maximum Tolerance applied to model');
#2961=(
NAMED_UNIT(*)
SI_UNIT($,.STERADIAN.)
SOLID_ANGLE_UNIT()
);
#2962=(
NAMED_UNIT(*)
PLANE_ANGLE_UNIT()
SI_UNIT($,.RADIAN.)
);
#2963=(
LENGTH_UNIT()
NAMED_UNIT(*)
SI_UNIT(.MILLI.,.METRE.)
);
#2964=PRODUCT_DEFINITION_SHAPE('','',#2976);
#2965=PRODUCT_DEFINITION_SHAPE('','',#2977);
#2966=PRODUCT_DEFINITION_SHAPE(' ','NAUO PRDDFN',#27);
#2967=PRODUCT_DEFINITION_SHAPE('','',#2978);
#2968=PRODUCT_DEFINITION_SHAPE(' ','NAUO PRDDFN',#28);
#2969=PRODUCT_DEFINITION_SHAPE(' ','NAUO PRDDFN',#29);
#2970=PRODUCT_DEFINITION_SHAPE(' ','NAUO PRDDFN',#30);
#2971=PRODUCT_DEFINITION_SHAPE(' ','NAUO PRDDFN',#31);
#2972=PRODUCT_DEFINITION_SHAPE(' ','NAUO PRDDFN',#32);
#2973=PRODUCT_DEFINITION_SHAPE(' ','NAUO PRDDFN',#33);
#2974=PRODUCT_DEFINITION_SHAPE(' ','NAUO PRDDFN',#34);
#2975=PRODUCT_DEFINITION_SHAPE(' ','NAUO PRDDFN',#35);
#2976=PRODUCT_DEFINITION('','',#2982,#2979);
#2977=PRODUCT_DEFINITION('','',#2983,#2980);
#2978=PRODUCT_DEFINITION('','',#2984,#2981);
#2979=PRODUCT_DEFINITION_CONTEXT('',#2998,'design');
#2980=PRODUCT_DEFINITION_CONTEXT('',#2998,'design');
#2981=PRODUCT_DEFINITION_CONTEXT('',#2998,'design');
#2982=PRODUCT_DEFINITION_FORMATION_WITH_SPECIFIED_SOURCE('','',#2988,
 .NOT_KNOWN.);
#2983=PRODUCT_DEFINITION_FORMATION_WITH_SPECIFIED_SOURCE('','',#2989,
 .NOT_KNOWN.);
#2984=PRODUCT_DEFINITION_FORMATION_WITH_SPECIFIED_SOURCE('','',#2990,
 .NOT_KNOWN.);
#2985=PRODUCT_RELATED_PRODUCT_CATEGORY('','',(#2988));
#2986=PRODUCT_RELATED_PRODUCT_CATEGORY('','',(#2989));
#2987=PRODUCT_RELATED_PRODUCT_CATEGORY('','',(#2990));
#2988=PRODUCT('6130xx21121','6130xx21121','6130xx21121',(#2994));
#2989=PRODUCT('61300821121','61300821121','61300821121',(#2995));
#2990=PRODUCT('6130xx21121_PIN','6130xx21121_PIN','6130xx21121_PIN',(#2996));
#2991=PRODUCT_CATEGORY('','');
#2992=PRODUCT_CATEGORY('','');
#2993=PRODUCT_CATEGORY('','');
#2994=PRODUCT_CONTEXT('',#2998,'mechanical');
#2995=PRODUCT_CONTEXT('',#2998,'mechanical');
#2996=PRODUCT_CONTEXT('',#2998,'mechanical');
#2997=APPLICATION_PROTOCOL_DEFINITION('international standard',
'automotive_design',2010,#2998);
#2998=APPLICATION_CONTEXT(
'core data for automotive mechanical design processes');
ENDSEC;
END-ISO-10303-21;
