ISO-10303-21;
HEADER;
FILE_DESCRIPTION (( 'STEP AP214' ),
    '1' );
FILE_NAME ('RS_SMDCHIP_0402_L1.05W0.55T0.37B10.35B20.3.STEP',
    '2024-01-29T20:04:45',
    ( '' ),
    ( '' ),
    'SwSTEP 2.0',
    'SolidWorks 2021',
    '' );
FILE_SCHEMA (( 'AUTOMOTIVE_DESIGN' ));
ENDSEC;

DATA;
#1 = ORIENTED_EDGE ( 'NONE', *, *, #1358, .T. ) ;
#2 = AXIS2_PLACEMENT_3D ( 'NONE', #1870, #1545, #2660 ) ;
#3 = FILL_AREA_STYLE ('',( #3452 ) ) ;
#4 =( NAMED_UNIT ( * ) PLANE_ANGLE_UNIT ( ) SI_UNIT ( $, .RADIAN. ) );
#5 = DIRECTION ( 'NONE',  ( 1.000000000000000000, 0.000000000000000000, 0.000000000000000000 ) ) ;
#6 = VECTOR ( 'NONE', #1059, 1000.000000000000000 ) ;
#7 = SURFACE_SIDE_STYLE ('',( #2704 ) ) ;
#8 = VECTOR ( 'NONE', #506, 1000.000000000000000 ) ;
#9 =( GEOMETRIC_REPRESENTATION_CONTEXT ( 3 ) GLOBAL_UNCERTAINTY_ASSIGNED_CONTEXT ( ( #423 ) ) GLOBAL_UNIT_ASSIGNED_CONTEXT ( ( #2254, #3176, #3083 ) ) REPRESENTATION_CONTEXT ( 'NONE', 'WORKASPACE' ) );
#10 = CARTESIAN_POINT ( 'NONE',  ( -4.704225277089900462E-17, 0.3492799999999999794, 0.000000000000000000 ) ) ;
#11 = COLOUR_RGB ( '',0.7921568627450980005, 0.8196078431372548767, 0.9333333333333333481 ) ;
#12 = ORIENTED_EDGE ( 'NONE', *, *, #2349, .T. ) ;
#13 = AXIS2_PLACEMENT_3D ( 'NONE', #2295, #666, #3413 ) ;
#14 = DIRECTION ( 'NONE',  ( 0.9183451605557885200, 0.000000000000000000, -0.3957804518716951381 ) ) ;
#15 = DIRECTION ( 'NONE',  ( 1.000000000000000000, 0.000000000000000000, 0.000000000000000000 ) ) ;
#16 = VERTEX_POINT ( 'NONE', #2198 ) ;
#17 = ORIENTED_EDGE ( 'NONE', *, *, #2101, .T. ) ;
#18 = LINE ( 'NONE', #1097, #3219 ) ;
#19 = CARTESIAN_POINT ( 'NONE',  ( 0.4609292208296680848, 0.3596399999999999042, -0.2455570591404753200 ) ) ;
#20 = EDGE_CURVE ( 'NONE', #1539, #1108, #1768, .T. ) ;
#21 = VERTEX_POINT ( 'NONE', #294 ) ;
#22 = SURFACE_SIDE_STYLE ('',( #1153 ) ) ;
#23 = CARTESIAN_POINT ( 'NONE',  ( 1.022903225806451655, 0.000000000000000000, -0.5500000000000000444 ) ) ;
#24 = CARTESIAN_POINT ( 'NONE',  ( 0.000000000000000000, 0.000000000000000000, -0.5500000000000000444 ) ) ;
#25 = DIRECTION ( 'NONE',  ( 0.000000000000000000, 1.000000000000000000, 0.000000000000000000 ) ) ;
#26 = ORIENTED_EDGE ( 'NONE', *, *, #1501, .F. ) ;
#27 = ADVANCED_FACE ( 'NONE', ( #1910 ), #2992, .T. ) ;
#28 = ADVANCED_FACE ( 'NONE', ( #2444 ), #607, .F. ) ;
#29 = CARTESIAN_POINT ( 'NONE',  ( 0.4845667396539458660, 0.3597399999999999487, -0.2867402878723611104 ) ) ;
#30 = ADVANCED_FACE ( 'NONE', ( #949 ), #1495, .T. ) ;
#31 = VECTOR ( 'NONE', #692, 999.9999999999998863 ) ;
#32 = VERTEX_POINT ( 'NONE', #143 ) ;
#33 = EDGE_LOOP ( 'NONE', ( #865, #603, #644, #1945 ) ) ;
#34 = CARTESIAN_POINT ( 'NONE',  ( 0.7364516129032256941, -0.01036000000000005146, 0.000000000000000000 ) ) ;
#35 = FILL_AREA_STYLE_COLOUR ( '', #3270 ) ;
#36 = ORIENTED_EDGE ( 'NONE', *, *, #1909, .T. ) ;
#37 = CARTESIAN_POINT ( 'NONE',  ( 0.6864516129032258718, 0.3492799999999999794, -0.5500000000000000444 ) ) ;
#38 = PLANE ( 'NONE',  #226 ) ;
#39 = CARTESIAN_POINT ( 'NONE',  ( 0.4475435055841046617, 0.3597399999999998932, -0.2303125000000000588 ) ) ;
#40 = VERTEX_POINT ( 'NONE', #3361 ) ;
#41 = FACE_OUTER_BOUND ( 'NONE', #1934, .T. ) ;
#42 =( NAMED_UNIT ( * ) PLANE_ANGLE_UNIT ( ) SI_UNIT ( $, .RADIAN. ) );
#43 = CARTESIAN_POINT ( 'NONE',  ( 0.6375765883451307570, 0.3596399999999999042, -0.3217798548428520977 ) ) ;
#44 = CARTESIAN_POINT ( 'NONE',  ( 0.4913289341928556153, 0.3597400000000000042, -0.2973072158944415899 ) ) ;
#45 = VECTOR ( 'NONE', #3136, 1000.000000000000000 ) ;
#46 = ORIENTED_EDGE ( 'NONE', *, *, #1166, .T. ) ;
#47 = DIRECTION ( 'NONE',  ( -1.000000000000000000, 0.000000000000000000, 0.000000000000000000 ) ) ;
#48 = STYLED_ITEM ( 'NONE', ( #3036 ), #3297 ) ;
#49 = CARTESIAN_POINT ( 'NONE',  ( 0.5018004237649130728, 0.3596399999999999042, -0.2648328402104253021 ) ) ;
#50 = EDGE_LOOP ( 'NONE', ( #168, #1356, #3396, #1789 ) ) ;
#51 = ORIENTED_EDGE ( 'NONE', *, *, #71, .F. ) ;
#52 = EDGE_CURVE ( 'NONE', #2266, #2302, #332, .T. ) ;
#53 = DIRECTION ( 'NONE',  ( 1.641527098757051433E-15, -1.000000000000000000, 0.000000000000000000 ) ) ;
#54 = CARTESIAN_POINT ( 'NONE',  ( 0.6793722664423086366, 0.3597399999999999487, -0.2760461774214260644 ) ) ;
#55 = FACE_BOUND ( 'NONE', #2439, .T. ) ;
#56 = ORIENTED_EDGE ( 'NONE', *, *, #2601, .T. ) ;
#57 = PLANE ( 'NONE',  #979 ) ;
#58 = LINE ( 'NONE', #1154, #517 ) ;
#59 = LINE ( 'NONE', #381, #3215 ) ;
#60 = CARTESIAN_POINT ( 'NONE',  ( 0.4609292208296680848, 0.3596399999999999042, -0.2531793387107230675 ) ) ;
#61 = STYLED_ITEM ( 'NONE', ( #2757 ), #1526 ) ;
#62 = CARTESIAN_POINT ( 'NONE',  ( 0.3364516129032257830, 0.3596399999999999597, -0.5500000000000000444 ) ) ;
#63 = VECTOR ( 'NONE', #181, 1000.000000000000000 ) ;
#65 = ADVANCED_FACE ( 'NONE', ( #2823 ), #3097, .F. ) ;
#64 = ORIENTED_EDGE ( 'NONE', *, *, #1658, .F. ) ;
#66 = COLOUR_RGB ( '',0.7921568627450980005, 0.8196078431372548767, 0.9333333333333333481 ) ;
#67 = ORIENTED_EDGE ( 'NONE', *, *, #2663, .T. ) ;
#68 =( GEOMETRIC_REPRESENTATION_CONTEXT ( 3 ) GLOBAL_UNCERTAINTY_ASSIGNED_CONTEXT ( ( #2033 ) ) GLOBAL_UNIT_ASSIGNED_CONTEXT ( ( #2739, #1965, #301 ) ) REPRESENTATION_CONTEXT ( 'NONE', 'WORKASPACE' ) );
#69 = EDGE_CURVE ( 'NONE', #1663, #175, #3406, .T. ) ;
#70 = CARTESIAN_POINT ( 'NONE',  ( 0.6793722664423086366, 0.3596399999999999042, -0.2760461774214260644 ) ) ;
#71 = EDGE_CURVE ( 'NONE', #40, #3443, #409, .T. ) ;
#72 = DIRECTION ( 'NONE',  ( 0.8911570913701436503, 0.000000000000000000, -0.4536948737871142612 ) ) ;
#73 = CARTESIAN_POINT ( 'NONE',  ( 0.6396810896176550187, 0.3596399999999999597, -0.2760461774214260644 ) ) ;
#74 = DIRECTION ( 'NONE',  ( 0.000000000000000000, 0.000000000000000000, -1.000000000000000000 ) ) ;
#75 =( NAMED_UNIT ( * ) PLANE_ANGLE_UNIT ( ) SI_UNIT ( $, .RADIAN. ) );
#76 = ORIENTED_EDGE ( 'NONE', *, *, #2723, .T. ) ;
#77 = PRESENTATION_STYLE_ASSIGNMENT (( #1984 ) ) ;
#78 = CARTESIAN_POINT ( 'NONE',  ( 0.4024999999999999689, 0.3492800000000000349, -0.5500000000000000444 ) ) ;
#79 = DIRECTION ( 'NONE',  ( 0.000000000000000000, 0.000000000000000000, 1.000000000000000000 ) ) ;
#80 = CARTESIAN_POINT ( 'NONE',  ( -0.01354838709677419310, -0.01035999999999994564, 0.000000000000000000 ) ) ;
#81 = PLANE ( 'NONE',  #1522 ) ;
#82 =( GEOMETRIC_REPRESENTATION_CONTEXT ( 3 ) GLOBAL_UNCERTAINTY_ASSIGNED_CONTEXT ( ( #777 ) ) GLOBAL_UNIT_ASSIGNED_CONTEXT ( ( #1172, #1983, #840 ) ) REPRESENTATION_CONTEXT ( 'NONE', 'WORKASPACE' ) );
#83 = VERTEX_POINT ( 'NONE', #2289 ) ;
#84 = LINE ( 'NONE', #2711, #2277 ) ;
#85 = CARTESIAN_POINT ( 'NONE',  ( 0.6375765883451307570, 0.3597399999999998377, -0.2303124999999999756 ) ) ;
#86 = VERTEX_POINT ( 'NONE', #1507 ) ;
#87 = VERTEX_POINT ( 'NONE', #2533 ) ;
#88 = LINE ( 'NONE', #1948, #2127 ) ;
#89 = DIRECTION ( 'NONE',  ( -1.000000000000000000, 0.000000000000000000, 0.000000000000000000 ) ) ;
#90 = CARTESIAN_POINT ( 'NONE',  ( 0.000000000000000000, 0.000000000000000000, 0.000000000000000000 ) ) ;
#91 = EDGE_CURVE ( 'NONE', #3443, #2892, #1244, .T. ) ;
#92 = ORIENTED_EDGE ( 'NONE', *, *, #2414, .T. ) ;
#93 = FILL_AREA_STYLE ('',( #2501 ) ) ;
#94 = LINE ( 'NONE', #2999, #910 ) ;
#95 = CARTESIAN_POINT ( 'NONE',  ( 0.7034268573996839136, 0.3596399999999999042, -0.3065352957023768088 ) ) ;
#96 = CARTESIAN_POINT ( 'NONE',  ( 0.5092364055382460064, 0.3596399999999999042, -0.2555386750974401044 ) ) ;
#97 =( NAMED_UNIT ( * ) SI_UNIT ( $, .STERADIAN. ) SOLID_ANGLE_UNIT ( ) );
#98 = EDGE_LOOP ( 'NONE', ( #2152, #2308, #2983, #2613 ) ) ;
#99 = SURFACE_STYLE_FILL_AREA ( #2046 ) ;
#100 = VECTOR ( 'NONE', #3256, 1000.000000000000000 ) ;
#101 = UNCERTAINTY_MEASURE_WITH_UNIT (LENGTH_MEASURE( 1.000000000000000082E-05 ), #1559, 'distance_accuracy_value', 'NONE');
#102 = EDGE_CURVE ( 'NONE', #1714, #16, #724, .T. ) ;
#103 = PRESENTATION_LAYER_ASSIGNMENT (  '', '', ( #48 ) ) ;
#104 = ORIENTED_EDGE ( 'NONE', *, *, #2674, .F. ) ;
#105 = ORIENTED_EDGE ( 'NONE', *, *, #2411, .F. ) ;
#106 = FILL_AREA_STYLE_COLOUR ( '', #1578 ) ;
#107 = LINE ( 'NONE', #2702, #128 ) ;
#108 = CARTESIAN_POINT ( 'NONE',  ( 0.6864516129032258718, 0.3596400000000000152, 0.000000000000000000 ) ) ;
#109 = EDGE_LOOP ( 'NONE', ( #509, #1020, #3306, #2473 ) ) ;
#110 = ADVANCED_FACE ( 'NONE', ( #3127 ), #1232, .F. ) ;
#111 = CARTESIAN_POINT ( 'NONE',  ( 0.6496038838238185065, 0.3597399999999998932, -0.2967206200255067539 ) ) ;
#112 = FACE_OUTER_BOUND ( 'NONE', #98, .T. ) ;
#113 = CARTESIAN_POINT ( 'NONE',  ( 0.4609292208296680848, 0.3597399999999998932, -0.2760461774214260644 ) ) ;
#114 = DIRECTION ( 'NONE',  ( -1.000000000000000000, 0.000000000000000000, 0.000000000000000000 ) ) ;
#115 = DIRECTION ( 'NONE',  ( 0.000000000000000000, 1.000000000000000000, 0.000000000000000000 ) ) ;
#116 = COLOUR_RGB ( '',0.8509803921568627194, 0.8509803921568627194, 0.8509803921568627194 ) ;
#117 = VERTEX_POINT ( 'NONE', #3391 ) ;
#118 =( NAMED_UNIT ( * ) PLANE_ANGLE_UNIT ( ) SI_UNIT ( $, .RADIAN. ) );
#119 = VECTOR ( 'NONE', #511, 1000.000000000000000 ) ;
#120 = AXIS2_PLACEMENT_3D ( 'NONE', #2743, #324, #2246 ) ;
#121 = STYLED_ITEM ( 'NONE', ( #1253 ), #1309 ) ;
#122 = ORIENTED_EDGE ( 'NONE', *, *, #2565, .F. ) ;
#123 = CARTESIAN_POINT ( 'NONE',  ( 0.6396810896176550187, 0.3596399999999999042, -0.2760461774214260644 ) ) ;
#124 =( GEOMETRIC_REPRESENTATION_CONTEXT ( 3 ) GLOBAL_UNCERTAINTY_ASSIGNED_CONTEXT ( ( #2634 ) ) GLOBAL_UNIT_ASSIGNED_CONTEXT ( ( #3001, #1366, #575 ) ) REPRESENTATION_CONTEXT ( 'NONE', 'WORKASPACE' ) );
#125 = DIRECTION ( 'NONE',  ( 1.000000000000000000, 0.000000000000000000, 0.000000000000000000 ) ) ;
#126 = FILL_AREA_STYLE_COLOUR ( '', #286 ) ;
#127 = CARTESIAN_POINT ( 'NONE',  ( 0.6204032258064515748, 0.000000000000000000, 0.000000000000000000 ) ) ;
#128 = VECTOR ( 'NONE', #1086, 1000.000000000000000 ) ;
#129 = ORIENTED_EDGE ( 'NONE', *, *, #1662, .T. ) ;
#130 = CARTESIAN_POINT ( 'NONE',  ( 0.3494172736732569784, 0.3596399999999999042, -0.2303125000000000588 ) ) ;
#131 = PLANE ( 'NONE',  #13 ) ;
#132 =( BOUNDED_CURVE ( )  B_SPLINE_CURVE ( 3, ( #3212, #794, #726, #668, #545, #3056, #1180 ),
 .UNSPECIFIED., .F., .F. ) 
 B_SPLINE_CURVE_WITH_KNOTS ( ( 4, 3, 4 ),
 ( 0.2500000000000000555, 0.5000000000000000000, 0.7500000000000000000 ),
 .UNSPECIFIED. ) 
 CURVE ( )  GEOMETRIC_REPRESENTATION_ITEM ( )  RATIONAL_B_SPLINE_CURVE ( ( 0.5000000000000000000, 0.5000000000000001110, 0.6666666666666667407, 1.000000000000000000, 0.6666666666666665186, 0.4999999999999998890, 0.5000000000000000000 ) ) 
 REPRESENTATION_ITEM ( '' )  );
#133 = FILL_AREA_STYLE ('',( #2543 ) ) ;
#134 = DIRECTION ( 'NONE',  ( 0.000000000000000000, 0.000000000000000000, 1.000000000000000000 ) ) ;
#135 = EDGE_CURVE ( 'NONE', #420, #250, #1715, .T. ) ;
#136 = LINE ( 'NONE', #400, #1194 ) ;
#137 = ADVANCED_FACE ( 'NONE', ( #169 ), #1205, .T. ) ;
#138 = ORIENTED_EDGE ( 'NONE', *, *, #3003, .T. ) ;
#139 = CARTESIAN_POINT ( 'NONE',  ( 0.5092364055382460064, 0.3596399999999999042, -0.2648328402104253021 ) ) ;
#140 = AXIS2_PLACEMENT_3D ( 'NONE', #2869, #449, #2594 ) ;
#141 = UNCERTAINTY_MEASURE_WITH_UNIT (LENGTH_MEASURE( 1.000000000000000082E-05 ), #1157, 'distance_accuracy_value', 'NONE');
#142 = VERTEX_POINT ( 'NONE', #1615 ) ;
#143 = CARTESIAN_POINT ( 'NONE',  ( 0.4475435055841046617, 0.3596399999999999042, -0.2303125000000000588 ) ) ;
#144 =( NAMED_UNIT ( * ) PLANE_ANGLE_UNIT ( ) SI_UNIT ( $, .RADIAN. ) );
#145 = ORIENTED_EDGE ( 'NONE', *, *, #3100, .F. ) ;
#146 = LINE ( 'NONE', #1511, #1684 ) ;
#147 = DIRECTION ( 'NONE',  ( 0.000000000000000000, 1.000000000000000000, 0.000000000000000000 ) ) ;
#148 =( NAMED_UNIT ( * ) SI_UNIT ( $, .STERADIAN. ) SOLID_ANGLE_UNIT ( ) );
#149 = PLANE ( 'NONE',  #1557 ) ;
#150 = CARTESIAN_POINT ( 'NONE',  ( 0.3817993657853980816, 0.3596399999999999042, -0.3217798548428519867 ) ) ;
#151 = DIRECTION ( 'NONE',  ( 0.000000000000000000, 0.000000000000000000, 1.000000000000000000 ) ) ;
#152 = ORIENTED_EDGE ( 'NONE', *, *, #3059, .T. ) ;
#153 = DIRECTION ( 'NONE',  ( 0.000000000000000000, -1.000000000000000000, 0.000000000000000000 ) ) ;
#154 = DIRECTION ( 'NONE',  ( 0.000000000000000000, 0.000000000000000000, 1.000000000000000000 ) ) ;
#155 =( GEOMETRIC_REPRESENTATION_CONTEXT ( 3 ) GLOBAL_UNCERTAINTY_ASSIGNED_CONTEXT ( ( #101 ) ) GLOBAL_UNIT_ASSIGNED_CONTEXT ( ( #1559, #2617, #2970 ) ) REPRESENTATION_CONTEXT ( 'NONE', 'WORKASPACE' ) );
#156 = ORIENTED_EDGE ( 'NONE', *, *, #1378, .T. ) ;
#157 = SURFACE_STYLE_USAGE ( .BOTH. , #429 ) ;
#158 = CARTESIAN_POINT ( 'NONE',  ( -5.082197683525802034E-17, 0.3389200000000000546, 0.000000000000000000 ) ) ;
#159 = CARTESIAN_POINT ( 'NONE',  ( 0.4277112521297296022, 0.3597399999999998932, -0.2800142601310718904 ) ) ;
#160 = DIRECTION ( 'NONE',  ( 1.499527228704650101E-16, -1.000000000000000000, 0.000000000000000000 ) ) ;
#161 = DIRECTION ( 'NONE',  ( -0.3505452905154256560, 0.000000000000000000, 0.9365457806735643098 ) ) ;
#162 = DIRECTION ( 'NONE',  ( 0.000000000000000000, 1.000000000000000000, 0.000000000000000000 ) ) ;
#163 = DIRECTION ( 'NONE',  ( 0.000000000000000000, 0.000000000000000000, 1.000000000000000000 ) ) ;
#164 = VECTOR ( 'NONE', #2324, 1000.000000000000000 ) ;
#165 = UNCERTAINTY_MEASURE_WITH_UNIT (LENGTH_MEASURE( 1.000000000000000082E-05 ), #2570, 'distance_accuracy_value', 'NONE');
#166 = ADVANCED_FACE ( 'NONE', ( #2084 ), #3440, .T. ) ;
#167 = COLOUR_RGB ( '',0.8980392156862745390, 0.9215686274509803377, 0.9294117647058823817 ) ;
#168 = ORIENTED_EDGE ( 'NONE', *, *, #2991, .F. ) ;
#169 = FACE_OUTER_BOUND ( 'NONE', #811, .T. ) ;
#170 =( LENGTH_UNIT ( ) NAMED_UNIT ( * ) SI_UNIT ( .MILLI., .METRE. ) );
#171 = AXIS2_PLACEMENT_3D ( 'NONE', #1748, #1213, #1489 ) ;
#172 = FACE_OUTER_BOUND ( 'NONE', #50, .T. ) ;
#173 = EDGE_CURVE ( 'NONE', #474, #2190, #761, .T. ) ;
#174 = ADVANCED_FACE ( 'NONE', ( #3179 ), #2401, .T. ) ;
#175 = VERTEX_POINT ( 'NONE', #3494 ) ;
#176 = PLANE ( 'NONE',  #3281 ) ;
#177 = DIRECTION ( 'NONE',  ( -1.000000000000000000, 0.000000000000000000, 0.000000000000000000 ) ) ;
#178 = AXIS2_PLACEMENT_3D ( 'NONE', #315, #2446, #335 ) ;
#179 = CARTESIAN_POINT ( 'NONE',  ( 0.3181605184615174386, 0.3597399999999998932, -0.3217798548428519867 ) ) ;
#180 = VECTOR ( 'NONE', #2776, 1000.000000000000000 ) ;
#181 = DIRECTION ( 'NONE',  ( 1.000000000000000000, 0.000000000000000000, 0.000000000000000000 ) ) ;
#182 = LINE ( 'NONE', #1254, #2199 ) ;
#183 = PLANE ( 'NONE',  #3243 ) ;
#184 = FILL_AREA_STYLE ('',( #2177 ) ) ;
#185 = VERTEX_POINT ( 'NONE', #543 ) ;
#186 = CARTESIAN_POINT ( 'NONE',  ( 0.7034268573996839136, 0.3596399999999999042, -0.2760461774214260644 ) ) ;
#187 = COLOUR_RGB ( '',0.8980392156862745390, 0.9215686274509803377, 0.9294117647058823817 ) ;
#188 = CARTESIAN_POINT ( 'NONE',  ( 0.5720080092446299114, 0.3597399999999998932, -0.2861521549939672338 ) ) ;
#189 = PLANE ( 'NONE',  #3324 ) ;
#190 = ORIENTED_EDGE ( 'NONE', *, *, #2608, .F. ) ;
#191 = LINE ( 'NONE', #1587, #343 ) ;
#192 = LINE ( 'NONE', #3117, #2434 ) ;
#193 = LINE ( 'NONE', #462, #164 ) ;
#194 = VECTOR ( 'NONE', #1997, 1000.000000000000000 ) ;
#195 = LINE ( 'NONE', #1252, #2631 ) ;
#196 = VERTEX_POINT ( 'NONE', #1826 ) ;
#197 = DIRECTION ( 'NONE',  ( -0.3957804518716950826, 0.000000000000000000, -0.9183451605557884090 ) ) ;
#198 = CARTESIAN_POINT ( 'NONE',  ( 0.5340505671401701848, 0.3597399999999998932, -0.3217798548428519867 ) ) ;
#199 = UNCERTAINTY_MEASURE_WITH_UNIT (LENGTH_MEASURE( 1.000000000000000082E-05 ), #635, 'distance_accuracy_value', 'NONE');
#200 = ORIENTED_EDGE ( 'NONE', *, *, #790, .F. ) ;
#201 = ORIENTED_EDGE ( 'NONE', *, *, #703, .F. ) ;
#202 = CARTESIAN_POINT ( 'NONE',  ( 0.5340505671401701848, 0.3596399999999999042, -0.2303125000000000588 ) ) ;
#203 = CARTESIAN_POINT ( 'NONE',  ( 1.022903225806451655, 0.000000000000000000, 0.000000000000000000 ) ) ;
#204 = DIRECTION ( 'NONE',  ( -0.4536948737871142057, -0.000000000000000000, -0.8911570913701436503 ) ) ;
#205 = ADVANCED_FACE ( 'NONE', ( #779 ), #1034, .T. ) ;
#206 = ORIENTED_EDGE ( 'NONE', *, *, #1212, .F. ) ;
#207 = AXIS2_PLACEMENT_3D ( 'NONE', #858, #360, #1950 ) ;
#208 = CARTESIAN_POINT ( 'NONE',  ( 0.5720080092446299114, 0.3597399999999998932, -0.2981571804488010735 ) ) ;
#209 = LINE ( 'NONE', #1028, #3118 ) ;
#210 = FACE_OUTER_BOUND ( 'NONE', #1209, .T. ) ;
#211 =( BOUNDED_SURFACE ( )  B_SPLINE_SURFACE ( 3, 1, ( 
 ( #860, #113 ),
 ( #60, #3090 ),
 ( #2226, #3314 ),
 ( #1175, #2185 ) ),
 .UNSPECIFIED., .F., .F., .F. ) 
 B_SPLINE_SURFACE_WITH_KNOTS ( ( 4, 4 ),
 ( 2, 2 ),
 ( 0.000000000000000000, 0.2499999999999265587 ),
 ( 0.000000000000000000, 1.000000000000000000 ),
 .UNSPECIFIED. ) 
 GEOMETRIC_REPRESENTATION_ITEM ( )  RATIONAL_B_SPLINE_SURFACE ( (
 ( 1.000000000000000000, 1.000000000000000000),
 ( 0.6666666666667646624, 0.6666666666667646624),
 ( 0.5000000000000979217, 0.5000000000000979217),
 ( 0.5000000000000000000, 0.5000000000000000000) ) ) 
 REPRESENTATION_ITEM ( '' )  SURFACE ( )  );
#212 = VERTEX_POINT ( 'NONE', #2368 ) ;
#213 = ADVANCED_FACE ( 'NONE', ( #1542 ), #2931, .T. ) ;
#214 = ADVANCED_FACE ( 'NONE', ( #995 ), #2131, .T. ) ;
#215 = CARTESIAN_POINT ( 'NONE',  ( 0.7364516129032256941, 0.000000000000000000, -0.5500000000000000444 ) ) ;
#216 = EDGE_LOOP ( 'NONE', ( #564, #954, #1649, #2215, #1631, #880, #2517, #459, #413, #1657, #2761, #1440, #887 ) ) ;
#217 = AXIS2_PLACEMENT_3D ( 'NONE', #2417, #2165, #2437 ) ;
#218 = DIRECTION ( 'NONE',  ( 0.000000000000000000, 0.000000000000000000, -1.000000000000000000 ) ) ;
#219 = PLANE ( 'NONE',  #3491 ) ;
#220 = EDGE_LOOP ( 'NONE', ( #329, #896, #2677, #2766 ) ) ;
#221 = AXIS2_PLACEMENT_3D ( 'NONE', #822, #72, #2431 ) ;
#222 = CARTESIAN_POINT ( 'NONE',  ( 0.5092364055382460064, 0.3596399999999999042, -0.2555386750974401044 ) ) ;
#223 = CARTESIAN_POINT ( 'NONE',  ( 0.5092364055382460064, 0.3597399999999998932, -0.2648328402104253021 ) ) ;
#224 = CARTESIAN_POINT ( 'NONE',  ( 0.2864516129032258496, 0.000000000000000000, 0.000000000000000000 ) ) ;
#225 = LINE ( 'NONE', #1308, #2057 ) ;
#226 = AXIS2_PLACEMENT_3D ( 'NONE', #2365, #993, #2890 ) ;
#227 = VECTOR ( 'NONE', #2264, 1000.000000000000000 ) ;
#228 = ORIENTED_EDGE ( 'NONE', *, *, #873, .F. ) ;
#229 = STYLED_ITEM ( 'NONE', ( #536 ), #1800 ) ;
#230 = CARTESIAN_POINT ( 'NONE',  ( 0.2864516129032258496, 0.000000000000000000, -0.5500000000000000444 ) ) ;
#231 = SURFACE_SIDE_STYLE ('',( #3205 ) ) ;
#232 = PRESENTATION_STYLE_ASSIGNMENT (( #1383 ) ) ;
#233 = FACE_OUTER_BOUND ( 'NONE', #2234, .T. ) ;
#234 = ADVANCED_FACE ( 'NONE', ( #817 ), #2063, .T. ) ;
#235 = UNCERTAINTY_MEASURE_WITH_UNIT (LENGTH_MEASURE( 1.000000000000000082E-05 ), #1556, 'distance_accuracy_value', 'NONE');
#236 = ORIENTED_EDGE ( 'NONE', *, *, #1105, .F. ) ;
#237 =( NAMED_UNIT ( * ) PLANE_ANGLE_UNIT ( ) SI_UNIT ( $, .RADIAN. ) );
#238 = VERTEX_POINT ( 'NONE', #1650 ) ;
#239 = PRESENTATION_LAYER_ASSIGNMENT (  '', '', ( #1041 ) ) ;
#240 = CARTESIAN_POINT ( 'NONE',  ( 0.5048294001993700597, 0.3596399999999999042, -0.2303124999999999756 ) ) ;
#241 = CARTESIAN_POINT ( 'NONE',  ( 0.5018004237649130728, 0.3597399999999998932, -0.2867339163362680465 ) ) ;
#242 = LINE ( 'NONE', #3198, #1007 ) ;
#243 = DIRECTION ( 'NONE',  ( 0.000000000000000000, 0.000000000000000000, -1.000000000000000000 ) ) ;
#244 = VECTOR ( 'NONE', #2647, 1000.000000000000000 ) ;
#245 = EDGE_LOOP ( 'NONE', ( #327, #293, #3187, #1733 ) ) ;
#246 = SURFACE_STYLE_USAGE ( .BOTH. , #1103 ) ;
#247 = CARTESIAN_POINT ( 'NONE',  ( 0.6156264986602797418, 0.3596399999999999042, -0.2760461774214260644 ) ) ;
#248 = EDGE_CURVE ( 'NONE', #2428, #196, #616, .T. ) ;
#249 = CARTESIAN_POINT ( 'NONE',  ( 0.4391568664862917082, 0.3597399999999998932, -0.3217798548428519867 ) ) ;
#250 = VERTEX_POINT ( 'NONE', #1632 ) ;
#251 = CARTESIAN_POINT ( 'NONE',  ( 0.6083538709714563231, 0.3596399999999999042, -0.2658365140879892508 ) ) ;
#252 = CARTESIAN_POINT ( 'NONE',  ( 0.4609292208296681403, 0.3596399999999999042, -0.2760461774214260644 ) ) ;
#253 = CARTESIAN_POINT ( 'NONE',  ( 1.022903225806451655, 0.3492799999999999794, -0.5500000000000000444 ) ) ;
#254 = ORIENTED_EDGE ( 'NONE', *, *, #946, .T. ) ;
#255 = PLANE ( 'NONE',  #1471 ) ;
#256 = DIRECTION ( 'NONE',  ( 0.000000000000000000, 0.000000000000000000, 1.000000000000000000 ) ) ;
#257 = LINE ( 'NONE', #224, #2762 ) ;
#258 = CARTESIAN_POINT ( 'NONE',  ( 0.5720080092446299114, 0.3596399999999999042, -0.2529653581143512242 ) ) ;
#259 = EDGE_LOOP ( 'NONE', ( #766, #615, #670, #1602 ) ) ;
#260 =( GEOMETRIC_REPRESENTATION_CONTEXT ( 3 ) GLOBAL_UNCERTAINTY_ASSIGNED_CONTEXT ( ( #3422 ) ) GLOBAL_UNIT_ASSIGNED_CONTEXT ( ( #1142, #2864, #3149 ) ) REPRESENTATION_CONTEXT ( 'NONE', 'WORKASPACE' ) );
#261 = CARTESIAN_POINT ( 'NONE',  ( 0.6396810896176551298, 0.3596399999999999597, -0.2760461774214260089 ) ) ;
#262 = SURFACE_SIDE_STYLE ('',( #2628 ) ) ;
#263 = FACE_OUTER_BOUND ( 'NONE', #1944, .T. ) ;
#264 = CARTESIAN_POINT ( 'NONE',  ( 0.6128253512280777970, 0.3596399999999999042, -0.3217798548428519867 ) ) ;
#265 = MECHANICAL_DESIGN_GEOMETRIC_PRESENTATION_REPRESENTATION (  '', ( #48 ), #897 ) ;
#266 = CARTESIAN_POINT ( 'NONE',  ( 0.4935039803498789679, 0.3597399999999999487, -0.2519119298277429086 ) ) ;
#267 = ORIENTED_EDGE ( 'NONE', *, *, #2916, .T. ) ;
#268 = DIRECTION ( 'NONE',  ( -0.3371883281319000836, -0.000000000000000000, -0.9414372158416163261 ) ) ;
#269 = ADVANCED_FACE ( 'NONE', ( #2986 ), #2192, .T. ) ;
#270 =( NAMED_UNIT ( * ) PLANE_ANGLE_UNIT ( ) SI_UNIT ( $, .RADIAN. ) );
#271 = ORIENTED_EDGE ( 'NONE', *, *, #3351, .F. ) ;
#272 = EDGE_LOOP ( 'NONE', ( #2644, #917, #64 ) ) ;
#273 = DIRECTION ( 'NONE',  ( 1.000000000000000000, 0.000000000000000000, 0.000000000000000000 ) ) ;
#274 = CARTESIAN_POINT ( 'NONE',  ( 1.022903225806451655, -0.01035999999999994911, 0.000000000000000000 ) ) ;
#275 = CARTESIAN_POINT ( 'NONE',  ( 0.4475435055841046617, 0.3596399999999999042, -0.2303125000000000588 ) ) ;
#276 = CARTESIAN_POINT ( 'NONE',  ( 0.3364516129032257830, 0.3596399999999999597, 0.000000000000000000 ) ) ;
#277 = EDGE_CURVE ( 'NONE', #709, #1277, #3303, .T. ) ;
#278 = EDGE_CURVE ( 'NONE', #196, #2047, #84, .T. ) ;
#279 = ORIENTED_EDGE ( 'NONE', *, *, #1836, .F. ) ;
#280 = AXIS2_PLACEMENT_3D ( 'NONE', #1426, #53, #2201 ) ;
#281 = CARTESIAN_POINT ( 'NONE',  ( 0.6793722664423087476, 0.3597399999999998932, -0.2760461774214260644 ) ) ;
#282 =( NAMED_UNIT ( * ) PLANE_ANGLE_UNIT ( ) SI_UNIT ( $, .RADIAN. ) );
#283 = PLANE ( 'NONE',  #738 ) ;
#284 = VECTOR ( 'NONE', #785, 1000.000000000000000 ) ;
#285 = CARTESIAN_POINT ( 'NONE',  ( 0.000000000000000000, 0.000000000000000000, 0.000000000000000000 ) ) ;
#286 = COLOUR_RGB ( '',0.8980392156862745390, 0.9215686274509803377, 0.9294117647058823817 ) ;
#287 = CARTESIAN_POINT ( 'NONE',  ( 0.3817993657853980816, 0.3597399999999998932, -0.3217798548428519867 ) ) ;
#288 = VECTOR ( 'NONE', #1551, 1000.000000000000000 ) ;
#289 = VERTEX_POINT ( 'NONE', #883 ) ;
#290 = ORIENTED_EDGE ( 'NONE', *, *, #1492, .F. ) ;
#291 = COLOUR_RGB ( '',0.1019607843137254888, 0.1019607843137254888, 0.1019607843137254888 ) ;
#292 = CARTESIAN_POINT ( 'NONE',  ( 0.6156264986602799638, 0.3597399999999998932, -0.2760461774214260644 ) ) ;
#293 = ORIENTED_EDGE ( 'NONE', *, *, #2344, .T. ) ;
#294 = CARTESIAN_POINT ( 'NONE',  ( 0.6083538709714563231, 0.3596399999999999042, -0.2658365140879892508 ) ) ;
#295 = SURFACE_SIDE_STYLE ('',( #3308 ) ) ;
#296 = CARTESIAN_POINT ( 'NONE',  ( 0.5018004237649130728, 0.3596399999999999042, -0.2648328402104253021 ) ) ;
#297 =( NAMED_UNIT ( * ) PLANE_ANGLE_UNIT ( ) SI_UNIT ( $, .RADIAN. ) );
#298 = SURFACE_STYLE_USAGE ( .BOTH. , #3293 ) ;
#299 = VECTOR ( 'NONE', #923, 1000.000000000000000 ) ;
#300 = EDGE_LOOP ( 'NONE', ( #3033, #675, #17, #3016 ) ) ;
#301 =( NAMED_UNIT ( * ) SI_UNIT ( $, .STERADIAN. ) SOLID_ANGLE_UNIT ( ) );
#302 = MECHANICAL_DESIGN_GEOMETRIC_PRESENTATION_REPRESENTATION (  '', ( #707 ), #1321 ) ;
#303 = LINE ( 'NONE', #1121, #1681 ) ;
#304 = CARTESIAN_POINT ( 'NONE',  ( 0.6204032258064515748, 0.3492800000000000349, -0.5500000000000000444 ) ) ;
#305 = LINE ( 'NONE', #3228, #2946 ) ;
#306 = PRESENTATION_LAYER_ASSIGNMENT (  '', '', ( #2731 ) ) ;
#307 = ORIENTED_EDGE ( 'NONE', *, *, #988, .T. ) ;
#308 = EDGE_LOOP ( 'NONE', ( #1628, #1050, #1696, #3265 ) ) ;
#309 = VERTEX_POINT ( 'NONE', #2231 ) ;
#310 = SURFACE_STYLE_USAGE ( .BOTH. , #1278 ) ;
#311 = ORIENTED_EDGE ( 'NONE', *, *, #437, .T. ) ;
#312 = VERTEX_POINT ( 'NONE', #34 ) ;
#313 = SURFACE_STYLE_FILL_AREA ( #836 ) ;
#314 = LINE ( 'NONE', #2478, #1873 ) ;
#315 = CARTESIAN_POINT ( 'NONE',  ( 0.000000000000000000, 0.000000000000000000, -0.5500000000000000444 ) ) ;
#316 = EDGE_CURVE ( 'NONE', #868, #1243, #1111, .T. ) ;
#317 = EDGE_LOOP ( 'NONE', ( #1335, #369 ) ) ;
#318 = CARTESIAN_POINT ( 'NONE',  ( 0.6204032258064515748, 0.3389200000000000546, -0.5500000000000000444 ) ) ;
#319 =( NAMED_UNIT ( * ) SI_UNIT ( $, .STERADIAN. ) SOLID_ANGLE_UNIT ( ) );
#320 = CARTESIAN_POINT ( 'NONE',  ( 0.6156264986602799638, 0.3596399999999999597, -0.3065352957023768088 ) ) ;
#321 = SURFACE_SIDE_STYLE ('',( #2504 ) ) ;
#322 = EDGE_CURVE ( 'NONE', #337, #312, #2153, .T. ) ;
#323 = VECTOR ( 'NONE', #365, 1000.000000000000000 ) ;
#324 = DIRECTION ( 'NONE',  ( 0.000000000000000000, -1.000000000000000000, 0.000000000000000000 ) ) ;
#325 = PRESENTATION_LAYER_ASSIGNMENT (  '', '', ( #2633 ) ) ;
#326 = EDGE_CURVE ( 'NONE', #709, #1091, #1127, .T. ) ;
#327 = ORIENTED_EDGE ( 'NONE', *, *, #91, .T. ) ;
#328 = EDGE_CURVE ( 'NONE', #859, #1025, #1923, .T. ) ;
#329 = ORIENTED_EDGE ( 'NONE', *, *, #3144, .F. ) ;
#330 =( NAMED_UNIT ( * ) PLANE_ANGLE_UNIT ( ) SI_UNIT ( $, .RADIAN. ) );
#331 = PLANE ( 'NONE',  #1283 ) ;
#332 =( BOUNDED_CURVE ( )  B_SPLINE_CURVE ( 3, ( #1772, #2599, #1219, #2022, #982, #2251, #186 ),
 .UNSPECIFIED., .F., .F. ) 
 B_SPLINE_CURVE_WITH_KNOTS ( ( 4, 3, 4 ),
 ( 0.7500000000000000000, 1.000000000000000000, 1.250000000000000000 ),
 .UNSPECIFIED. ) 
 CURVE ( )  GEOMETRIC_REPRESENTATION_ITEM ( )  RATIONAL_B_SPLINE_CURVE ( ( 0.5000000000000000000, 0.5000000000000000000, 0.6666666666666667407, 1.000000000000000000, 0.6666666666666667407, 0.5000000000000000000, 0.5000000000000000000 ) ) 
 REPRESENTATION_ITEM ( '' )  );
#333 = VERTEX_POINT ( 'NONE', #3107 ) ;
#334 = LINE ( 'NONE', #1403, #1367 ) ;
#335 = DIRECTION ( 'NONE',  ( 0.000000000000000000, -0.000000000000000000, -1.000000000000000000 ) ) ;
#336 = SURFACE_SIDE_STYLE ('',( #3344 ) ) ;
#337 = VERTEX_POINT ( 'NONE', #2854 ) ;
#338 =( GEOMETRIC_REPRESENTATION_CONTEXT ( 3 ) GLOBAL_UNCERTAINTY_ASSIGNED_CONTEXT ( ( #673 ) ) GLOBAL_UNIT_ASSIGNED_CONTEXT ( ( #1797, #681, #699 ) ) REPRESENTATION_CONTEXT ( 'NONE', 'WORKASPACE' ) );
#339 =( NAMED_UNIT ( * ) SI_UNIT ( $, .STERADIAN. ) SOLID_ANGLE_UNIT ( ) );
#340 =( LENGTH_UNIT ( ) NAMED_UNIT ( * ) SI_UNIT ( .MILLI., .METRE. ) );
#341 = CARTESIAN_POINT ( 'NONE',  ( 0.4078789986753544317, 0.3596399999999999042, -0.2303125000000000588 ) ) ;
#342 = CARTESIAN_POINT ( 'NONE',  ( 0.4846074325881031264, 0.3596399999999999042, -0.2746338298333769190 ) ) ;
#343 = VECTOR ( 'NONE', #475, 1000.000000000000000 ) ;
#344 = VECTOR ( 'NONE', #2328, 1000.000000000000000 ) ;
#345 = CARTESIAN_POINT ( 'NONE',  ( 0.3181605184615174386, 0.3597399999999998932, -0.3217798548428519867 ) ) ;
#346 = CARTESIAN_POINT ( 'NONE',  ( 0.6128253512280777970, 0.3596399999999999042, -0.3217798548428519867 ) ) ;
#347 = ORIENTED_EDGE ( 'NONE', *, *, #3095, .T. ) ;
#348 = PRESENTATION_LAYER_ASSIGNMENT (  '', '', ( #1866 ) ) ;
#349 = VERTEX_POINT ( 'NONE', #978 ) ;
#350 = FILL_AREA_STYLE_COLOUR ( '', #1096 ) ;
#351 = EDGE_CURVE ( 'NONE', #333, #664, #654, .T. ) ;
#352 = EDGE_CURVE ( 'NONE', #333, #2984, #2840, .T. ) ;
#353 =( NAMED_UNIT ( * ) SI_UNIT ( $, .STERADIAN. ) SOLID_ANGLE_UNIT ( ) );
#354 = EDGE_LOOP ( 'NONE', ( #2745, #1147 ) ) ;
#355 = STYLED_ITEM ( 'NONE', ( #1448 ), #2404 ) ;
#356 = VERTEX_POINT ( 'NONE', #3094 ) ;
#357 = CARTESIAN_POINT ( 'NONE',  ( 0.000000000000000000, 0.000000000000000000, -0.5500000000000000444 ) ) ;
#358 = CARTESIAN_POINT ( 'NONE',  ( 0.4214667486344135794, 0.3597399999999998932, -0.2655248897291799248 ) ) ;
#359 = SURFACE_STYLE_FILL_AREA ( #2160 ) ;
#360 = DIRECTION ( 'NONE',  ( 0.000000000000000000, -1.000000000000000000, 0.000000000000000000 ) ) ;
#361 = ORIENTED_EDGE ( 'NONE', *, *, #1063, .T. ) ;
#362 =( LENGTH_UNIT ( ) NAMED_UNIT ( * ) SI_UNIT ( .MILLI., .METRE. ) );
#363 = DIRECTION ( 'NONE',  ( 1.000000000000000000, -8.207635493785257163E-16, 0.000000000000000000 ) ) ;
#364 = DIRECTION ( 'NONE',  ( 0.000000000000000000, 0.000000000000000000, -1.000000000000000000 ) ) ;
#365 = DIRECTION ( 'NONE',  ( -1.499527228704650347E-16, -1.000000000000000000, 0.000000000000000000 ) ) ;
#366 = SURFACE_STYLE_FILL_AREA ( #648 ) ;
#367 = EDGE_CURVE ( 'NONE', #2062, #1754, #2804, .T. ) ;
#368 = ORIENTED_EDGE ( 'NONE', *, *, #326, .T. ) ;
#369 = ORIENTED_EDGE ( 'NONE', *, *, #2132, .T. ) ;
#370 = CLOSED_SHELL ( 'NONE', ( #390, #27, #1384, #2670, #1713, #658, #1371, #1780, #3263, #721, #2795, #480, #1155 ) ) ;
#371 = ADVANCED_FACE ( 'NONE', ( #2248 ), #2563, .T. ) ;
#372 = ORIENTED_EDGE ( 'NONE', *, *, #1128, .F. ) ;
#373 = ORIENTED_EDGE ( 'NONE', *, *, #2836, .T. ) ;
#374 = DIRECTION ( 'NONE',  ( -1.000000000000000000, 9.420898089804255066E-18, 0.000000000000000000 ) ) ;
#375 = CARTESIAN_POINT ( 'NONE',  ( 0.7034268573996838025, 0.3597399999999997822, -0.2760461774214260644 ) ) ;
#376 =( NAMED_UNIT ( * ) SI_UNIT ( $, .STERADIAN. ) SOLID_ANGLE_UNIT ( ) );
#377 = DIRECTION ( 'NONE',  ( 1.000000000000000000, 0.000000000000000000, 0.000000000000000000 ) ) ;
#378 = VERTEX_POINT ( 'NONE', #1199 ) ;
#379 = CARTESIAN_POINT ( 'NONE',  ( 0.6694494722361452599, 0.3597399999999998932, -0.2967206200255066983 ) ) ;
#380 = SURFACE_SIDE_STYLE ('',( #2484 ) ) ;
#381 = CARTESIAN_POINT ( 'NONE',  ( 0.4078789986753544317, 0.3596399999999999042, -0.2303125000000000588 ) ) ;
#382 =( LENGTH_UNIT ( ) NAMED_UNIT ( * ) SI_UNIT ( .MILLI., .METRE. ) );
#383 = DIRECTION ( 'NONE',  ( 0.000000000000000000, 0.000000000000000000, 1.000000000000000000 ) ) ;
#384 = ORIENTED_EDGE ( 'NONE', *, *, #1892, .F. ) ;
#385 = VECTOR ( 'NONE', #878, 1000.000000000000000 ) ;
#386 = UNCERTAINTY_MEASURE_WITH_UNIT (LENGTH_MEASURE( 1.000000000000000082E-05 ), #928, 'distance_accuracy_value', 'NONE');
#387 = STYLED_ITEM ( 'NONE', ( #1496 ), #3420 ) ;
#388 = ORIENTED_EDGE ( 'NONE', *, *, #1467, .T. ) ;
#389 = CARTESIAN_POINT ( 'NONE',  ( 0.6396810896176550187, 0.3596399999999999042, -0.3173950626295872768 ) ) ;
#390 = ADVANCED_FACE ( 'NONE', ( #1216 ), #2300, .T. ) ;
#391 = CARTESIAN_POINT ( 'NONE',  ( 0.3820297775112107552, 0.3596399999999999042, -0.2303125000000000588 ) ) ;
#392 = CARTESIAN_POINT ( 'NONE',  ( 0.6204032258064515748, 0.3389200000000000546, 0.000000000000000000 ) ) ;
#393 = EDGE_LOOP ( 'NONE', ( #1330, #3214, #2034, #1976 ) ) ;
#394 = FILL_AREA_STYLE_COLOUR ( '', #1885 ) ;
#395 = CARTESIAN_POINT ( 'NONE',  ( 0.6083538709714563231, 0.3596399999999999042, -0.2861521549939672338 ) ) ;
#396 = CARTESIAN_POINT ( 'NONE',  ( 0.4845667396539458660, 0.3596399999999998487, -0.2886687332882878487 ) ) ;
#397 = LINE ( 'NONE', #2741, #2918 ) ;
#398 = EDGE_CURVE ( 'NONE', #1398, #333, #1732, .T. ) ;
#399 = VECTOR ( 'NONE', #2227, 1000.000000000000000 ) ;
#400 = CARTESIAN_POINT ( 'NONE',  ( 0.4078789986753544317, 0.3597399999999998932, -0.2303125000000000588 ) ) ;
#401 = DIRECTION ( 'NONE',  ( -1.000000000000000000, 2.500763939512695981E-16, 0.000000000000000000 ) ) ;
#402 = PRESENTATION_LAYER_ASSIGNMENT (  '', '', ( #2305 ) ) ;
#403 = ORIENTED_EDGE ( 'NONE', *, *, #697, .T. ) ;
#404 = SURFACE_SIDE_STYLE ('',( #99 ) ) ;
#405 = MECHANICAL_DESIGN_GEOMETRIC_PRESENTATION_REPRESENTATION (  '', ( #1925 ), #3338 ) ;
#406 = STYLED_ITEM ( 'NONE', ( #895 ), #2657 ) ;
#407 = AXIS2_PLACEMENT_3D ( 'NONE', #1977, #3066, #640 ) ;
#408 = EDGE_LOOP ( 'NONE', ( #2430, #1372, #713, #1568, #2828, #1644, #3069, #3030 ) ) ;
#409 = LINE ( 'NONE', #439, #2443 ) ;
#410 = STYLED_ITEM ( 'NONE', ( #1594 ), #2910 ) ;
#411 = DIRECTION ( 'NONE',  ( 0.000000000000000000, 1.000000000000000000, 0.000000000000000000 ) ) ;
#412 = VECTOR ( 'NONE', #2164, 1000.000000000000000 ) ;
#413 = ORIENTED_EDGE ( 'NONE', *, *, #1054, .T. ) ;
#414 =( NAMED_UNIT ( * ) SI_UNIT ( $, .STERADIAN. ) SOLID_ANGLE_UNIT ( ) );
#415 = SURFACE_STYLE_USAGE ( .BOTH. , #2605 ) ;
#416 = CARTESIAN_POINT ( 'NONE',  ( 0.4930809662671083449, 0.3596399999999998487, -0.2973072158944792265 ) ) ;
#417 = LINE ( 'NONE', #2070, #2810 ) ;
#418 = CARTESIAN_POINT ( 'NONE',  ( 0.4024999999999999689, 0.3492800000000000349, -0.5500000000000000444 ) ) ;
#419 = DIRECTION ( 'NONE',  ( 0.000000000000000000, 0.000000000000000000, 1.000000000000000000 ) ) ;
#420 = VERTEX_POINT ( 'NONE', #2819 ) ;
#421 = DIRECTION ( 'NONE',  ( 0.000000000000000000, 0.000000000000000000, -1.000000000000000000 ) ) ;
#422 = ADVANCED_FACE ( 'NONE', ( #1476 ), #2549, .T. ) ;
#423 = UNCERTAINTY_MEASURE_WITH_UNIT (LENGTH_MEASURE( 1.000000000000000082E-05 ), #2254, 'distance_accuracy_value', 'NONE');
#424 = ORIENTED_EDGE ( 'NONE', *, *, #1534, .T. ) ;
#425 = SURFACE_STYLE_USAGE ( .BOTH. , #2581 ) ;
#426 = SURFACE_STYLE_USAGE ( .BOTH. , #935 ) ;
#427 = VECTOR ( 'NONE', #1298, 1000.000000000000000 ) ;
#428 = ORIENTED_EDGE ( 'NONE', *, *, #2098, .F. ) ;
#429 = SURFACE_SIDE_STYLE ('',( #2556 ) ) ;
#430 = FILL_AREA_STYLE ('',( #1760 ) ) ;
#431 = DIRECTION ( 'NONE',  ( -1.000000000000000000, -1.499527228704650101E-16, 0.000000000000000000 ) ) ;
#432 = EDGE_CURVE ( 'NONE', #32, #1714, #722, .T. ) ;
#433 = LINE ( 'NONE', #704, #63 ) ;
#434 = DIRECTION ( 'NONE',  ( 9.420898089804255066E-18, 1.000000000000000000, 0.000000000000000000 ) ) ;
#435 = DIRECTION ( 'NONE',  ( 0.000000000000000000, 1.000000000000000000, 0.000000000000000000 ) ) ;
#436 = EDGE_CURVE ( 'NONE', #1665, #2170, #2020, .T. ) ;
#437 = EDGE_CURVE ( 'NONE', #2781, #498, #1505, .T. ) ;
#438 = ORIENTED_EDGE ( 'NONE', *, *, #2835, .T. ) ;
#439 = CARTESIAN_POINT ( 'NONE',  ( -5.082197683525802034E-17, 0.3389200000000000546, 0.000000000000000000 ) ) ;
#440 = MECHANICAL_DESIGN_GEOMETRIC_PRESENTATION_REPRESENTATION (  '', ( #3262 ), #2982 ) ;
#441 =( NAMED_UNIT ( * ) SI_UNIT ( $, .STERADIAN. ) SOLID_ANGLE_UNIT ( ) );
#442 = VECTOR ( 'NONE', #377, 1000.000000000000000 ) ;
#443 = ORIENTED_EDGE ( 'NONE', *, *, #1467, .F. ) ;
#444 =( NAMED_UNIT ( * ) PLANE_ANGLE_UNIT ( ) SI_UNIT ( $, .RADIAN. ) );
#445 = DIRECTION ( 'NONE',  ( 1.000000000000000000, -1.499527228704650101E-16, 0.000000000000000000 ) ) ;
#446 = CARTESIAN_POINT ( 'NONE',  ( 0.6128253512280777970, 0.3597399999999998932, -0.2529653581143512242 ) ) ;
#447 = CARTESIAN_POINT ( 'NONE',  ( 0.3820297775112107552, 0.3597399999999998932, -0.2303125000000000588 ) ) ;
#448 = LINE ( 'NONE', #2592, #1745 ) ;
#449 = DIRECTION ( 'NONE',  ( 0.000000000000000000, 0.000000000000000000, -1.000000000000000000 ) ) ;
#450 =( GEOMETRIC_REPRESENTATION_CONTEXT ( 3 ) GLOBAL_UNCERTAINTY_ASSIGNED_CONTEXT ( ( #1973 ) ) GLOBAL_UNIT_ASSIGNED_CONTEXT ( ( #1029, #773, #2943 ) ) REPRESENTATION_CONTEXT ( 'NONE', 'WORKASPACE' ) );
#451 = VECTOR ( 'NONE', #1000, 1000.000000000000000 ) ;
#452 = VERTEX_POINT ( 'NONE', #1442 ) ;
#453 = SURFACE_STYLE_USAGE ( .BOTH. , #2872 ) ;
#454 = ADVANCED_FACE ( 'NONE', ( #2508 ), #1520, .T. ) ;
#455 = VECTOR ( 'NONE', #856, 1000.000000000000000 ) ;
#456 = VECTOR ( 'NONE', #1280, 1000.000000000000000 ) ;
#457 = FILL_AREA_STYLE_COLOUR ( '', #1847 ) ;
#458 = MECHANICAL_DESIGN_GEOMETRIC_PRESENTATION_REPRESENTATION (  '', ( #355 ), #2538 ) ;
#459 = ORIENTED_EDGE ( 'NONE', *, *, #885, .T. ) ;
#460 = LINE ( 'NONE', #202, #2077 ) ;
#461 = PRESENTATION_STYLE_ASSIGNMENT (( #415 ) ) ;
#462 = CARTESIAN_POINT ( 'NONE',  ( 0.4024999999999999689, 0.3492800000000000349, -0.5500000000000000444 ) ) ;
#463 = VECTOR ( 'NONE', #1484, 1000.000000000000000 ) ;
#464 = CARTESIAN_POINT ( 'NONE',  ( 0.4339557556250456249, 0.3596399999999999042, -0.2655248897291799248 ) ) ;
#465 = DIRECTION ( 'NONE',  ( -1.000000000000000000, 0.000000000000000000, -0.000000000000000000 ) ) ;
#466 = FACE_OUTER_BOUND ( 'NONE', #2811, .T. ) ;
#467 = APPLICATION_CONTEXT ( 'automotive_design' ) ;
#468 = EDGE_LOOP ( 'NONE', ( #753, #2638, #138, #2749 ) ) ;
#469 = CARTESIAN_POINT ( 'NONE',  ( 0.6396810896176550187, 0.3596399999999999042, -0.2760461774214260644 ) ) ;
#470 = VECTOR ( 'NONE', #1680, 1000.000000000000000 ) ;
#471 = LINE ( 'NONE', #2064, #1143 ) ;
#472 = ADVANCED_FACE ( 'NONE', ( #2330 ), #1785, .T. ) ;
#473 = CARTESIAN_POINT ( 'NONE',  ( 1.036451612903225961, -0.01035999999999994564, -0.5500000000000000444 ) ) ;
#474 = VERTEX_POINT ( 'NONE', #3421 ) ;
#475 = DIRECTION ( 'NONE',  ( 0.000000000000000000, 1.000000000000000000, 0.000000000000000000 ) ) ;
#476 = CARTESIAN_POINT ( 'NONE',  ( 0.7034268573996839136, 0.3597399999999998932, -0.3065352957023768088 ) ) ;
#477 = DIRECTION ( 'NONE',  ( 1.000000000000000000, 0.000000000000000000, 0.000000000000000000 ) ) ;
#478 = COLOUR_RGB ( '',0.1019607843137254888, 0.1019607843137254888, 0.1019607843137254888 ) ;
#479 = SURFACE_SIDE_STYLE ('',( #530 ) ) ;
#480 = ADVANCED_FACE ( 'NONE', ( #992 ), #183, .F. ) ;
#481 = EDGE_LOOP ( 'NONE', ( #2500, #1260, #729, #1666 ) ) ;
#482 = FACE_OUTER_BOUND ( 'NONE', #1431, .T. ) ;
#483 = LINE ( 'NONE', #829, #2820 ) ;
#484 = CARTESIAN_POINT ( 'NONE',  ( 0.5462949302101938187, 0.3596399999999999042, -0.3217798548428519867 ) ) ;
#485 =( NAMED_UNIT ( * ) PLANE_ANGLE_UNIT ( ) SI_UNIT ( $, .RADIAN. ) );
#486 = UNCERTAINTY_MEASURE_WITH_UNIT (LENGTH_MEASURE( 1.000000000000000082E-05 ), #1792, 'distance_accuracy_value', 'NONE');
#487 = ORIENTED_EDGE ( 'NONE', *, *, #2306, .F. ) ;
#488 = CARTESIAN_POINT ( 'NONE',  ( 1.036451612903225961, 0.3492799999999999794, -0.5500000000000000444 ) ) ;
#489 = PRESENTATION_LAYER_ASSIGNMENT (  '', '', ( #1454 ) ) ;
#490 = VERTEX_POINT ( 'NONE', #1592 ) ;
#491 = EDGE_CURVE ( 'NONE', #967, #1539, #2977, .T. ) ;
#492 = DIRECTION ( 'NONE',  ( -0.000000000000000000, -1.000000000000000000, -0.000000000000000000 ) ) ;
#493 = CARTESIAN_POINT ( 'NONE',  ( 0.6156264986602799638, 0.3597399999999998932, -0.2760461774214260644 ) ) ;
#494 = MECHANICAL_DESIGN_GEOMETRIC_PRESENTATION_REPRESENTATION (  '', ( #1279 ), #893 ) ;
#495 = PLANE ( 'NONE',  #1239 ) ;
#496 = CARTESIAN_POINT ( 'NONE',  ( 0.6156264986602799638, 0.3597399999999998932, -0.2760461774214260644 ) ) ;
#497 = EDGE_CURVE ( 'NONE', #474, #2021, #2143, .T. ) ;
#498 = VERTEX_POINT ( 'NONE', #2379 ) ;
#499 = CARTESIAN_POINT ( 'NONE',  ( 0.6694494722361452599, 0.3596399999999999042, -0.2553717348173454860 ) ) ;
#500 = ADVANCED_FACE ( 'NONE', ( #482 ), #556, .T. ) ;
#501 = LINE ( 'NONE', #537, #850 ) ;
#502 = CARTESIAN_POINT ( 'NONE',  ( 0.4024999999999999689, 0.3389200000000000546, -0.5500000000000000444 ) ) ;
#503 = ORIENTED_EDGE ( 'NONE', *, *, #873, .T. ) ;
#504 = ORIENTED_EDGE ( 'NONE', *, *, #656, .F. ) ;
#505 = DIRECTION ( 'NONE',  ( 0.000000000000000000, 0.000000000000000000, 1.000000000000000000 ) ) ;
#506 = DIRECTION ( 'NONE',  ( 1.000000000000000000, 0.000000000000000000, 0.000000000000000000 ) ) ;
#507 = FACE_OUTER_BOUND ( 'NONE', #2632, .T. ) ;
#508 = COLOUR_RGB ( '',0.8980392156862745390, 0.9215686274509803377, 0.9294117647058823817 ) ;
#509 = ORIENTED_EDGE ( 'NONE', *, *, #1064, .F. ) ;
#510 =( GEOMETRIC_REPRESENTATION_CONTEXT ( 3 ) GLOBAL_UNCERTAINTY_ASSIGNED_CONTEXT ( ( #1049 ) ) GLOBAL_UNIT_ASSIGNED_CONTEXT ( ( #2011, #950, #1508 ) ) REPRESENTATION_CONTEXT ( 'NONE', 'WORKASPACE' ) );
#511 = DIRECTION ( 'NONE',  ( 0.000000000000000000, 1.000000000000000000, -0.000000000000000000 ) ) ;
#512 = EDGE_CURVE ( 'NONE', #2413, #2196, #3188, .T. ) ;
#513 = CARTESIAN_POINT ( 'NONE',  ( 0.5340505671401701848, 0.3596399999999999042, -0.2303125000000000588 ) ) ;
#514 = FILL_AREA_STYLE ('',( #1834 ) ) ;
#515 = PLANE ( 'NONE',  #1229 ) ;
#516 = VERTEX_POINT ( 'NONE', #2340 ) ;
#517 = VECTOR ( 'NONE', #1139, 1000.000000000000000 ) ;
#518 = LINE ( 'NONE', #807, #3345 ) ;
#519 = DIRECTION ( 'NONE',  ( 0.000000000000000000, 0.000000000000000000, 1.000000000000000000 ) ) ;
#520 = SURFACE_STYLE_USAGE ( .BOTH. , #1088 ) ;
#521 = VECTOR ( 'NONE', #1168, 1000.000000000000000 ) ;
#522 = LINE ( 'NONE', #2802, #3114 ) ;
#523 = EDGE_LOOP ( 'NONE', ( #2763, #1264, #3264, #874, #2847, #1065, #1765, #2902 ) ) ;
#524 = EDGE_CURVE ( 'NONE', #2767, #1310, #3204, .T. ) ;
#525 = DIRECTION ( 'NONE',  ( 1.346834996876403062E-16, 1.000000000000000000, 0.000000000000000000 ) ) ;
#526 = ORIENTED_EDGE ( 'NONE', *, *, #3058, .F. ) ;
#527 = COLOUR_RGB ( '',0.8980392156862745390, 0.9215686274509803377, 0.9294117647058823817 ) ;
#528 = CARTESIAN_POINT ( 'NONE',  ( 0.4860927035676773644, 0.3597399999999998377, -0.2604799541543775798 ) ) ;
#529 = DIRECTION ( 'NONE',  ( 0.4612044478340299736, 0.000000000000000000, -0.8872938956727401960 ) ) ;
#530 = SURFACE_STYLE_FILL_AREA ( #2140 ) ;
#531 = ADVANCED_FACE ( 'NONE', ( #3434 ), #3220, .T. ) ;
#532 = PRESENTATION_LAYER_ASSIGNMENT (  '', '', ( #2964 ) ) ;
#533 = VERTEX_POINT ( 'NONE', #208 ) ;
#534 = CLOSED_SHELL ( 'NONE', ( #269, #852, #234, #629, #1954, #1904, #205, #2657, #3461, #1637 ) ) ;
#535 = SURFACE_STYLE_FILL_AREA ( #3 ) ;
#536 = PRESENTATION_STYLE_ASSIGNMENT (( #2904 ) ) ;
#537 = CARTESIAN_POINT ( 'NONE',  ( -0.01354838709677419310, -0.01035999999999994564, -0.5500000000000000444 ) ) ;
#538 = EDGE_LOOP ( 'NONE', ( #1506, #2464, #864, #1889 ) ) ;
#539 = ADVANCED_FACE ( 'NONE', ( #1045 ), #3172, .T. ) ;
#540 = CARTESIAN_POINT ( 'NONE',  ( 0.4845667396539458660, 0.3596399999999997932, -0.2867402878723611104 ) ) ;
#541 = EDGE_LOOP ( 'NONE', ( #655, #3202, #1422, #741 ) ) ;
#542 = VERTEX_POINT ( 'NONE', #2415 ) ;
#543 = CARTESIAN_POINT ( 'NONE',  ( 0.4339557556250456249, 0.3597399999999997822, -0.2655248897291799248 ) ) ;
#544 = ADVANCED_FACE ( 'NONE', ( #3487 ), #2108, .T. ) ;
#545 = CARTESIAN_POINT ( 'NONE',  ( 0.6496038838238185065, 0.3596399999999999597, -0.2967206200255067539 ) ) ;
#546 = EDGE_CURVE ( 'NONE', #671, #3014, #1289, .T. ) ;
#547 =( LENGTH_UNIT ( ) NAMED_UNIT ( * ) SI_UNIT ( .MILLI., .METRE. ) );
#548 = ADVANCED_FACE ( 'NONE', ( #2358 ), #2960, .F. ) ;
#549 = ORIENTED_EDGE ( 'NONE', *, *, #2717, .T. ) ;
#550 = FACE_OUTER_BOUND ( 'NONE', #2157, .T. ) ;
#551 = CARTESIAN_POINT ( 'NONE',  ( 0.3445961442865642654, 0.3597399999999998932, -0.3217798548428519867 ) ) ;
#552 =( NAMED_UNIT ( * ) PLANE_ANGLE_UNIT ( ) SI_UNIT ( $, .RADIAN. ) );
#553 = DIRECTION ( 'NONE',  ( 0.000000000000000000, 0.000000000000000000, 1.000000000000000000 ) ) ;
#554 = ORIENTED_EDGE ( 'NONE', *, *, #1614, .T. ) ;
#555 = AXIS2_PLACEMENT_3D ( 'NONE', #1858, #2979, #2963 ) ;
#556 = PLANE ( 'NONE',  #2901 ) ;
#557 = CARTESIAN_POINT ( 'NONE',  ( 0.5340505671401701848, 0.3597399999999998932, -0.2303125000000000588 ) ) ;
#558 = PRESENTATION_LAYER_ASSIGNMENT (  '', '', ( #2402 ) ) ;
#559 = DIRECTION ( 'NONE',  ( 0.000000000000000000, 0.000000000000000000, 1.000000000000000000 ) ) ;
#560 = ORIENTED_EDGE ( 'NONE', *, *, #1170, .T. ) ;
#561 = ORIENTED_EDGE ( 'NONE', *, *, #524, .F. ) ;
#562 = DIRECTION ( 'NONE',  ( -1.000000000000000000, 0.000000000000000000, 0.000000000000000000 ) ) ;
#563 = CARTESIAN_POINT ( 'NONE',  ( 0.7034268573996838025, 0.3597399999999998932, -0.2455570591404753755 ) ) ;
#564 = ORIENTED_EDGE ( 'NONE', *, *, #3150, .T. ) ;
#565 = CARTESIAN_POINT ( 'NONE',  ( 0.3820297775112107552, 0.3596399999999999042, -0.2303125000000000588 ) ) ;
#566 = MANIFOLD_SOLID_BREP ( 'Scale1[3]', #1766 ) ;
#567 = FILL_AREA_STYLE_COLOUR ( '', #167 ) ;
#568 = MECHANICAL_DESIGN_GEOMETRIC_PRESENTATION_REPRESENTATION (  '', ( #962 ), #450 ) ;
#569 = LINE ( 'NONE', #1116, #521 ) ;
#570 = PRESENTATION_STYLE_ASSIGNMENT (( #1377 ) ) ;
#571 = ORIENTED_EDGE ( 'NONE', *, *, #844, .F. ) ;
#572 = STYLED_ITEM ( 'NONE', ( #2993 ), #852 ) ;
#573 = SURFACE_SIDE_STYLE ('',( #2756 ) ) ;
#574 = CARTESIAN_POINT ( 'NONE',  ( 0.6156264986602799638, 0.3596399999999999597, -0.2760461774214260644 ) ) ;
#575 =( NAMED_UNIT ( * ) SI_UNIT ( $, .STERADIAN. ) SOLID_ANGLE_UNIT ( ) );
#576 = VECTOR ( 'NONE', #983, 1000.000000000000000 ) ;
#577 = VECTOR ( 'NONE', #774, 1000.000000000000000 ) ;
#578 = FACE_OUTER_BOUND ( 'NONE', #300, .T. ) ;
#579 = COLOUR_RGB ( '',0.8509803921568627194, 0.8509803921568627194, 0.8509803921568627194 ) ;
#580 = ORIENTED_EDGE ( 'NONE', *, *, #1054, .F. ) ;
#581 = EDGE_CURVE ( 'NONE', #2583, #3443, #3051, .T. ) ;
#582 = VECTOR ( 'NONE', #876, 1000.000000000000000 ) ;
#583 = SHAPE_DEFINITION_REPRESENTATION ( #2635, #1478 ) ;
#584 = EDGE_LOOP ( 'NONE', ( #279, #2567, #1591, #1652 ) ) ;
#585 = VERTEX_POINT ( 'NONE', #318 ) ;
#586 = EDGE_CURVE ( 'NONE', #2190, #2347, #2622, .T. ) ;
#587 =( NAMED_UNIT ( * ) SI_UNIT ( $, .STERADIAN. ) SOLID_ANGLE_UNIT ( ) );
#588 = DIRECTION ( 'NONE',  ( 1.000000000000000000, 2.500763939512695981E-16, 0.000000000000000000 ) ) ;
#589 = PRESENTATION_STYLE_ASSIGNMENT (( #2220 ) ) ;
#590 = ORIENTED_EDGE ( 'NONE', *, *, #2148, .T. ) ;
#591 =( NAMED_UNIT ( * ) SI_UNIT ( $, .STERADIAN. ) SOLID_ANGLE_UNIT ( ) );
#592 = ADVANCED_FACE ( 'NONE', ( #3295 ), #2465, .T. ) ;
#593 = PLANE ( 'NONE',  #3175 ) ;
#594 = VECTOR ( 'NONE', #1876, 1000.000000000000000 ) ;
#595 = DIRECTION ( 'NONE',  ( 1.000000000000000000, 1.641527098757051630E-15, -0.000000000000000000 ) ) ;
#596 = SURFACE_STYLE_USAGE ( .BOTH. , #321 ) ;
#597 = ADVANCED_FACE ( 'NONE', ( #41 ), #57, .T. ) ;
#598 = CARTESIAN_POINT ( 'NONE',  ( -2.590791441335140079E-18, -0.01035999999999994911, -0.5500000000000000444 ) ) ;
#599 = AXIS2_PLACEMENT_3D ( 'NONE', #1319, #3477, #2655 ) ;
#600 = ORIENTED_EDGE ( 'NONE', *, *, #1787, .F. ) ;
#601 = DIRECTION ( 'NONE',  ( 0.000000000000000000, 0.000000000000000000, 1.000000000000000000 ) ) ;
#602 = ORIENTED_EDGE ( 'NONE', *, *, #1989, .T. ) ;
#603 = ORIENTED_EDGE ( 'NONE', *, *, #351, .F. ) ;
#604 = LINE ( 'NONE', #1667, #2535 ) ;
#605 = LINE ( 'NONE', #2159, #2206 ) ;
#606 = PLANE ( 'NONE',  #2653 ) ;
#607 =( BOUNDED_SURFACE ( )  B_SPLINE_SURFACE ( 3, 1, ( 
 ( #70, #853 ),
 ( #1114, #1927 ),
 ( #389, #676 ),
 ( #123, #3375 ) ),
 .UNSPECIFIED., .F., .F., .F. ) 
 B_SPLINE_SURFACE_WITH_KNOTS ( ( 4, 4 ),
 ( 2, 2 ),
 ( 0.5000000148252503607, 1.000000000000000000 ),
 ( 0.000000000000000000, 1.000000000000000000 ),
 .UNSPECIFIED. ) 
 GEOMETRIC_REPRESENTATION_ITEM ( )  RATIONAL_B_SPLINE_SURFACE ( (
 ( 1.000000000000000000, 1.000000000000000000),
 ( 0.3333333333333333703, 0.3333333333333333703),
 ( 0.3333333333333333703, 0.3333333333333333703),
 ( 1.000000000000000000, 1.000000000000000000) ) ) 
 REPRESENTATION_ITEM ( '' )  SURFACE ( )  );
#608 = ORIENTED_EDGE ( 'NONE', *, *, #3376, .T. ) ;
#609 = CARTESIAN_POINT ( 'NONE',  ( 0.4846868852131266392, 0.3596399999999999042, -0.2738766867985915066 ) ) ;
#610 = EDGE_CURVE ( 'NONE', #1243, #2116, #1759, .T. ) ;
#611 = ORIENTED_EDGE ( 'NONE', *, *, #1425, .T. ) ;
#612 =( LENGTH_UNIT ( ) NAMED_UNIT ( * ) SI_UNIT ( .MILLI., .METRE. ) );
#613 = CARTESIAN_POINT ( 'NONE',  ( 0.4391568664862917082, 0.3596399999999999042, -0.3217798548428519867 ) ) ;
#614 = COLOUR_RGB ( '',0.1019607843137254888, 0.1019607843137254888, 0.1019607843137254888 ) ;
#615 = ORIENTED_EDGE ( 'NONE', *, *, #975, .F. ) ;
#616 = LINE ( 'NONE', #2469, #470 ) ;
#617 = CARTESIAN_POINT ( 'NONE',  ( 1.036451612903225961, 0.3492799999999999794, 0.000000000000000000 ) ) ;
#618 = EDGE_LOOP ( 'NONE', ( #2435, #1975, #2293, #783 ) ) ;
#619 = ORIENTED_EDGE ( 'NONE', *, *, #808, .F. ) ;
#620 = CARTESIAN_POINT ( 'NONE',  ( 0.6396810896176550187, 0.3597399999999998932, -0.2346972922132649075 ) ) ;
#621 = ORIENTED_EDGE ( 'NONE', *, *, #749, .F. ) ;
#622 = STYLED_ITEM ( 'NONE', ( #1513 ), #1637 ) ;
#623 = CARTESIAN_POINT ( 'NONE',  ( 0.6793722664423087476, 0.3597399999999998932, -0.2622632156853723084 ) ) ;
#624 = PRESENTATION_STYLE_ASSIGNMENT (( #1646 ) ) ;
#625 = CARTESIAN_POINT ( 'NONE',  ( 0.6128253512280777970, 0.3597399999999998932, -0.2303125000000000588 ) ) ;
#626 = FILL_AREA_STYLE ('',( #1435 ) ) ;
#627 = STYLED_ITEM ( 'NONE', ( #1639 ), #908 ) ;
#628 = ORIENTED_EDGE ( 'NONE', *, *, #2736, .F. ) ;
#629 = ADVANCED_FACE ( 'NONE', ( #955 ), #1498, .T. ) ;
#630 = LINE ( 'NONE', #3495, #1464 ) ;
#631 = DIRECTION ( 'NONE',  ( 0.000000000000000000, 0.000000000000000000, 1.000000000000000000 ) ) ;
#632 = ORIENTED_EDGE ( 'NONE', *, *, #2891, .T. ) ;
#633 = AXIS2_PLACEMENT_3D ( 'NONE', #660, #1276, #2536 ) ;
#634 = ORIENTED_EDGE ( 'NONE', *, *, #1658, .T. ) ;
#635 =( LENGTH_UNIT ( ) NAMED_UNIT ( * ) SI_UNIT ( .MILLI., .METRE. ) );
#636 = MECHANICAL_DESIGN_GEOMETRIC_PRESENTATION_REPRESENTATION (  '', ( #2135 ), #3015 ) ;
#637 = ORIENTED_EDGE ( 'NONE', *, *, #2853, .F. ) ;
#638 = MECHANICAL_DESIGN_GEOMETRIC_PRESENTATION_REPRESENTATION (  '', ( #2720 ), #3070 ) ;
#639 = ORIENTED_EDGE ( 'NONE', *, *, #1952, .T. ) ;
#640 = DIRECTION ( 'NONE',  ( 1.000000000000000000, 0.000000000000000000, 0.000000000000000000 ) ) ;
#641 = CARTESIAN_POINT ( 'NONE',  ( 0.5340505671401701848, 0.3596399999999999042, -0.2867339163362680465 ) ) ;
#642 = PRESENTATION_STYLE_ASSIGNMENT (( #2734 ) ) ;
#643 =( LENGTH_UNIT ( ) NAMED_UNIT ( * ) SI_UNIT ( .MILLI., .METRE. ) );
#644 = ORIENTED_EDGE ( 'NONE', *, *, #352, .T. ) ;
#645 = CARTESIAN_POINT ( 'NONE',  ( 0.4214667486344135794, 0.3596399999999999042, -0.2655248897291799248 ) ) ;
#646 = DIRECTION ( 'NONE',  ( -1.000000000000000000, 0.000000000000000000, 0.000000000000000000 ) ) ;
#647 = VECTOR ( 'NONE', #3140, 1000.000000000000000 ) ;
#648 = FILL_AREA_STYLE ('',( #2780 ) ) ;
#649 = PLANE ( 'NONE',  #1242 ) ;
#650 = MECHANICAL_DESIGN_GEOMETRIC_PRESENTATION_REPRESENTATION (  '', ( #1599 ), #2877 ) ;
#651 = MANIFOLD_SOLID_BREP ( 'Base', #827 ) ;
#653 = EDGE_CURVE ( 'NONE', #1277, #3496, #146, .T. ) ;
#652 = ORIENTED_EDGE ( 'NONE', *, *, #867, .F. ) ;
#654 = LINE ( 'NONE', #686, #762 ) ;
#655 = ORIENTED_EDGE ( 'NONE', *, *, #1677, .F. ) ;
#656 = EDGE_CURVE ( 'NONE', #2062, #3110, #665, .T. ) ;
#657 = PRESENTATION_STYLE_ASSIGNMENT (( #453 ) ) ;
#658 = ADVANCED_FACE ( 'NONE', ( #2798 ), #176, .T. ) ;
#659 = FILL_AREA_STYLE_COLOUR ( '', #2472 ) ;
#660 = CARTESIAN_POINT ( 'NONE',  ( 1.022903225806451655, 0.3389200000000000546, -0.5500000000000000444 ) ) ;
#661 = LINE ( 'NONE', #2808, #2593 ) ;
#662 = SURFACE_STYLE_FILL_AREA ( #3085 ) ;
#663 = EDGE_CURVE ( 'NONE', #2347, #2190, #1916, .T. ) ;
#664 = VERTEX_POINT ( 'NONE', #799 ) ;
#665 = LINE ( 'NONE', #130, #2363 ) ;
#666 = DIRECTION ( 'NONE',  ( 1.000000000000000000, 0.000000000000000000, 0.000000000000000000 ) ) ;
#667 = LINE ( 'NONE', #2778, #323 ) ;
#668 = CARTESIAN_POINT ( 'NONE',  ( 0.6595266780299818832, 0.3596399999999999042, -0.2967206200255066983 ) ) ;
#669 = CARTESIAN_POINT ( 'NONE',  ( -0.006063003609955215645, 0.3597399999999998932, -0.02084885575752082332 ) ) ;
#670 = ORIENTED_EDGE ( 'NONE', *, *, #952, .T. ) ;
#671 = VERTEX_POINT ( 'NONE', #1850 ) ;
#672 = PRESENTATION_LAYER_ASSIGNMENT (  '', '', ( #3262 ) ) ;
#673 = UNCERTAINTY_MEASURE_WITH_UNIT (LENGTH_MEASURE( 1.000000000000000082E-05 ), #1797, 'distance_accuracy_value', 'NONE');
#674 = PRESENTATION_LAYER_ASSIGNMENT (  '', '', ( #387 ) ) ;
#675 = ORIENTED_EDGE ( 'NONE', *, *, #1597, .T. ) ;
#676 = CARTESIAN_POINT ( 'NONE',  ( 0.6396810896176550187, 0.3597400000000000597, -0.3173950626295872768 ) ) ;
#677 = LINE ( 'NONE', #739, #1581 ) ;
#678 = SURFACE_SIDE_STYLE ('',( #3377 ) ) ;
#679 = ORIENTED_EDGE ( 'NONE', *, *, #953, .T. ) ;
#680 = CARTESIAN_POINT ( 'NONE',  ( 0.6083538709714563231, 0.3596399999999999042, -0.2658365140879892508 ) ) ;
#681 =( NAMED_UNIT ( * ) PLANE_ANGLE_UNIT ( ) SI_UNIT ( $, .RADIAN. ) );
#682 = VECTOR ( 'NONE', #519, 1000.000000000000000 ) ;
#683 =( NAMED_UNIT ( * ) PLANE_ANGLE_UNIT ( ) SI_UNIT ( $, .RADIAN. ) );
#684 = LINE ( 'NONE', #1553, #2884 ) ;
#685 = ORIENTED_EDGE ( 'NONE', *, *, #1968, .T. ) ;
#686 = CARTESIAN_POINT ( 'NONE',  ( 0.5720080092446299114, 0.3596399999999999042, -0.2861521549939672338 ) ) ;
#687 =( GEOMETRIC_REPRESENTATION_CONTEXT ( 3 ) GLOBAL_UNCERTAINTY_ASSIGNED_CONTEXT ( ( #980 ) ) GLOBAL_UNIT_ASSIGNED_CONTEXT ( ( #3273, #2972, #587 ) ) REPRESENTATION_CONTEXT ( 'NONE', 'WORKASPACE' ) );
#688 = EDGE_CURVE ( 'NONE', #797, #1942, #2878, .T. ) ;
#689 = VECTOR ( 'NONE', #1805, 1000.000000000000000 ) ;
#690 = VECTOR ( 'NONE', #1301, 1000.000000000000000 ) ;
#691 = ORIENTED_EDGE ( 'NONE', *, *, #328, .T. ) ;
#692 = DIRECTION ( 'NONE',  ( -0.3505452905154256560, 0.000000000000000000, 0.9365457806735643098 ) ) ;
#693 = PLANE ( 'NONE',  #1011 ) ;
#694 = LINE ( 'NONE', #2553, #2923 ) ;
#695 = VECTOR ( 'NONE', #1250, 1000.000000000000227 ) ;
#696 = ORIENTED_EDGE ( 'NONE', *, *, #2870, .T. ) ;
#697 = EDGE_CURVE ( 'NONE', #1222, #2136, #460, .T. ) ;
#698 = DIRECTION ( 'NONE',  ( -1.000000000000000000, 0.000000000000000000, 0.000000000000000000 ) ) ;
#699 =( NAMED_UNIT ( * ) SI_UNIT ( $, .STERADIAN. ) SOLID_ANGLE_UNIT ( ) );
#700 = FACE_OUTER_BOUND ( 'NONE', #1082, .T. ) ;
#701 =( BOUNDED_SURFACE ( )  B_SPLINE_SURFACE ( 3, 1, ( 
 ( #1686, #2996 ),
 ( #2721, #1405 ),
 ( #2771, #3310 ),
 ( #2204, #1429 ) ),
 .UNSPECIFIED., .F., .F., .F. ) 
 B_SPLINE_SURFACE_WITH_KNOTS ( ( 4, 4 ),
 ( 2, 2 ),
 ( 0.000000000000000000, 0.5000000028317830303 ),
 ( 0.000000000000000000, 1.000000000000000000 ),
 .UNSPECIFIED. ) 
 GEOMETRIC_REPRESENTATION_ITEM ( )  RATIONAL_B_SPLINE_SURFACE ( (
 ( 1.000000000000000000, 1.000000000000000000),
 ( 0.3333333333333333703, 0.3333333333333333703),
 ( 0.3333333333333333703, 0.3333333333333333703),
 ( 1.000000000000000000, 1.000000000000000000) ) ) 
 REPRESENTATION_ITEM ( '' )  SURFACE ( )  );
#702 = EDGE_CURVE ( 'NONE', #1222, #1108, #3444, .T. ) ;
#703 = EDGE_CURVE ( 'NONE', #2428, #3164, #2640, .T. ) ;
#704 = CARTESIAN_POINT ( 'NONE',  ( 0.5462949302101938187, 0.3596399999999999042, -0.2303125000000000588 ) ) ;
#705 = DIRECTION ( 'NONE',  ( 0.000000000000000000, 0.000000000000000000, -1.000000000000000000 ) ) ;
#706 = VECTOR ( 'NONE', #435, 1000.000000000000000 ) ;
#707 = STYLED_ITEM ( 'NONE', ( #1386 ), #269 ) ;
#708 = UNCERTAINTY_MEASURE_WITH_UNIT (LENGTH_MEASURE( 1.000000000000000082E-05 ), #362, 'distance_accuracy_value', 'NONE');
#709 = VERTEX_POINT ( 'NONE', #1284 ) ;
#710 = DIRECTION ( 'NONE',  ( 0.000000000000000000, 0.000000000000000000, 1.000000000000000000 ) ) ;
#711 = DIRECTION ( 'NONE',  ( 9.420898089804255066E-18, 1.000000000000000000, 0.000000000000000000 ) ) ;
#712 = LINE ( 'NONE', #392, #2115 ) ;
#713 = ORIENTED_EDGE ( 'NONE', *, *, #3416, .F. ) ;
#714 = CARTESIAN_POINT ( 'NONE',  ( 0.4024999999999999689, 0.000000000000000000, 0.000000000000000000 ) ) ;
#715 = DIRECTION ( 'NONE',  ( 0.000000000000000000, -0.000000000000000000, 1.000000000000000000 ) ) ;
#716 = CARTESIAN_POINT ( 'NONE',  ( 0.4391568664862917082, 0.3596399999999999042, -0.3217798548428519867 ) ) ;
#717 = DIRECTION ( 'NONE',  ( 0.000000000000000000, 0.000000000000000000, 1.000000000000000000 ) ) ;
#718 = DIRECTION ( 'NONE',  ( 0.000000000000000000, 0.000000000000000000, -1.000000000000000000 ) ) ;
#719 = ORIENTED_EDGE ( 'NONE', *, *, #322, .F. ) ;
#720 =( BOUNDED_CURVE ( )  B_SPLINE_CURVE ( 3, ( #1038, #2335, #528, #2391, #2604, #2935, #2067 ),
 .UNSPECIFIED., .F., .F. ) 
 B_SPLINE_CURVE_WITH_KNOTS ( ( 4, 3, 4 ),
 ( 0.000000000000000000, 0.5000000000000000000, 0.5357290076124403555 ),
 .UNSPECIFIED. ) 
 CURVE ( )  GEOMETRIC_REPRESENTATION_ITEM ( )  RATIONAL_B_SPLINE_CURVE ( ( 1.000000000000000000, 0.7783869647857027951, 0.7783869647857027951, 1.000000000000000000, 0.9841639723556246944, 0.9694595558157628190, 0.9558867503804143739 ) ) 
 REPRESENTATION_ITEM ( '' )  );
#721 = ADVANCED_FACE ( 'NONE', ( #1305, #1021 ), #1814, .F. ) ;
#722 = LINE ( 'NONE', #1459, #2609 ) ;
#723 = EDGE_LOOP ( 'NONE', ( #1392, #2400, #560, #760 ) ) ;
#724 = LINE ( 'NONE', #3111, #299 ) ;
#725 = VECTOR ( 'NONE', #752, 1000.000000000000000 ) ;
#726 = CARTESIAN_POINT ( 'NONE',  ( 0.6694494722361452599, 0.3596399999999999042, -0.2967206200255066983 ) ) ;
#727 =( NAMED_UNIT ( * ) SI_UNIT ( $, .STERADIAN. ) SOLID_ANGLE_UNIT ( ) );
#728 = MECHANICAL_DESIGN_GEOMETRIC_PRESENTATION_REPRESENTATION (  '', ( #2345 ), #155 ) ;
#729 = ORIENTED_EDGE ( 'NONE', *, *, #1275, .T. ) ;
#730 =( GEOMETRIC_REPRESENTATION_CONTEXT ( 3 ) GLOBAL_UNCERTAINTY_ASSIGNED_CONTEXT ( ( #1202 ) ) GLOBAL_UNIT_ASSIGNED_CONTEXT ( ( #1698, #3322, #3269 ) ) REPRESENTATION_CONTEXT ( 'NONE', 'WORKASPACE' ) );
#731 = CARTESIAN_POINT ( 'NONE',  ( 0.6793722664423086366, 0.3597399999999998932, -0.2898291391574798204 ) ) ;
#732 = FACE_OUTER_BOUND ( 'NONE', #1555, .T. ) ;
#733 = SURFACE_SIDE_STYLE ('',( #1210 ) ) ;
#734 = DIRECTION ( 'NONE',  ( -1.000000000000000000, 0.000000000000000000, 0.000000000000000000 ) ) ;
#735 = CARTESIAN_POINT ( 'NONE',  ( 0.5340505671401701848, 0.3596399999999999042, -0.3217798548428519867 ) ) ;
#736 = CARTESIAN_POINT ( 'NONE',  ( 0.5048533232707470564, 0.3596399999999999042, -0.2761733598502854048 ) ) ;
#737 = EDGE_CURVE ( 'NONE', #2855, #2390, #3481, .T. ) ;
#738 = AXIS2_PLACEMENT_3D ( 'NONE', #1395, #1453, #2184 ) ;
#739 = CARTESIAN_POINT ( 'NONE',  ( 0.5720080092446299114, 0.3596399999999999042, -0.2658365140879892508 ) ) ;
#740 = PRESENTATION_LAYER_ASSIGNMENT (  '', '', ( #2825 ) ) ;
#741 = ORIENTED_EDGE ( 'NONE', *, *, #2924, .T. ) ;
#742 = ADVANCED_FACE ( 'NONE', ( #784 ), #1532, .T. ) ;
#743 = CARTESIAN_POINT ( 'NONE',  ( 0.3181605184615174386, 0.3596399999999999042, -0.3217798548428519867 ) ) ;
#744 = VECTOR ( 'NONE', #2911, 1000.000000000000000 ) ;
#745 = VECTOR ( 'NONE', #3457, 1000.000000000000000 ) ;
#746 = ORIENTED_EDGE ( 'NONE', *, *, #2695, .T. ) ;
#747 = DIRECTION ( 'NONE',  ( 0.000000000000000000, 1.000000000000000000, 0.000000000000000000 ) ) ;
#748 = DIRECTION ( 'NONE',  ( 0.000000000000000000, 1.000000000000000000, 0.000000000000000000 ) ) ;
#749 = EDGE_CURVE ( 'NONE', #490, #1624, #2620, .T. ) ;
#750 = CARTESIAN_POINT ( 'NONE',  ( 0.4024999999999999689, 0.3492800000000000349, -0.5500000000000000444 ) ) ;
#751 = PRESENTATION_LAYER_ASSIGNMENT (  '', '', ( #2429 ) ) ;
#752 = DIRECTION ( 'NONE',  ( -1.000000000000000000, 0.000000000000000000, 0.000000000000000000 ) ) ;
#753 = ORIENTED_EDGE ( 'NONE', *, *, #512, .F. ) ;
#754 = AXIS2_PLACEMENT_3D ( 'NONE', #1936, #1394, #2466 ) ;
#755 = CARTESIAN_POINT ( 'NONE',  ( 0.5720080092446299114, 0.3596399999999999042, -0.2981571804488010735 ) ) ;
#756 =( LENGTH_UNIT ( ) NAMED_UNIT ( * ) SI_UNIT ( .MILLI., .METRE. ) );
#757 = LINE ( 'NONE', #1822, #2475 ) ;
#758 = CARTESIAN_POINT ( 'NONE',  ( 0.7034268573996839136, 0.3597399999999997822, -0.3675135322642782421 ) ) ;
#759 = EDGE_CURVE ( 'NONE', #2767, #3037, #2352, .T. ) ;
#760 = ORIENTED_EDGE ( 'NONE', *, *, #2306, .T. ) ;
#761 = LINE ( 'NONE', #469, #427 ) ;
#762 = VECTOR ( 'NONE', #2784, 1000.000000000000000 ) ;
#763 = DIRECTION ( 'NONE',  ( 0.000000000000000000, 0.000000000000000000, -1.000000000000000000 ) ) ;
#764 = LINE ( 'NONE', #1868, #1786 ) ;
#765 = EDGE_CURVE ( 'NONE', #1700, #2447, #720, .T. ) ;
#766 = ORIENTED_EDGE ( 'NONE', *, *, #1534, .F. ) ;
#767 = CARTESIAN_POINT ( 'NONE',  ( 0.7034268573996838025, 0.3596399999999999042, -0.2760461774214260644 ) ) ;
#768 = LINE ( 'NONE', #1890, #1992 ) ;
#769 = AXIS2_PLACEMENT_3D ( 'NONE', #251, #3424, #1580 ) ;
#770 = SURFACE_STYLE_USAGE ( .BOTH. , #479 ) ;
#771 = ORIENTED_EDGE ( 'NONE', *, *, #586, .T. ) ;
#772 = CARTESIAN_POINT ( 'NONE',  ( 1.022903225806451655, 0.000000000000000000, 0.000000000000000000 ) ) ;
#773 =( NAMED_UNIT ( * ) PLANE_ANGLE_UNIT ( ) SI_UNIT ( $, .RADIAN. ) );
#774 = DIRECTION ( 'NONE',  ( -9.420898089804255066E-18, 1.000000000000000000, 0.000000000000000000 ) ) ;
#775 = ORIENTED_EDGE ( 'NONE', *, *, #491, .T. ) ;
#776 =( LENGTH_UNIT ( ) NAMED_UNIT ( * ) SI_UNIT ( .MILLI., .METRE. ) );
#777 = UNCERTAINTY_MEASURE_WITH_UNIT (LENGTH_MEASURE( 1.000000000000000082E-05 ), #1172, 'distance_accuracy_value', 'NONE');
#778 = ORIENTED_EDGE ( 'NONE', *, *, #2916, .F. ) ;
#779 = FACE_OUTER_BOUND ( 'NONE', #1607, .T. ) ;
#780 = CARTESIAN_POINT ( 'NONE',  ( 0.5720080092446299114, 0.3597399999999998932, -0.2658365140879892508 ) ) ;
#781 = SURFACE_SIDE_STYLE ('',( #2933 ) ) ;
#782 = VECTOR ( 'NONE', #838, 1000.000000000000000 ) ;
#783 = ORIENTED_EDGE ( 'NONE', *, *, #1400, .T. ) ;
#784 = FACE_OUTER_BOUND ( 'NONE', #481, .T. ) ;
#785 = DIRECTION ( 'NONE',  ( 0.000000000000000000, 1.000000000000000000, 0.000000000000000000 ) ) ;
#786 = LINE ( 'NONE', #1852, #3002 ) ;
#787 = ORIENTED_EDGE ( 'NONE', *, *, #2676, .T. ) ;
#788 = CARTESIAN_POINT ( 'NONE',  ( 0.6793722664423087476, 0.3596399999999999597, -0.2622632156853723084 ) ) ;
#789 = PRESENTATION_STYLE_ASSIGNMENT (( #809 ) ) ;
#790 = EDGE_CURVE ( 'NONE', #2510, #2694, #191, .T. ) ;
#791 = CARTESIAN_POINT ( 'NONE',  ( 0.5048533232706929885, 0.3596399999999998487, -0.2973072158944792265 ) ) ;
#792 = ORIENTED_EDGE ( 'NONE', *, *, #3003, .F. ) ;
#793 = FILL_AREA_STYLE ('',( #1013 ) ) ;
#794 = CARTESIAN_POINT ( 'NONE',  ( 0.6793722664423086366, 0.3596399999999999042, -0.2898291391574798204 ) ) ;
#795 = FACE_OUTER_BOUND ( 'NONE', #3468, .T. ) ;
#796 = VECTOR ( 'NONE', #492, 1000.000000000000000 ) ;
#797 = VERTEX_POINT ( 'NONE', #2407 ) ;
#798 = PRESENTATION_LAYER_ASSIGNMENT (  '', '', ( #1583 ) ) ;
#799 = CARTESIAN_POINT ( 'NONE',  ( 0.5720080092446299114, 0.3597399999999998932, -0.2861521549939672338 ) ) ;
#800 = CARTESIAN_POINT ( 'NONE',  ( 0.6595266780299818832, 0.3597399999999998932, -0.3217798548428521532 ) ) ;
#801 = DIRECTION ( 'NONE',  ( 1.000000000000000000, -8.207635493785258149E-16, 0.000000000000000000 ) ) ;
#802 = DIRECTION ( 'NONE',  ( -1.000000000000000000, 0.000000000000000000, -1.594283082307011669E-15 ) ) ;
#803 = EDGE_CURVE ( 'NONE', #2803, #2603, #2913, .T. ) ;
#804 = ORIENTED_EDGE ( 'NONE', *, *, #2239, .F. ) ;
#805 =( GEOMETRIC_REPRESENTATION_CONTEXT ( 3 ) GLOBAL_UNCERTAINTY_ASSIGNED_CONTEXT ( ( #2821 ) ) GLOBAL_UNIT_ASSIGNED_CONTEXT ( ( #2920, #282, #3222 ) ) REPRESENTATION_CONTEXT ( 'NONE', 'WORKASPACE' ) );
#806 = CARTESIAN_POINT ( 'NONE',  ( 0.6595266780299818832, 0.3596399999999999042, -0.2553717348173454860 ) ) ;
#807 = CARTESIAN_POINT ( 'NONE',  ( -0.000000000000000000, 0.000000000000000000, -0.5500000000000000444 ) ) ;
#808 = EDGE_CURVE ( 'NONE', #2302, #2797, #2897, .T. ) ;
#809 = SURFACE_STYLE_USAGE ( .BOTH. , #231 ) ;
#810 = FILL_AREA_STYLE ('',( #1627 ) ) ;
#811 = EDGE_LOOP ( 'NONE', ( #51, #3438, #1483, #3141 ) ) ;
#812 = COLOUR_RGB ( '',0.8980392156862745390, 0.9215686274509803377, 0.9294117647058823817 ) ;
#813 = ADVANCED_FACE ( 'NONE', ( #2103 ), #255, .T. ) ;
#814 = EDGE_CURVE ( 'NONE', #2278, #2189, #1832, .T. ) ;
#815 = DIRECTION ( 'NONE',  ( 1.000000000000000000, 0.000000000000000000, 0.000000000000000000 ) ) ;
#816 = ORIENTED_EDGE ( 'NONE', *, *, #2525, .F. ) ;
#817 = FACE_OUTER_BOUND ( 'NONE', #2732, .T. ) ;
#818 = CARTESIAN_POINT ( 'NONE',  ( 0.4339557556250456249, 0.3596399999999999042, -0.2655248897291799248 ) ) ;
#819 = FILL_AREA_STYLE_COLOUR ( '', #614 ) ;
#820 = VERTEX_POINT ( 'NONE', #222 ) ;
#821 = VECTOR ( 'NONE', #2425, 1000.000000000000000 ) ;
#822 = CARTESIAN_POINT ( 'NONE',  ( 0.3445961442865642654, 0.3596399999999999042, -0.3217798548428519867 ) ) ;
#823 = LINE ( 'NONE', #2661, #2952 ) ;
#824 = DIRECTION ( 'NONE',  ( 1.000000000000000000, 0.000000000000000000, -0.000000000000000000 ) ) ;
#825 = PLANE ( 'NONE',  #1339 ) ;
#826 = ORIENTED_EDGE ( 'NONE', *, *, #2113, .F. ) ;
#827 = CLOSED_SHELL ( 'NONE', ( #3120, #137, #1526, #1734, #3160, #1773 ) ) ;
#828 = CARTESIAN_POINT ( 'NONE',  ( 0.4214667486344135794, 0.3596399999999999042, -0.2655248897291799248 ) ) ;
#829 = CARTESIAN_POINT ( 'NONE',  ( 0.3364516129032257830, 0.3492799999999999239, -0.5500000000000000444 ) ) ;
#830 = DIRECTION ( 'NONE',  ( 0.000000000000000000, 0.000000000000000000, 1.000000000000000000 ) ) ;
#831 = ORIENTED_EDGE ( 'NONE', *, *, #749, .T. ) ;
#832 = ORIENTED_EDGE ( 'NONE', *, *, #367, .T. ) ;
#833 = CARTESIAN_POINT ( 'NONE',  ( 0.7364516129032256941, 0.000000000000000000, -0.5500000000000000444 ) ) ;
#834 = ORIENTED_EDGE ( 'NONE', *, *, #1791, .F. ) ;
#835 = CARTESIAN_POINT ( 'NONE',  ( 0.5048294001993700597, 0.3597399999999998932, -0.2303124999999999756 ) ) ;
#836 = FILL_AREA_STYLE ('',( #1115 ) ) ;
#837 = DIRECTION ( 'NONE',  ( 0.000000000000000000, 0.000000000000000000, 1.000000000000000000 ) ) ;
#838 = DIRECTION ( 'NONE',  ( 1.000000000000000000, 0.000000000000000000, 0.000000000000000000 ) ) ;
#839 = VERTEX_POINT ( 'NONE', #2137 ) ;
#840 =( NAMED_UNIT ( * ) SI_UNIT ( $, .STERADIAN. ) SOLID_ANGLE_UNIT ( ) );
#841 = LINE ( 'NONE', #3072, #2318 ) ;
#842 =( LENGTH_UNIT ( ) NAMED_UNIT ( * ) SI_UNIT ( .MILLI., .METRE. ) );
#843 =( GEOMETRIC_REPRESENTATION_CONTEXT ( 3 ) GLOBAL_UNCERTAINTY_ASSIGNED_CONTEXT ( ( #2097 ) ) GLOBAL_UNIT_ASSIGNED_CONTEXT ( ( #3276, #2735, #903 ) ) REPRESENTATION_CONTEXT ( 'NONE', 'WORKASPACE' ) );
#844 = EDGE_CURVE ( 'NONE', #1849, #2892, #3236, .T. ) ;
#845 = STYLED_ITEM ( 'NONE', ( #3031 ), #1478 ) ;
#847 = ADVANCED_FACE ( 'NONE', ( #3291 ), #2477, .T. ) ;
#846 = ORIENTED_EDGE ( 'NONE', *, *, #2559, .T. ) ;
#848 = DIRECTION ( 'NONE',  ( 0.000000000000000000, 0.000000000000000000, 1.000000000000000000 ) ) ;
#849 = DIRECTION ( 'NONE',  ( 0.000000000000000000, 0.000000000000000000, 1.000000000000000000 ) ) ;
#850 = VECTOR ( 'NONE', #1087, 1000.000000000000000 ) ;
#851 = ORIENTED_EDGE ( 'NONE', *, *, #1909, .F. ) ;
#852 = ADVANCED_FACE ( 'NONE', ( #550 ), #2218, .T. ) ;
#853 = CARTESIAN_POINT ( 'NONE',  ( 0.6793722664423086366, 0.3597400000000000597, -0.2760461774214260644 ) ) ;
#854 = DIRECTION ( 'NONE',  ( 0.000000000000000000, 0.000000000000000000, 1.000000000000000000 ) ) ;
#855 = MECHANICAL_DESIGN_GEOMETRIC_PRESENTATION_REPRESENTATION (  '', ( #2305 ), #1294 ) ;
#856 = DIRECTION ( 'NONE',  ( 0.000000000000000000, 1.000000000000000000, 0.000000000000000000 ) ) ;
#857 = CARTESIAN_POINT ( 'NONE',  ( 0.3769782363987051466, 0.3596399999999999042, -0.2303125000000000588 ) ) ;
#858 = CARTESIAN_POINT ( 'NONE',  ( -0.006063003609955215645, 0.3596399999999997932, -0.02084885575752082332 ) ) ;
#859 = VERTEX_POINT ( 'NONE', #37 ) ;
#860 = CARTESIAN_POINT ( 'NONE',  ( 0.4609292208296680848, 0.3596399999999999042, -0.2760461774214260644 ) ) ;
#861 =( GEOMETRIC_REPRESENTATION_CONTEXT ( 3 ) GLOBAL_UNCERTAINTY_ASSIGNED_CONTEXT ( ( #486 ) ) GLOBAL_UNIT_ASSIGNED_CONTEXT ( ( #1792, #237, #3425 ) ) REPRESENTATION_CONTEXT ( 'NONE', 'WORKASPACE' ) );
#862 = CARTESIAN_POINT ( 'NONE',  ( 0.4935039803498789679, 0.3596399999999998487, -0.2519119298277429086 ) ) ;
#863 = ORIENTED_EDGE ( 'NONE', *, *, #702, .F. ) ;
#864 = ORIENTED_EDGE ( 'NONE', *, *, #3248, .F. ) ;
#865 = ORIENTED_EDGE ( 'NONE', *, *, #998, .F. ) ;
#866 =( NAMED_UNIT ( * ) SI_UNIT ( $, .STERADIAN. ) SOLID_ANGLE_UNIT ( ) );
#867 = EDGE_CURVE ( 'NONE', #1475, #1971, #88, .T. ) ;
#868 = VERTEX_POINT ( 'NONE', #3254 ) ;
#869 = ORIENTED_EDGE ( 'NONE', *, *, #3099, .F. ) ;
#870 = DIRECTION ( 'NONE',  ( 0.4612044478340304177, 0.000000000000000000, 0.8872938956727399740 ) ) ;
#871 = CARTESIAN_POINT ( 'NONE',  ( 0.4024999999999999689, 0.3389200000000000546, 0.000000000000000000 ) ) ;
#872 = SURFACE_SIDE_STYLE ('',( #1703 ) ) ;
#873 = EDGE_CURVE ( 'NONE', #3110, #3367, #604, .T. ) ;
#874 = ORIENTED_EDGE ( 'NONE', *, *, #688, .F. ) ;
#875 = DIRECTION ( 'NONE',  ( -1.000000000000000000, 0.000000000000000000, 0.000000000000000000 ) ) ;
#876 = DIRECTION ( 'NONE',  ( 0.000000000000000000, 1.000000000000000000, 0.000000000000000000 ) ) ;
#877 = DIRECTION ( 'NONE',  ( 1.000000000000000000, 0.000000000000000000, 0.000000000000000000 ) ) ;
#878 = DIRECTION ( 'NONE',  ( 0.000000000000000000, 0.000000000000000000, -1.000000000000000000 ) ) ;
#879 = DIRECTION ( 'NONE',  ( 0.000000000000000000, 0.000000000000000000, 1.000000000000000000 ) ) ;
#880 = ORIENTED_EDGE ( 'NONE', *, *, #803, .T. ) ;
#881 = AXIS2_PLACEMENT_3D ( 'NONE', #2100, #2388, #2893 ) ;
#882 = ORIENTED_EDGE ( 'NONE', *, *, #1597, .F. ) ;
#883 = CARTESIAN_POINT ( 'NONE',  ( 0.2864516129032258496, -0.01036000000000005146, 0.000000000000000000 ) ) ;
#884 = CARTESIAN_POINT ( 'NONE',  ( 0.6156264986602799638, 0.3597399999999998932, -0.2455570591404753755 ) ) ;
#885 = EDGE_CURVE ( 'NONE', #2233, #2614, #18, .T. ) ;
#886 = ORIENTED_EDGE ( 'NONE', *, *, #2098, .T. ) ;
#887 = ORIENTED_EDGE ( 'NONE', *, *, #1118, .T. ) ;
#888 = LINE ( 'NONE', #2793, #2889 ) ;
#889 = CARTESIAN_POINT ( 'NONE',  ( 0.000000000000000000, 0.000000000000000000, -0.5500000000000000444 ) ) ;
#890 = ORIENTED_EDGE ( 'NONE', *, *, #3245, .F. ) ;
#891 = DIRECTION ( 'NONE',  ( 0.000000000000000000, 1.000000000000000000, 0.000000000000000000 ) ) ;
#892 = LINE ( 'NONE', #3279, #1859 ) ;
#893 =( GEOMETRIC_REPRESENTATION_CONTEXT ( 3 ) GLOBAL_UNCERTAINTY_ASSIGNED_CONTEXT ( ( #2249 ) ) GLOBAL_UNIT_ASSIGNED_CONTEXT ( ( #958, #3400, #938 ) ) REPRESENTATION_CONTEXT ( 'NONE', 'WORKASPACE' ) );
#894 = ORIENTED_EDGE ( 'NONE', *, *, #3055, .T. ) ;
#895 = PRESENTATION_STYLE_ASSIGNMENT (( #2817 ) ) ;
#896 = ORIENTED_EDGE ( 'NONE', *, *, #2044, .F. ) ;
#897 =( GEOMETRIC_REPRESENTATION_CONTEXT ( 3 ) GLOBAL_UNCERTAINTY_ASSIGNED_CONTEXT ( ( #1444 ) ) GLOBAL_UNIT_ASSIGNED_CONTEXT ( ( #643, #75, #1670 ) ) REPRESENTATION_CONTEXT ( 'NONE', 'WORKASPACE' ) );
#898 = ORIENTED_EDGE ( 'NONE', *, *, #3376, .F. ) ;
#899 = CARTESIAN_POINT ( 'NONE',  ( 0.6128253512280777970, 0.3596399999999999042, -0.2981571804488010735 ) ) ;
#900 = ORIENTED_EDGE ( 'NONE', *, *, #546, .T. ) ;
#901 = VERTEX_POINT ( 'NONE', #2158 ) ;
#902 = CARTESIAN_POINT ( 'NONE',  ( 0.6793722664423086366, 0.3596399999999999597, -0.2346972922132649075 ) ) ;
#903 =( NAMED_UNIT ( * ) SI_UNIT ( $, .STERADIAN. ) SOLID_ANGLE_UNIT ( ) );
#904 = ORIENTED_EDGE ( 'NONE', *, *, #1968, .F. ) ;
#905 = CARTESIAN_POINT ( 'NONE',  ( 0.6396810896176551298, 0.3597399999999998932, -0.2760461774214260089 ) ) ;
#906 = CARTESIAN_POINT ( 'NONE',  ( -5.082197683525802034E-17, 0.3389200000000000546, -0.5500000000000000444 ) ) ;
#907 = CARTESIAN_POINT ( 'NONE',  ( 0.4845667396539459215, 0.3596399999999999042, -0.2754001534915397897 ) ) ;
#908 = ADVANCED_FACE ( 'NONE', ( #1132 ), #3047, .F. ) ;
#909 = AXIS2_PLACEMENT_3D ( 'NONE', #357, #2498, #1774 ) ;
#910 = VECTOR ( 'NONE', #2521, 1000.000000000000000 ) ;
#911 = VECTOR ( 'NONE', #125, 1000.000000000000000 ) ;
#912 = LINE ( 'NONE', #3352, #3062 ) ;
#913 = FACE_OUTER_BOUND ( 'NONE', #1203, .T. ) ;
#914 = ADVANCED_FACE ( 'NONE', ( #2512 ), #693, .F. ) ;
#915 = VECTOR ( 'NONE', #879, 1000.000000000000000 ) ;
#916 = ADVANCED_FACE ( 'NONE', ( #1735 ), #3129, .F. ) ;
#917 = ORIENTED_EDGE ( 'NONE', *, *, #2338, .F. ) ;
#918 = PRESENTATION_STYLE_ASSIGNMENT (( #2006 ) ) ;
#919 = ADVANCED_FACE ( 'NONE', ( #1463 ), #924, .T. ) ;
#920 = UNCERTAINTY_MEASURE_WITH_UNIT (LENGTH_MEASURE( 1.000000000000000082E-05 ), #2203, 'distance_accuracy_value', 'NONE');
#921 = ORIENTED_EDGE ( 'NONE', *, *, #2966, .T. ) ;
#922 = VECTOR ( 'NONE', #1564, 1000.000000000000000 ) ;
#923 = DIRECTION ( 'NONE',  ( 0.000000000000000000, 1.000000000000000000, 0.000000000000000000 ) ) ;
#924 = PLANE ( 'NONE',  #407 ) ;
#925 = SURFACE_STYLE_USAGE ( .BOTH. , #3156 ) ;
#926 = FACE_OUTER_BOUND ( 'NONE', #3326, .T. ) ;
#927 = ORIENTED_EDGE ( 'NONE', *, *, #2200, .F. ) ;
#928 =( LENGTH_UNIT ( ) NAMED_UNIT ( * ) SI_UNIT ( .MILLI., .METRE. ) );
#929 =( NAMED_UNIT ( * ) PLANE_ANGLE_UNIT ( ) SI_UNIT ( $, .RADIAN. ) );
#930 = MECHANICAL_DESIGN_GEOMETRIC_PRESENTATION_REPRESENTATION (  '', ( #2726 ), #2554 ) ;
#931 = VERTEX_POINT ( 'NONE', #1186 ) ;
#932 = ORIENTED_EDGE ( 'NONE', *, *, #2414, .F. ) ;
#933 = PRESENTATION_STYLE_ASSIGNMENT (( #2290 ) ) ;
#934 = CARTESIAN_POINT ( 'NONE',  ( 0.000000000000000000, 0.000000000000000000, -0.5500000000000000444 ) ) ;
#935 = SURFACE_SIDE_STYLE ('',( #662 ) ) ;
#936 = ORIENTED_EDGE ( 'NONE', *, *, #1529, .F. ) ;
#937 = FACE_OUTER_BOUND ( 'NONE', #2007, .T. ) ;
#938 =( NAMED_UNIT ( * ) SI_UNIT ( $, .STERADIAN. ) SOLID_ANGLE_UNIT ( ) );
#939 = SURFACE_STYLE_USAGE ( .BOTH. , #1502 ) ;
#940 = CARTESIAN_POINT ( 'NONE',  ( 0.000000000000000000, 0.3389200000000000546, -0.5500000000000000444 ) ) ;
#941 = EDGE_CURVE ( 'NONE', #2136, #2269, #1206, .T. ) ;
#942 = ORIENTED_EDGE ( 'NONE', *, *, #2080, .F. ) ;
#943 = CARTESIAN_POINT ( 'NONE',  ( 0.3494172736732569784, 0.3596399999999999042, -0.2303125000000000588 ) ) ;
#944 = AXIS2_PLACEMENT_3D ( 'NONE', #90, #2221, #1962 ) ;
#945 = UNCERTAINTY_MEASURE_WITH_UNIT (LENGTH_MEASURE( 1.000000000000000082E-05 ), #842, 'distance_accuracy_value', 'NONE');
#946 = EDGE_CURVE ( 'NONE', #87, #83, #3082, .T. ) ;
#947 = COLOUR_RGB ( '',0.8980392156862745390, 0.9215686274509803377, 0.9294117647058823817 ) ;
#948 = ORIENTED_EDGE ( 'NONE', *, *, #2870, .F. ) ;
#949 = FACE_OUTER_BOUND ( 'NONE', #1399, .T. ) ;
#950 =( NAMED_UNIT ( * ) PLANE_ANGLE_UNIT ( ) SI_UNIT ( $, .RADIAN. ) );
#951 = CARTESIAN_POINT ( 'NONE',  ( 0.3769782363987051466, 0.3597399999999998932, -0.2303125000000000588 ) ) ;
#952 = EDGE_CURVE ( 'NONE', #250, #309, #2806, .T. ) ;
#953 = EDGE_CURVE ( 'NONE', #1902, #40, #2275, .T. ) ;
#954 = ORIENTED_EDGE ( 'NONE', *, *, #3144, .T. ) ;
#955 = FACE_OUTER_BOUND ( 'NONE', #109, .T. ) ;
#956 = LINE ( 'NONE', #1237, #2774 ) ;
#957 = PLANE ( 'NONE',  #959 ) ;
#958 =( LENGTH_UNIT ( ) NAMED_UNIT ( * ) SI_UNIT ( .MILLI., .METRE. ) );
#959 = AXIS2_PLACEMENT_3D ( 'NONE', #3135, #715, #824 ) ;
#960 = CARTESIAN_POINT ( 'NONE',  ( -0.01354838709677419657, 0.3492799999999999794, -0.5500000000000000444 ) ) ;
#961 = LINE ( 'NONE', #3138, #2827 ) ;
#962 = STYLED_ITEM ( 'NONE', ( #789 ), #1460 ) ;
#963 =( BOUNDED_CURVE ( )  B_SPLINE_CURVE ( 3, ( #2361, #2382, #2667, #1609 ),
 .UNSPECIFIED., .F., .F. ) 
 B_SPLINE_CURVE_WITH_KNOTS ( ( 4, 4 ),
 ( 0.000000000000000000, 0.5000000000000001110 ),
 .UNSPECIFIED. ) 
 CURVE ( )  GEOMETRIC_REPRESENTATION_ITEM ( )  RATIONAL_B_SPLINE_CURVE ( ( 1.000000000000000000, 0.6666666666666666297, 0.5000000000000000000, 0.5000000000000000000 ) ) 
 REPRESENTATION_ITEM ( '' )  );
#964 = CARTESIAN_POINT ( 'NONE',  ( 0.3820297775112107552, 0.3596399999999999042, -0.2303125000000000588 ) ) ;
#965 = VECTOR ( 'NONE', #3206, 1000.000000000000227 ) ;
#966 = VECTOR ( 'NONE', #218, 1000.000000000000000 ) ;
#967 = VERTEX_POINT ( 'NONE', #252 ) ;
#968 = CARTESIAN_POINT ( 'NONE',  ( 0.5340505671401701848, 0.3596399999999999042, -0.2973072158944790599 ) ) ;
#969 = COLOUR_RGB ( '',0.1019607843137254888, 0.1019607843137254888, 0.1019607843137254888 ) ;
#970 = LINE ( 'NONE', #1482, #2059 ) ;
#971 = VECTOR ( 'NONE', #3103, 1000.000000000000000 ) ;
#972 = ORIENTED_EDGE ( 'NONE', *, *, #2580, .T. ) ;
#973 = SURFACE_SIDE_STYLE ('',( #986 ) ) ;
#974 = CARTESIAN_POINT ( 'NONE',  ( 0.5720080092446299114, 0.3597399999999998932, -0.2981571804488010735 ) ) ;
#975 = EDGE_CURVE ( 'NONE', #250, #3257, #996, .T. ) ;
#976 = LINE ( 'NONE', #2591, #3169 ) ;
#977 = CARTESIAN_POINT ( 'NONE',  ( 0.3364516129032257830, 0.3596399999999999597, -0.5500000000000000444 ) ) ;
#978 = CARTESIAN_POINT ( 'NONE',  ( -5.082197683525802034E-17, 0.3389200000000000546, -0.5500000000000000444 ) ) ;
#979 = AXIS2_PLACEMENT_3D ( 'NONE', #2207, #875, #1722 ) ;
#980 = UNCERTAINTY_MEASURE_WITH_UNIT (LENGTH_MEASURE( 1.000000000000000082E-05 ), #3273, 'distance_accuracy_value', 'NONE');
#981 = EDGE_LOOP ( 'NONE', ( #3458, #1586, #3087, #921 ) ) ;
#982 = CARTESIAN_POINT ( 'NONE',  ( 0.6814767677148327873, 0.3596399999999999042, -0.2303124999999999756 ) ) ;
#983 = DIRECTION ( 'NONE',  ( -1.000000000000000000, -1.548860246407863336E-16, -0.000000000000000000 ) ) ;
#984 =( LENGTH_UNIT ( ) NAMED_UNIT ( * ) SI_UNIT ( .MILLI., .METRE. ) );
#985 = ORIENTED_EDGE ( 'NONE', *, *, #2360, .F. ) ;
#986 = SURFACE_STYLE_FILL_AREA ( #2322 ) ;
#987 = DIRECTION ( 'NONE',  ( -1.499527228704650101E-16, -1.000000000000000000, 0.000000000000000000 ) ) ;
#988 = EDGE_CURVE ( 'NONE', #1406, #1414, #2953, .T. ) ;
#989 = LINE ( 'NONE', #464, #3116 ) ;
#990 = LINE ( 'NONE', #1782, #1300 ) ;
#991 = ORIENTED_EDGE ( 'NONE', *, *, #1837, .F. ) ;
#992 = FACE_OUTER_BOUND ( 'NONE', #1875, .T. ) ;
#993 = DIRECTION ( 'NONE',  ( -1.000000000000000000, 0.000000000000000000, 0.000000000000000000 ) ) ;
#994 = ORIENTED_EDGE ( 'NONE', *, *, #2191, .T. ) ;
#995 = FACE_OUTER_BOUND ( 'NONE', #1346, .T. ) ;
#996 = LINE ( 'NONE', #2873, #2423 ) ;
#997 = COLOUR_RGB ( '',0.8980392156862745390, 0.9215686274509803377, 0.9294117647058823817 ) ;
#998 = EDGE_CURVE ( 'NONE', #664, #533, #2370, .T. ) ;
#999 = ORIENTED_EDGE ( 'NONE', *, *, #2451, .F. ) ;
#1000 = DIRECTION ( 'NONE',  ( 0.000000000000000000, 0.000000000000000000, -1.000000000000000000 ) ) ;
#1001 = FACE_OUTER_BOUND ( 'NONE', #3050, .T. ) ;
#1002 = CARTESIAN_POINT ( 'NONE',  ( 0.4719171227616260622, 0.3596399999999999042, -0.2303125000000000588 ) ) ;
#1003 = ORIENTED_EDGE ( 'NONE', *, *, #1898, .F. ) ;
#1004 = CARTESIAN_POINT ( 'NONE',  ( 0.6496038838238185065, 0.3596399999999999042, -0.2553717348173454860 ) ) ;
#1005 = ADVANCED_FACE ( 'NONE', ( #1053 ), #1582, .F. ) ;
#1006 = LINE ( 'NONE', #1240, #3168 ) ;
#1007 = VECTOR ( 'NONE', #1344, 1000.000000000000227 ) ;
#1008 = CARTESIAN_POINT ( 'NONE',  ( 0.7034268573996838025, 0.3596399999999997377, -0.2760461774214260644 ) ) ;
#1009 = EDGE_CURVE ( 'NONE', #1414, #2394, #3161, .T. ) ;
#1010 = UNCERTAINTY_MEASURE_WITH_UNIT (LENGTH_MEASURE( 1.000000000000000082E-05 ), #3386, 'distance_accuracy_value', 'NONE');
#1011 = AXIS2_PLACEMENT_3D ( 'NONE', #3098, #1756, #2792 ) ;
#1012 = EDGE_LOOP ( 'NONE', ( #1619, #3305, #3063, #1922 ) ) ;
#1013 = FILL_AREA_STYLE_COLOUR ( '', #478 ) ;
#1014 = ADVANCED_FACE ( 'NONE', ( #1848 ), #2348, .T. ) ;
#1015 = VECTOR ( 'NONE', #2342, 1000.000000000000000 ) ;
#1016 = DIRECTION ( 'NONE',  ( 1.000000000000000000, 0.000000000000000000, 0.000000000000000000 ) ) ;
#1017 = VECTOR ( 'NONE', #1072, 1000.000000000000000 ) ;
#1018 =( NAMED_UNIT ( * ) SI_UNIT ( $, .STERADIAN. ) SOLID_ANGLE_UNIT ( ) );
#1019 = VECTOR ( 'NONE', #3190, 1000.000000000000000 ) ;
#1020 = ORIENTED_EDGE ( 'NONE', *, *, #1947, .F. ) ;
#1021 = FACE_OUTER_BOUND ( 'NONE', #1446, .T. ) ;
#1022 = LINE ( 'NONE', #274, #922 ) ;
#1023 = SURFACE_STYLE_FILL_AREA ( #3446 ) ;
#1024 = CARTESIAN_POINT ( 'NONE',  ( 0.6595266780299818832, 0.3597399999999998932, -0.2760461774214260644 ) ) ;
#1025 = VERTEX_POINT ( 'NONE', #1867 ) ;
#1026 = VECTOR ( 'NONE', #2068, 1000.000000000000000 ) ;
#1027 = SURFACE_SIDE_STYLE ('',( #535 ) ) ;
#1028 = CARTESIAN_POINT ( 'NONE',  ( 0.4134138730553348351, 0.3596399999999999042, -0.2432824071808737110 ) ) ;
#1029 =( LENGTH_UNIT ( ) NAMED_UNIT ( * ) SI_UNIT ( .MILLI., .METRE. ) );
#1030 = ORIENTED_EDGE ( 'NONE', *, *, #1995, .F. ) ;
#1031 = LINE ( 'NONE', #2081, #689 ) ;
#1032 = AXIS2_PLACEMENT_3D ( 'NONE', #2303, #2274, #3142 ) ;
#1033 = ORIENTED_EDGE ( 'NONE', *, *, #3357, .T. ) ;
#1034 = PLANE ( 'NONE',  #881 ) ;
#1035 = SURFACE_STYLE_FILL_AREA ( #3460 ) ;
#1036 = DIRECTION ( 'NONE',  ( 0.000000000000000000, 0.000000000000000000, 1.000000000000000000 ) ) ;
#1037 = VERTEX_POINT ( 'NONE', #1811 ) ;
#1038 = CARTESIAN_POINT ( 'NONE',  ( 0.5092364055382460064, 0.3597399999999998932, -0.2555386750974401044 ) ) ;
#1039 = CARTESIAN_POINT ( 'NONE',  ( 0.6128253512280777970, 0.3596399999999999042, -0.3217798548428519867 ) ) ;
#1040 = CARTESIAN_POINT ( 'NONE',  ( 0.3631977550359811180, 0.3596399999999999042, -0.2852421765749061922 ) ) ;
#1041 = STYLED_ITEM ( 'NONE', ( #2968 ), #205 ) ;
#1042 = DIRECTION ( 'NONE',  ( 0.000000000000000000, 1.000000000000000000, 0.000000000000000000 ) ) ;
#1043 = EDGE_CURVE ( 'NONE', #3272, #16, #2932, .T. ) ;
#1044 = ORIENTED_EDGE ( 'NONE', *, *, #1212, .T. ) ;
#1045 = FACE_OUTER_BOUND ( 'NONE', #2091, .T. ) ;
#1046 = FILL_AREA_STYLE ('',( #2093 ) ) ;
#1047 = PLANE ( 'NONE',  #555 ) ;
#1048 = CARTESIAN_POINT ( 'NONE',  ( 0.4755626139522778906, 0.3597399999999999487, -0.3217798548418767668 ) ) ;
#1049 = UNCERTAINTY_MEASURE_WITH_UNIT (LENGTH_MEASURE( 1.000000000000000082E-05 ), #2011, 'distance_accuracy_value', 'NONE');
#1050 = ORIENTED_EDGE ( 'NONE', *, *, #1358, .F. ) ;
#1051 = ORIENTED_EDGE ( 'NONE', *, *, #2307, .T. ) ;
#1052 = DIRECTION ( 'NONE',  ( 1.000000000000000000, 0.000000000000000000, 0.000000000000000000 ) ) ;
#1053 = FACE_OUTER_BOUND ( 'NONE', #2722, .T. ) ;
#1054 = EDGE_CURVE ( 'NONE', #2614, #2610, #3441, .T. ) ;
#1055 = PRESENTATION_STYLE_ASSIGNMENT (( #2693 ) ) ;
#1056 = STYLED_ITEM ( 'NONE', ( #1548 ), #3160 ) ;
#1057 = ORIENTED_EDGE ( 'NONE', *, *, #69, .T. ) ;
#1058 = CARTESIAN_POINT ( 'NONE',  ( 0.5018004237649130728, 0.3596399999999999042, -0.2867339163362680465 ) ) ;
#1059 = DIRECTION ( 'NONE',  ( -1.000000000000000000, 0.000000000000000000, 0.000000000000000000 ) ) ;
#1060 = PRESENTATION_LAYER_ASSIGNMENT (  '', '', ( #2574 ) ) ;
#1061 = LINE ( 'NONE', #3217, #2262 ) ;
#1062 = CARTESIAN_POINT ( 'NONE',  ( 0.5340505671401701848, 0.3597399999999998932, -0.3217798548428519867 ) ) ;
#1063 = EDGE_CURVE ( 'NONE', #378, #709, #471, .T. ) ;
#1064 = EDGE_CURVE ( 'NONE', #3311, #3158, #2616, .T. ) ;
#1065 = ORIENTED_EDGE ( 'NONE', *, *, #278, .F. ) ;
#1066 = LINE ( 'NONE', #2942, #3399 ) ;
#1067 = PLANE ( 'NONE',  #2187 ) ;
#1068 = SURFACE_STYLE_FILL_AREA ( #2944 ) ;
#1069 = ORIENTED_EDGE ( 'NONE', *, *, #1856, .F. ) ;
#1070 = DIRECTION ( 'NONE',  ( 0.8872938956727401960, 0.000000000000000000, 0.4612044478340299736 ) ) ;
#1071 = VECTOR ( 'NONE', #2777, 1000.000000000000000 ) ;
#1072 = DIRECTION ( 'NONE',  ( 0.000000000000000000, 0.000000000000000000, -1.000000000000000000 ) ) ;
#1073 = SURFACE_STYLE_USAGE ( .BOTH. , #781 ) ;
#1074 = MECHANICAL_DESIGN_GEOMETRIC_PRESENTATION_REPRESENTATION (  '', ( #627 ), #2584 ) ;
#1075 = ORIENTED_EDGE ( 'NONE', *, *, #1900, .F. ) ;
#1076 = AXIS2_PLACEMENT_3D ( 'NONE', #833, #2692, #2245 ) ;
#1077 = CARTESIAN_POINT ( 'NONE',  ( 0.4024999999999999689, 0.3389200000000000546, 0.000000000000000000 ) ) ;
#1078 = CARTESIAN_POINT ( 'NONE',  ( 0.5092364055382460064, 0.3596399999999999042, -0.2555386750974401044 ) ) ;
#1079 = PRESENTATION_STYLE_ASSIGNMENT (( #2974 ) ) ;
#1080 =( NAMED_UNIT ( * ) SI_UNIT ( $, .STERADIAN. ) SOLID_ANGLE_UNIT ( ) );
#1081 = PRESENTATION_LAYER_ASSIGNMENT (  '', '', ( #1806 ) ) ;
#1082 = EDGE_LOOP ( 'NONE', ( #2174, #942, #2951, #2779 ) ) ;
#1083 = COLOUR_RGB ( '',0.8509803921568627194, 0.8509803921568627194, 0.8509803921568627194 ) ;
#1084 = DIRECTION ( 'NONE',  ( 0.000000000000000000, 1.000000000000000000, 0.000000000000000000 ) ) ;
#1085 = EDGE_CURVE ( 'NONE', #1110, #1731, #2658, .T. ) ;
#1086 = DIRECTION ( 'NONE',  ( -1.000000000000000000, -1.346834996876403062E-16, 0.000000000000000000 ) ) ;
#1087 = DIRECTION ( 'NONE',  ( 0.000000000000000000, 0.000000000000000000, 1.000000000000000000 ) ) ;
#1088 = SURFACE_SIDE_STYLE ('',( #1068 ) ) ;
#1089 = VECTOR ( 'NONE', #748, 1000.000000000000000 ) ;
#1090 = CARTESIAN_POINT ( 'NONE',  ( 0.6156264986602797418, 0.3596399999999997377, -0.2760461774214260644 ) ) ;
#1091 = VERTEX_POINT ( 'NONE', #488 ) ;
#1092 = DIRECTION ( 'NONE',  ( 0.000000000000000000, 0.000000000000000000, 1.000000000000000000 ) ) ;
#1093 = LINE ( 'NONE', #1195, #227 ) ;
#1094 = ORIENTED_EDGE ( 'NONE', *, *, #69, .F. ) ;
#1095 = ORIENTED_EDGE ( 'NONE', *, *, #52, .F. ) ;
#1096 = COLOUR_RGB ( '',0.1019607843137254888, 0.1019607843137254888, 0.1019607843137254888 ) ;
#1097 = CARTESIAN_POINT ( 'NONE',  ( 0.5018004237649130728, 0.3597399999999998932, -0.2867339163362680465 ) ) ;
#1098 = LINE ( 'NONE', #871, #1589 ) ;
#1099 = PRESENTATION_STYLE_ASSIGNMENT (( #1428 ) ) ;
#1100 = LINE ( 'NONE', #258, #3042 ) ;
#1101 = ORIENTED_EDGE ( 'NONE', *, *, #3193, .F. ) ;
#1102 = FILL_AREA_STYLE ('',( #3071 ) ) ;
#1103 = SURFACE_SIDE_STYLE ('',( #2683 ) ) ;
#1104 = FILL_AREA_STYLE_COLOUR ( '', #1353 ) ;
#1105 = EDGE_CURVE ( 'NONE', #2021, #474, #132, .T. ) ;
#1106 = CARTESIAN_POINT ( 'NONE',  ( 0.5462949302101938187, 0.3597399999999998932, -0.3217798548428519867 ) ) ;
#1107 = ADVANCED_FACE ( 'NONE', ( #1616 ), #2988, .F. ) ;
#1108 = VERTEX_POINT ( 'NONE', #2403 ) ;
#1109 = ORIENTED_EDGE ( 'NONE', *, *, #2080, .T. ) ;
#1110 = VERTEX_POINT ( 'NONE', #80 ) ;
#1111 = LINE ( 'NONE', #899, #821 ) ;
#1112 = CARTESIAN_POINT ( 'NONE',  ( 0.000000000000000000, 0.000000000000000000, 0.000000000000000000 ) ) ;
#1113 = ORIENTED_EDGE ( 'NONE', *, *, #2186, .F. ) ;
#1114 = CARTESIAN_POINT ( 'NONE',  ( 0.6793722664423086366, 0.3596399999999999042, -0.3173950626295872768 ) ) ;
#1115 = FILL_AREA_STYLE_COLOUR ( '', #3005 ) ;
#1116 = CARTESIAN_POINT ( 'NONE',  ( 0.3181605184615174386, 0.3596399999999999042, -0.3217798548428519867 ) ) ;
#1117 = PLANE ( 'NONE',  #944 ) ;
#1118 = EDGE_CURVE ( 'NONE', #2491, #83, #630, .T. ) ;
#1119 = ORIENTED_EDGE ( 'NONE', *, *, #1145, .F. ) ;
#1120 = AXIS2_PLACEMENT_3D ( 'NONE', #264, #2450, #646 ) ;
#1121 = CARTESIAN_POINT ( 'NONE',  ( 0.3820297775112107552, 0.3597399999999998932, -0.2303125000000000588 ) ) ;
#1122 = CARTESIAN_POINT ( 'NONE',  ( 0.5720080092446299114, 0.3596399999999999042, -0.2658365140879892508 ) ) ;
#1123 = EDGE_CURVE ( 'NONE', #2598, #3158, #1905, .T. ) ;
#1124 = AXIS2_PLACEMENT_3D ( 'NONE', #1112, #2786, #15 ) ;
#1125 = CARTESIAN_POINT ( 'NONE',  ( 0.5048294001993700597, 0.3596399999999999042, -0.3217798548428519867 ) ) ;
#1126 = EDGE_LOOP ( 'NONE', ( #1864, #3410, #1179, #1883 ) ) ;
#1127 = LINE ( 'NONE', #2746, #1946 ) ;
#1128 = EDGE_CURVE ( 'NONE', #2394, #1318, #2759, .T. ) ;
#1129 = VECTOR ( 'NONE', #717, 1000.000000000000000 ) ;
#1130 = ORIENTED_EDGE ( 'NONE', *, *, #941, .T. ) ;
#1131 = ORIENTED_EDGE ( 'NONE', *, *, #737, .F. ) ;
#1132 = FACE_OUTER_BOUND ( 'NONE', #1362, .T. ) ;
#1133 = AXIS2_PLACEMENT_3D ( 'NONE', #2662, #1872, #3238 ) ;
#1134 = CARTESIAN_POINT ( 'NONE',  ( 0.5048294001993700597, 0.3596399999999999042, -0.2303124999999999756 ) ) ;
#1135 = FACE_OUTER_BOUND ( 'NONE', #3029, .T. ) ;
#1136 = VERTEX_POINT ( 'NONE', #2133 ) ;
#1137 = AXIS2_PLACEMENT_3D ( 'NONE', #3380, #1236, #1776 ) ;
#1138 = CARTESIAN_POINT ( 'NONE',  ( 0.6496038838238185065, 0.3597399999999998932, -0.2553717348173454860 ) ) ;
#1139 = DIRECTION ( 'NONE',  ( 0.000000000000000000, 1.000000000000000000, 0.000000000000000000 ) ) ;
#1140 = CARTESIAN_POINT ( 'NONE',  ( 0.3181605184615174386, 0.3596399999999999042, -0.3217798548428519867 ) ) ;
#1141 = VECTOR ( 'NONE', #830, 1000.000000000000000 ) ;
#1142 =( LENGTH_UNIT ( ) NAMED_UNIT ( * ) SI_UNIT ( .MILLI., .METRE. ) );
#1143 = VECTOR ( 'NONE', #1543, 1000.000000000000000 ) ;
#1144 = STYLED_ITEM ( 'NONE', ( #3470 ), #1807 ) ;
#1145 = EDGE_CURVE ( 'NONE', #2136, #2803, #912, .T. ) ;
#1146 = VECTOR ( 'NONE', #2848, 1000.000000000000227 ) ;
#1147 = ORIENTED_EDGE ( 'NONE', *, *, #663, .F. ) ;
#1148 = ORIENTED_EDGE ( 'NONE', *, *, #1217, .T. ) ;
#1149 = ORIENTED_EDGE ( 'NONE', *, *, #102, .T. ) ;
#1150 = SURFACE_SIDE_STYLE ('',( #1023 ) ) ;
#1151 = MECHANICAL_DESIGN_GEOMETRIC_PRESENTATION_REPRESENTATION (  '', ( #2494 ), #1430 ) ;
#1152 = ORIENTED_EDGE ( 'NONE', *, *, #52, .T. ) ;
#1153 = SURFACE_STYLE_FILL_AREA ( #93 ) ;
#1154 = CARTESIAN_POINT ( 'NONE',  ( 0.4214667486344135794, 0.3596399999999999042, -0.2655248897291799248 ) ) ;
#1155 = ADVANCED_FACE ( 'NONE', ( #1438 ), #3233, .F. ) ;
#1156 = MECHANICAL_DESIGN_GEOMETRIC_PRESENTATION_REPRESENTATION (  '', ( #2964 ), #82 ) ;
#1157 =( LENGTH_UNIT ( ) NAMED_UNIT ( * ) SI_UNIT ( .MILLI., .METRE. ) );
#1158 = SURFACE_SIDE_STYLE ('',( #2758 ) ) ;
#1159 = CARTESIAN_POINT ( 'NONE',  ( 1.022903225806451655, 0.000000000000000000, -0.5500000000000000444 ) ) ;
#1160 = ORIENTED_EDGE ( 'NONE', *, *, #1492, .T. ) ;
#1161 = FILL_AREA_STYLE ('',( #350 ) ) ;
#1162 = APPLICATION_PROTOCOL_DEFINITION ( 'draft international standard', 'automotive_design', 1998, #467 ) ;
#1163 = UNCERTAINTY_MEASURE_WITH_UNIT (LENGTH_MEASURE( 1.000000000000000082E-05 ), #776, 'distance_accuracy_value', 'NONE');
#1164 = ORIENTED_EDGE ( 'NONE', *, *, #2674, .T. ) ;
#1165 = EDGE_LOOP ( 'NONE', ( #1385, #778, #1164, #691 ) ) ;
#1166 = EDGE_CURVE ( 'NONE', #86, #1136, #1675, .T. ) ;
#1167 = SURFACE_STYLE_USAGE ( .BOTH. , #2176 ) ;
#1168 = DIRECTION ( 'NONE',  ( 0.000000000000000000, 1.000000000000000000, 0.000000000000000000 ) ) ;
#1169 =( LENGTH_UNIT ( ) NAMED_UNIT ( * ) SI_UNIT ( .MILLI., .METRE. ) );
#1170 = EDGE_CURVE ( 'NONE', #1714, #3132, #1990, .T. ) ;
#1171 = ORIENTED_EDGE ( 'NONE', *, *, #1837, .T. ) ;
#1172 =( LENGTH_UNIT ( ) NAMED_UNIT ( * ) SI_UNIT ( .MILLI., .METRE. ) );
#1173 = EDGE_CURVE ( 'NONE', #859, #1333, #3316, .T. ) ;
#1174 = CARTESIAN_POINT ( 'NONE',  ( 0.6595266780299818832, 0.3596399999999999042, -0.3217798548428521532 ) ) ;
#1175 = CARTESIAN_POINT ( 'NONE',  ( 0.5048294001993444136, 0.3596399999999999597, -0.2303125000000000033 ) ) ;
#1176 = ADVANCED_FACE ( 'NONE', ( #2427 ), #2801, .T. ) ;
#1177 = VECTOR ( 'NONE', #3119, 1000.000000000000000 ) ;
#1178 = EDGE_CURVE ( 'NONE', #32, #3272, #1093, .T. ) ;
#1179 = ORIENTED_EDGE ( 'NONE', *, *, #2411, .T. ) ;
#1180 = CARTESIAN_POINT ( 'NONE',  ( 0.6396810896176551298, 0.3596399999999999597, -0.2760461774214260089 ) ) ;
#1181 =( GEOMETRIC_REPRESENTATION_CONTEXT ( 3 ) GLOBAL_UNCERTAINTY_ASSIGNED_CONTEXT ( ( #2926 ) ) GLOBAL_UNIT_ASSIGNED_CONTEXT ( ( #984, #144, #727 ) ) REPRESENTATION_CONTEXT ( 'NONE', 'WORKASPACE' ) );
#1182 = VERTEX_POINT ( 'NONE', #418 ) ;
#1183 = DIRECTION ( 'NONE',  ( 1.000000000000000000, -0.000000000000000000, 0.000000000000000000 ) ) ;
#1184 = ORIENTED_EDGE ( 'NONE', *, *, #277, .T. ) ;
#1185 = CARTESIAN_POINT ( 'NONE',  ( 0.4609292208296680848, 0.3597399999999998932, -0.2455570591404753200 ) ) ;
#1186 = CARTESIAN_POINT ( 'NONE',  ( 0.4339557556250456249, 0.3596399999999999042, -0.2655248897291799248 ) ) ;
#1187 = SURFACE_STYLE_USAGE ( .BOTH. , #2907 ) ;
#1188 = CARTESIAN_POINT ( 'NONE',  ( 0.4078789986753544317, 0.3596399999999999042, -0.2303125000000000588 ) ) ;
#1189 = ORIENTED_EDGE ( 'NONE', *, *, #1743, .T. ) ;
#1190 = CARTESIAN_POINT ( 'NONE',  ( 0.6396810896176549077, 0.3597399999999998377, -0.2898291391574797649 ) ) ;
#1191 = SURFACE_STYLE_USAGE ( .BOTH. , #3298 ) ;
#1192 = SURFACE_STYLE_USAGE ( .BOTH. , #1158 ) ;
#1193 = VECTOR ( 'NONE', #3385, 1000.000000000000000 ) ;
#1194 = VECTOR ( 'NONE', #3122, 1000.000000000000114 ) ;
#1195 = CARTESIAN_POINT ( 'NONE',  ( 0.4475435055841046617, 0.3596399999999999042, -0.2303125000000000588 ) ) ;
#1196 = DIRECTION ( 'NONE',  ( 1.000000000000000000, 0.000000000000000000, 0.000000000000000000 ) ) ;
#1197 = VECTOR ( 'NONE', #1196, 1000.000000000000000 ) ;
#1198 = ORIENTED_EDGE ( 'NONE', *, *, #135, .F. ) ;
#1199 = CARTESIAN_POINT ( 'NONE',  ( 0.6204032258064515748, 0.3389200000000000546, -0.5500000000000000444 ) ) ;
#1200 = STYLED_ITEM ( 'NONE', ( #589 ), #1734 ) ;
#1201 = VERTEX_POINT ( 'NONE', #2055 ) ;
#1202 = UNCERTAINTY_MEASURE_WITH_UNIT (LENGTH_MEASURE( 1.000000000000000082E-05 ), #1698, 'distance_accuracy_value', 'NONE');
#1203 = EDGE_LOOP ( 'NONE', ( #1095, #26 ) ) ;
#1204 = MECHANICAL_DESIGN_GEOMETRIC_PRESENTATION_REPRESENTATION (  '', ( #3347 ), #1247 ) ;
#1205 = PLANE ( 'NONE',  #599 ) ;
#1206 = LINE ( 'NONE', #1701, #2079 ) ;
#1207 = CARTESIAN_POINT ( 'NONE',  ( 0.3364516129032257830, 0.3492799999999999239, 0.000000000000000000 ) ) ;
#1208 = FACE_OUTER_BOUND ( 'NONE', #3374, .T. ) ;
#1209 = EDGE_LOOP ( 'NONE', ( #145, #2839, #882, #2481, #2387, #206, #1131, #851, #3032, #1926, #2024, #2288, #3076 ) ) ;
#1210 = SURFACE_STYLE_FILL_AREA ( #133 ) ;
#1211 = AXIS2_PLACEMENT_3D ( 'NONE', #139, #3404, #2286 ) ;
#1212 = EDGE_CURVE ( 'NONE', #2390, #356, #2611, .T. ) ;
#1213 = DIRECTION ( 'NONE',  ( 0.000000000000000000, -1.000000000000000000, -0.000000000000000000 ) ) ;
#1214 = DIRECTION ( 'NONE',  ( 0.000000000000000000, 1.000000000000000000, 0.000000000000000000 ) ) ;
#1215 = ORIENTED_EDGE ( 'NONE', *, *, #3155, .T. ) ;
#1216 = FACE_OUTER_BOUND ( 'NONE', #259, .T. ) ;
#1217 = EDGE_CURVE ( 'NONE', #931, #238, #989, .T. ) ;
#1218 = ORIENTED_EDGE ( 'NONE', *, *, #2980, .T. ) ;
#1219 = CARTESIAN_POINT ( 'NONE',  ( 0.6375765883451307570, 0.3596399999999999042, -0.2303124999999999756 ) ) ;
#1220 = SURFACE_SIDE_STYLE ('',( #2857 ) ) ;
#1221 = DIRECTION ( 'NONE',  ( 0.000000000000000000, 1.000000000000000000, 0.000000000000000000 ) ) ;
#1222 = VERTEX_POINT ( 'NONE', #1516 ) ;
#1223 = LINE ( 'NONE', #2323, #695 ) ;
#1224 = DIRECTION ( 'NONE',  ( -1.000000000000000000, 2.500763939512695981E-16, 0.000000000000000000 ) ) ;
#1225 = LINE ( 'NONE', #3415, #1177 ) ;
#1226 = CARTESIAN_POINT ( 'NONE',  ( 1.022903225806451655, 0.000000000000000000, -0.5500000000000000444 ) ) ;
#1227 = DIRECTION ( 'NONE',  ( 1.000000000000000000, 0.000000000000000000, 0.000000000000000000 ) ) ;
#1228 = PRESENTATION_LAYER_ASSIGNMENT (  '', '', ( #1056 ) ) ;
#1229 = AXIS2_PLACEMENT_3D ( 'NONE', #889, #2256, #2794 ) ;
#1230 = UNCERTAINTY_MEASURE_WITH_UNIT (LENGTH_MEASURE( 1.000000000000000082E-05 ), #612, 'distance_accuracy_value', 'NONE');
#1231 = ORIENTED_EDGE ( 'NONE', *, *, #952, .F. ) ;
#1232 = PLANE ( 'NONE',  #1032 ) ;
#1233 = EDGE_CURVE ( 'NONE', #2781, #2528, #3369, .T. ) ;
#1234 = SURFACE_STYLE_USAGE ( .BOTH. , #678 ) ;
#1235 = ORIENTED_EDGE ( 'NONE', *, *, #2005, .T. ) ;
#1236 = DIRECTION ( 'NONE',  ( -1.548860246407863336E-16, 1.000000000000000000, 0.000000000000000000 ) ) ;
#1237 = CARTESIAN_POINT ( 'NONE',  ( 0.5462949302101938187, 0.3597399999999998932, -0.2303125000000000588 ) ) ;
#1238 = LINE ( 'NONE', #2573, #2457 ) ;
#1239 = AXIS2_PLACEMENT_3D ( 'NONE', #275, #3483, #477 ) ;
#1240 = CARTESIAN_POINT ( 'NONE',  ( 0.6128253512280777970, 0.3596399999999999042, -0.2981571804488010735 ) ) ;
#1241 = DIRECTION ( 'NONE',  ( 1.000000000000000000, 0.000000000000000000, 0.000000000000000000 ) ) ;
#1242 = AXIS2_PLACEMENT_3D ( 'NONE', #613, #1417, #2527 ) ;
#1243 = VERTEX_POINT ( 'NONE', #1763 ) ;
#1244 = LINE ( 'NONE', #2048, #194 ) ;
#1245 = ADVANCED_FACE ( 'NONE', ( #3418 ), #3151, .T. ) ;
#1246 = DIRECTION ( 'NONE',  ( -1.000000000000000000, 0.000000000000000000, 0.000000000000000000 ) ) ;
#1247 =( GEOMETRIC_REPRESENTATION_CONTEXT ( 3 ) GLOBAL_UNCERTAINTY_ASSIGNED_CONTEXT ( ( #2566 ) ) GLOBAL_UNIT_ASSIGNED_CONTEXT ( ( #3381, #444, #3133 ) ) REPRESENTATION_CONTEXT ( 'NONE', 'WORKASPACE' ) );
#1248 = ORIENTED_EDGE ( 'NONE', *, *, #1275, .F. ) ;
#1249 = CARTESIAN_POINT ( 'NONE',  ( 0.4475435055841046617, 0.3596399999999999042, -0.2303125000000000588 ) ) ;
#1250 = DIRECTION ( 'NONE',  ( -0.3957804518716950826, 0.000000000000000000, -0.9183451605557884090 ) ) ;
#1251 = CARTESIAN_POINT ( 'NONE',  ( 1.022903225806451655, 0.000000000000000000, -0.5500000000000000444 ) ) ;
#1252 = CARTESIAN_POINT ( 'NONE',  ( 0.5340505671401701848, 0.3596399999999999042, -0.3217798548428519867 ) ) ;
#1253 = PRESENTATION_STYLE_ASSIGNMENT (( #939 ) ) ;
#1254 = CARTESIAN_POINT ( 'NONE',  ( 0.4134138730553348351, 0.3597399999999998932, -0.2432824071808737110 ) ) ;
#1255 = ORIENTED_EDGE ( 'NONE', *, *, #814, .F. ) ;
#1256 = AXIS2_PLACEMENT_3D ( 'NONE', #2075, #1331, #2626 ) ;
#1257 = DIRECTION ( 'NONE',  ( 1.000000000000000000, 0.000000000000000000, 0.000000000000000000 ) ) ;
#1258 =( NAMED_UNIT ( * ) SI_UNIT ( $, .STERADIAN. ) SOLID_ANGLE_UNIT ( ) );
#1259 = UNCERTAINTY_MEASURE_WITH_UNIT (LENGTH_MEASURE( 1.000000000000000082E-05 ), #2337, 'distance_accuracy_value', 'NONE');
#1260 = ORIENTED_EDGE ( 'NONE', *, *, #2894, .F. ) ;
#1261 =( NAMED_UNIT ( * ) SI_UNIT ( $, .STERADIAN. ) SOLID_ANGLE_UNIT ( ) );
#1262 = CARTESIAN_POINT ( 'NONE',  ( 0.5018004237649130728, 0.3597399999999998932, -0.2648328402104253021 ) ) ;
#1263 = FILL_AREA_STYLE_COLOUR ( '', #997 ) ;
#1264 = ORIENTED_EDGE ( 'NONE', *, *, #1567, .F. ) ;
#1265 = EDGE_CURVE ( 'NONE', #839, #3257, #1801, .T. ) ;
#1266 = CARTESIAN_POINT ( 'NONE',  ( 0.000000000000000000, 0.000000000000000000, 0.000000000000000000 ) ) ;
#1267 = CARTESIAN_POINT ( 'NONE',  ( 0.6793722664423087476, 0.3596399999999999042, -0.2760461774214260644 ) ) ;
#1268 = CARTESIAN_POINT ( 'NONE',  ( 0.4339557556250456249, 0.3596399999999999042, -0.2655248897291799248 ) ) ;
#1269 = VERTEX_POINT ( 'NONE', #1226 ) ;
#1270 = EDGE_CURVE ( 'NONE', #2954, #3490, #136, .T. ) ;
#1271 = DIRECTION ( 'NONE',  ( -0.4536948737871142057, 0.000000000000000000, 0.8911570913701435392 ) ) ;
#1272 = EDGE_CURVE ( 'NONE', #2238, #3037, #976, .T. ) ;
#1273 = PLANE ( 'NONE',  #171 ) ;
#1274 = LINE ( 'NONE', #1749, #1015 ) ;
#1275 = EDGE_CURVE ( 'NONE', #498, #1037, #433, .T. ) ;
#1276 = DIRECTION ( 'NONE',  ( 0.000000000000000000, 1.000000000000000000, 0.000000000000000000 ) ) ;
#1277 = VERTEX_POINT ( 'NONE', #1538 ) ;
#1278 = SURFACE_SIDE_STYLE ('',( #2615 ) ) ;
#1279 = STYLED_ITEM ( 'NONE', ( #2881 ), #3120 ) ;
#1280 = DIRECTION ( 'NONE',  ( 0.000000000000000000, 0.000000000000000000, 1.000000000000000000 ) ) ;
#1281 = AXIS2_PLACEMENT_3D ( 'NONE', #1757, #2826, #2874 ) ;
#1282 = EDGE_LOOP ( 'NONE', ( #428, #2258, #3405, #1699, #3277, #904, #105, #443, #2339, #2649, #1248, #1419 ) ) ;
#1283 = AXIS2_PLACEMENT_3D ( 'NONE', #49, #849, #3304 ) ;
#1284 = CARTESIAN_POINT ( 'NONE',  ( 0.6204032258064515748, 0.3492800000000000349, -0.5500000000000000444 ) ) ;
#1285 = CARTESIAN_POINT ( 'NONE',  ( 0.6396810896176551298, 0.3597399999999998932, -0.2760461774214260089 ) ) ;
#1286 = DIRECTION ( 'NONE',  ( 0.000000000000000000, -1.000000000000000000, 0.000000000000000000 ) ) ;
#1287 = PLANE ( 'NONE',  #2571 ) ;
#1288 = ORIENTED_EDGE ( 'NONE', *, *, #1677, .T. ) ;
#1289 = LINE ( 'NONE', #230, #594 ) ;
#1290 = FILL_AREA_STYLE_COLOUR ( '', #11 ) ;
#1291 = PLANE ( 'NONE',  #3007 ) ;
#1292 = VECTOR ( 'NONE', #2283, 1000.000000000000000 ) ;
#1293 = ORIENTED_EDGE ( 'NONE', *, *, #351, .T. ) ;
#1294 =( GEOMETRIC_REPRESENTATION_CONTEXT ( 3 ) GLOBAL_UNCERTAINTY_ASSIGNED_CONTEXT ( ( #1577 ) ) GLOBAL_UNIT_ASSIGNED_CONTEXT ( ( #1816, #552, #2957 ) ) REPRESENTATION_CONTEXT ( 'NONE', 'WORKASPACE' ) );
#1295 = CARTESIAN_POINT ( 'NONE',  ( 0.3445961442865642654, 0.3596399999999999042, -0.3217798548428519867 ) ) ;
#1296 = UNCERTAINTY_MEASURE_WITH_UNIT (LENGTH_MEASURE( 1.000000000000000082E-05 ), #3266, 'distance_accuracy_value', 'NONE');
#1297 = ORIENTED_EDGE ( 'NONE', *, *, #2789, .F. ) ;
#1298 = DIRECTION ( 'NONE',  ( 0.000000000000000000, 1.000000000000000000, 0.000000000000000000 ) ) ;
#1299 =( BOUNDED_CURVE ( )  B_SPLINE_CURVE ( 3, ( #3067, #19, #2235, #1134 ),
 .UNSPECIFIED., .F., .F. ) 
 B_SPLINE_CURVE_WITH_KNOTS ( ( 4, 4 ),
 ( 0.5000000000000001110, 1.000000000000000000 ),
 .UNSPECIFIED. ) 
 CURVE ( )  GEOMETRIC_REPRESENTATION_ITEM ( )  RATIONAL_B_SPLINE_CURVE ( ( 0.5000000000000000000, 0.5000000000000001110, 0.6666666666666667407, 1.000000000000000000 ) ) 
 REPRESENTATION_ITEM ( '' )  );
#1300 = VECTOR ( 'NONE', #2867, 1000.000000000000000 ) ;
#1301 = DIRECTION ( 'NONE',  ( 0.000000000000000000, 0.000000000000000000, -1.000000000000000000 ) ) ;
#1302 = COLOUR_RGB ( '',0.8980392156862745390, 0.9215686274509803377, 0.9294117647058823817 ) ;
#1303 =( LENGTH_UNIT ( ) NAMED_UNIT ( * ) SI_UNIT ( .MILLI., .METRE. ) );
#1304 = ORIENTED_EDGE ( 'NONE', *, *, #3456, .F. ) ;
#1305 = FACE_BOUND ( 'NONE', #272, .T. ) ;
#1306 = CARTESIAN_POINT ( 'NONE',  ( 0.4609292208296681403, 0.3597399999999998932, -0.2760461774214260644 ) ) ;
#1307 = MECHANICAL_DESIGN_GEOMETRIC_PRESENTATION_REPRESENTATION (  '', ( #1200 ), #1692 ) ;
#1308 = CARTESIAN_POINT ( 'NONE',  ( 1.022903225806451655, 0.000000000000000000, -0.5500000000000000444 ) ) ;
#1309 = ADVANCED_FACE ( 'NONE', ( #3384 ), #1273, .F. ) ;
#1310 = VERTEX_POINT ( 'NONE', #150 ) ;
#1311 = DIRECTION ( 'NONE',  ( -0.3957804518716950826, 0.000000000000000000, 0.9183451605557884090 ) ) ;
#1312 =( LENGTH_UNIT ( ) NAMED_UNIT ( * ) SI_UNIT ( .MILLI., .METRE. ) );
#1313 = DIRECTION ( 'NONE',  ( -1.000000000000000000, 0.000000000000000000, 0.000000000000000000 ) ) ;
#1314 = LINE ( 'NONE', #2166, #2082 ) ;
#1315 = ORIENTED_EDGE ( 'NONE', *, *, #248, .T. ) ;
#1316 = EDGE_CURVE ( 'NONE', #175, #1843, #2560, .T. ) ;
#1317 = FACE_OUTER_BOUND ( 'NONE', #1915, .T. ) ;
#1318 = VERTEX_POINT ( 'NONE', #2298 ) ;
#1319 = CARTESIAN_POINT ( 'NONE',  ( -5.082197683525802034E-17, 0.3389200000000000546, -0.5500000000000000444 ) ) ;
#1320 = EDGE_CURVE ( 'NONE', #2659, #1731, #3137, .T. ) ;
#1321 =( GEOMETRIC_REPRESENTATION_CONTEXT ( 3 ) GLOBAL_UNCERTAINTY_ASSIGNED_CONTEXT ( ( #199 ) ) GLOBAL_UNIT_ASSIGNED_CONTEXT ( ( #635, #1352, #1943 ) ) REPRESENTATION_CONTEXT ( 'NONE', 'WORKASPACE' ) );
#1322 = DIRECTION ( 'NONE',  ( 0.000000000000000000, 0.000000000000000000, 1.000000000000000000 ) ) ;
#1323 = EDGE_CURVE ( 'NONE', #2083, #312, #2866, .T. ) ;
#1324 = CARTESIAN_POINT ( 'NONE',  ( 1.022903225806451655, 0.000000000000000000, -0.5500000000000000444 ) ) ;
#1325 = EDGE_LOOP ( 'NONE', ( #3339, #3106, #3318, #3290 ) ) ;
#1326 = CARTESIAN_POINT ( 'NONE',  ( 0.5462949302101938187, 0.3596399999999999042, -0.2303125000000000588 ) ) ;
#1327 = DIRECTION ( 'NONE',  ( 0.000000000000000000, 1.000000000000000000, 0.000000000000000000 ) ) ;
#1328 =( GEOMETRIC_REPRESENTATION_CONTEXT ( 3 ) GLOBAL_UNCERTAINTY_ASSIGNED_CONTEXT ( ( #1296 ) ) GLOBAL_UNIT_ASSIGNED_CONTEXT ( ( #3266, #330, #866 ) ) REPRESENTATION_CONTEXT ( 'NONE', 'WORKASPACE' ) );
#1329 = FILL_AREA_STYLE_COLOUR ( '', #2747 ) ;
#1330 = ORIENTED_EDGE ( 'NONE', *, *, #2338, .T. ) ;
#1331 = DIRECTION ( 'NONE',  ( 1.000000000000000000, 0.000000000000000000, 0.000000000000000000 ) ) ;
#1332 = CARTESIAN_POINT ( 'NONE',  ( 1.022903225806451655, 0.3389200000000000546, -0.5500000000000000444 ) ) ;
#1333 = VERTEX_POINT ( 'NONE', #1841 ) ;
#1334 = FACE_OUTER_BOUND ( 'NONE', #2686, .T. ) ;
#1335 = ORIENTED_EDGE ( 'NONE', *, *, #3497, .T. ) ;
#1336 = CARTESIAN_POINT ( 'NONE',  ( 0.4082349916104447418, 0.3596399999999999042, -0.3217798548428519867 ) ) ;
#1337 = SURFACE_SIDE_STYLE ('',( #366 ) ) ;
#1338 = DIRECTION ( 'NONE',  ( 1.000000000000000000, -1.346834996876403062E-16, 0.000000000000000000 ) ) ;
#1339 = AXIS2_PLACEMENT_3D ( 'NONE', #1024, #1042, #553 ) ;
#1340 = ADVANCED_FACE ( 'NONE', ( #1552 ), #1878, .T. ) ;
#1341 = ORIENTED_EDGE ( 'NONE', *, *, #1316, .T. ) ;
#1342 = CARTESIAN_POINT ( 'NONE',  ( 0.4024999999999999689, 0.000000000000000000, -0.5500000000000000444 ) ) ;
#1343 = CARTESIAN_POINT ( 'NONE',  ( 0.3631977550359811180, 0.3597399999999998932, -0.2852421765749061922 ) ) ;
#1344 = DIRECTION ( 'NONE',  ( -0.3957804518716950826, 0.000000000000000000, 0.9183451605557884090 ) ) ;
#1345 = CARTESIAN_POINT ( 'NONE',  ( 0.000000000000000000, 0.000000000000000000, -0.5500000000000000444 ) ) ;
#1346 = EDGE_LOOP ( 'NONE', ( #2250, #3473, #1541, #2072 ) ) ;
#1347 = PRESENTATION_STYLE_ASSIGNMENT (( #2092 ) ) ;
#1348 = CARTESIAN_POINT ( 'NONE',  ( 0.5720080092446299114, 0.3597399999999998932, -0.2529653581143512242 ) ) ;
#1349 = FILL_AREA_STYLE_COLOUR ( '', #1933 ) ;
#1350 = DIRECTION ( 'NONE',  ( -0.3371883281319000836, -0.000000000000000000, -0.9414372158416163261 ) ) ;
#1351 = ORIENTED_EDGE ( 'NONE', *, *, #3055, .F. ) ;
#1352 =( NAMED_UNIT ( * ) PLANE_ANGLE_UNIT ( ) SI_UNIT ( $, .RADIAN. ) );
#1353 = COLOUR_RGB ( '',0.8980392156862745390, 0.9215686274509803377, 0.9294117647058823817 ) ;
#1354 = SURFACE_STYLE_USAGE ( .BOTH. , #1337 ) ;
#1355 = ORIENTED_EDGE ( 'NONE', *, *, #1560, .F. ) ;
#1356 = ORIENTED_EDGE ( 'NONE', *, *, #3312, .F. ) ;
#1357 = PRESENTATION_LAYER_ASSIGNMENT (  '', '', ( #2651 ) ) ;
#1358 = EDGE_CURVE ( 'NONE', #901, #1110, #501, .T. ) ;
#1359 = CARTESIAN_POINT ( 'NONE',  ( 0.000000000000000000, 0.000000000000000000, 0.000000000000000000 ) ) ;
#1360 = LINE ( 'NONE', #2090, #3229 ) ;
#1361 = VECTOR ( 'NONE', #401, 1000.000000000000000 ) ;
#1362 = EDGE_LOOP ( 'NONE', ( #2934, #1808, #201, #787, #1171, #994, #900, #56 ) ) ;
#1363 = COLOUR_RGB ( '',0.7921568627450980005, 0.8196078431372548767, 0.9333333333333333481 ) ;
#1364 = EDGE_CURVE ( 'NONE', #2855, #2233, #2962, .T. ) ;
#1365 = CARTESIAN_POINT ( 'NONE',  ( 0.4134138730553348351, 0.3596399999999999042, -0.2432824071808737110 ) ) ;
#1366 =( NAMED_UNIT ( * ) PLANE_ANGLE_UNIT ( ) SI_UNIT ( $, .RADIAN. ) );
#1367 = VECTOR ( 'NONE', #2733, 1000.000000000000000 ) ;
#1368 = DIRECTION ( 'NONE',  ( -0.4536948737871142057, 0.000000000000000000, 0.8911570913701436503 ) ) ;
#1369 = ORIENTED_EDGE ( 'NONE', *, *, #497, .T. ) ;
#1370 = SURFACE_SIDE_STYLE ('',( #2728 ) ) ;
#1371 = ADVANCED_FACE ( 'NONE', ( #2109 ), #2648, .T. ) ;
#1372 = ORIENTED_EDGE ( 'NONE', *, *, #653, .F. ) ;
#1373 = DIRECTION ( 'NONE',  ( -0.3505452905154256005, 0.000000000000000000, 0.9365457806735641988 ) ) ;
#1374 = VECTOR ( 'NONE', #2682, 1000.000000000000000 ) ;
#1375 = CARTESIAN_POINT ( 'NONE',  ( 0.6083538709714563231, 0.3597399999999998932, -0.2658365140879892508 ) ) ;
#1376 = LINE ( 'NONE', #1404, #1753 ) ;
#1377 = SURFACE_STYLE_USAGE ( .BOTH. , #336 ) ;
#1378 = EDGE_CURVE ( 'NONE', #2510, #967, #963, .T. ) ;
#1379 = ORIENTED_EDGE ( 'NONE', *, *, #3201, .T. ) ;
#1380 =( GEOMETRIC_REPRESENTATION_CONTEXT ( 3 ) GLOBAL_UNCERTAINTY_ASSIGNED_CONTEXT ( ( #235 ) ) GLOBAL_UNIT_ASSIGNED_CONTEXT ( ( #1556, #1865, #1261 ) ) REPRESENTATION_CONTEXT ( 'NONE', 'WORKASPACE' ) );
#1381 = CARTESIAN_POINT ( 'NONE',  ( 0.6595266780299818832, 0.3597399999999998932, -0.2553717348173454860 ) ) ;
#1382 = DIRECTION ( 'NONE',  ( 0.000000000000000000, 1.000000000000000000, 0.000000000000000000 ) ) ;
#1383 = SURFACE_STYLE_USAGE ( .BOTH. , #7 ) ;
#1384 = ADVANCED_FACE ( 'NONE', ( #263 ), #1067, .T. ) ;
#1385 = ORIENTED_EDGE ( 'NONE', *, *, #1720, .F. ) ;
#1386 = PRESENTATION_STYLE_ASSIGNMENT (( #3287 ) ) ;
#1387 = SURFACE_STYLE_FILL_AREA ( #3288 ) ;
#1388 = ORIENTED_EDGE ( 'NONE', *, *, #1217, .F. ) ;
#1389 = ORIENTED_EDGE ( 'NONE', *, *, #497, .F. ) ;
#1390 = DIRECTION ( 'NONE',  ( 1.000000000000000000, 1.641527098757051630E-15, -0.000000000000000000 ) ) ;
#1391 = MECHANICAL_DESIGN_GEOMETRIC_PRESENTATION_REPRESENTATION (  '', ( #1454 ), #260 ) ;
#1392 = ORIENTED_EDGE ( 'NONE', *, *, #2490, .F. ) ;
#1393 = SURFACE_STYLE_FILL_AREA ( #1102 ) ;
#1394 = DIRECTION ( 'NONE',  ( 1.000000000000000000, 0.000000000000000000, 0.000000000000000000 ) ) ;
#1395 = CARTESIAN_POINT ( 'NONE',  ( -2.590791441335140079E-18, -0.01035999999999994911, -0.5500000000000000444 ) ) ;
#1396 = EDGE_LOOP ( 'NONE', ( #3271, #3178, #2750, #679 ) ) ;
#1397 = PRESENTATION_LAYER_ASSIGNMENT (  '', '', ( #61 ) ) ;
#1398 = VERTEX_POINT ( 'NONE', #2124 ) ;
#1399 = EDGE_LOOP ( 'NONE', ( #1908, #2130, #373, #254 ) ) ;
#1400 = EDGE_CURVE ( 'NONE', #2442, #797, #3223, .T. ) ;
#1401 =( NAMED_UNIT ( * ) PLANE_ANGLE_UNIT ( ) SI_UNIT ( $, .RADIAN. ) );
#1402 = AXIS2_PLACEMENT_3D ( 'NONE', #1326, #2088, #2373 ) ;
#1403 = CARTESIAN_POINT ( 'NONE',  ( 0.5340505671401701848, 0.3597399999999998932, -0.2867339163362680465 ) ) ;
#1404 = CARTESIAN_POINT ( 'NONE',  ( 0.4845667396539459215, 0.3596399999999999042, -0.2761733598502854048 ) ) ;
#1405 = CARTESIAN_POINT ( 'NONE',  ( 0.6156264986602797418, 0.3597399999999998932, -0.1845788225785738590 ) ) ;
#1406 = VERTEX_POINT ( 'NONE', #1348 ) ;
#1407 = PRESENTATION_LAYER_ASSIGNMENT (  '', '', ( #1634 ) ) ;
#1408 = PRESENTATION_STYLE_ASSIGNMENT (( #1917 ) ) ;
#1409 = FACE_OUTER_BOUND ( 'NONE', #1165, .T. ) ;
#1410 = DIRECTION ( 'NONE',  ( 0.000000000000000000, 1.000000000000000000, 0.000000000000000000 ) ) ;
#1411 = COLOUR_RGB ( '',0.1019607843137254888, 0.1019607843137254888, 0.1019607843137254888 ) ;
#1412 = LINE ( 'NONE', #3054, #2237 ) ;
#1413 = VECTOR ( 'NONE', #2665, 1000.000000000000227 ) ;
#1414 = VERTEX_POINT ( 'NONE', #1571 ) ;
#1415 = PRODUCT_DEFINITION ( 'UNKNOWN', '', #3153, #2008 ) ;
#1416 = DIRECTION ( 'NONE',  ( 0.4612044478340304177, 0.000000000000000000, 0.8872938956727399740 ) ) ;
#1417 = DIRECTION ( 'NONE',  ( 0.9414372158416163261, 0.000000000000000000, -0.3371883281319000836 ) ) ;
#1418 = VECTOR ( 'NONE', #2432, 1000.000000000000000 ) ;
#1420 = EDGE_CURVE ( 'NONE', #1108, #2803, #2684, .T. ) ;
#1419 = ORIENTED_EDGE ( 'NONE', *, *, #437, .F. ) ;
#1421 = DIRECTION ( 'NONE',  ( -1.000000000000000000, 0.000000000000000000, -0.000000000000000000 ) ) ;
#1422 = ORIENTED_EDGE ( 'NONE', *, *, #1995, .T. ) ;
#1423 = EDGE_CURVE ( 'NONE', #21, #2394, #2396, .T. ) ;
#1424 = ORIENTED_EDGE ( 'NONE', *, *, #2366, .F. ) ;
#1425 = EDGE_CURVE ( 'NONE', #2555, #2441, #483, .T. ) ;
#1426 = CARTESIAN_POINT ( 'NONE',  ( 0.4024999999999999689, 0.3492800000000000349, -0.5500000000000000444 ) ) ;
#1427 = LINE ( 'NONE', #1359, #1418 ) ;
#1428 = SURFACE_STYLE_USAGE ( .BOTH. , #1932 ) ;
#1429 = CARTESIAN_POINT ( 'NONE',  ( 0.7034268573996838025, 0.3597399999999998932, -0.2760461774214260644 ) ) ;
#1430 =( GEOMETRIC_REPRESENTATION_CONTEXT ( 3 ) GLOBAL_UNCERTAINTY_ASSIGNED_CONTEXT ( ( #708 ) ) GLOBAL_UNIT_ASSIGNED_CONTEXT ( ( #362, #2775, #339 ) ) REPRESENTATION_CONTEXT ( 'NONE', 'WORKASPACE' ) );
#1431 = EDGE_LOOP ( 'NONE', ( #3371, #1518, #1854, #1494 ) ) ;
#1432 = CARTESIAN_POINT ( 'NONE',  ( 0.6396810896176550187, 0.3597399999999998377, -0.2622632156853723084 ) ) ;
#1433 = VECTOR ( 'NONE', #2812, 1000.000000000000000 ) ;
#1434 = SURFACE_STYLE_FILL_AREA ( #3038 ) ;
#1435 = FILL_AREA_STYLE_COLOUR ( '', #1725 ) ;
#1436 =( BOUNDED_CURVE ( )  B_SPLINE_CURVE ( 3, ( #3000, #95, #1919, #1174, #43, #320, #574 ),
 .UNSPECIFIED., .F., .F. ) 
 B_SPLINE_CURVE_WITH_KNOTS ( ( 4, 3, 4 ),
 ( 0.2500000000000000555, 0.5000000000000000000, 0.7500000000000000000 ),
 .UNSPECIFIED. ) 
 CURVE ( )  GEOMETRIC_REPRESENTATION_ITEM ( )  RATIONAL_B_SPLINE_CURVE ( ( 0.5000000000000000000, 0.5000000000000001110, 0.6666666666666667407, 1.000000000000000000, 0.6666666666666667407, 0.5000000000000000000, 0.5000000000000000000 ) ) 
 REPRESENTATION_ITEM ( '' )  );
#1437 = CLOSED_SHELL ( 'NONE', ( #28, #3268, #2453, #2619, #3221, #2272 ) ) ;
#1438 = FACE_OUTER_BOUND ( 'NONE', #2548, .T. ) ;
#1439 = FACE_OUTER_BOUND ( 'NONE', #2458, .T. ) ;
#1440 = ORIENTED_EDGE ( 'NONE', *, *, #2742, .T. ) ;
#1441 = EDGE_LOOP ( 'NONE', ( #3463, #2790, #1479, #2037 ) ) ;
#1442 = CARTESIAN_POINT ( 'NONE',  ( 0.5720080092446299114, 0.3596399999999999042, -0.2529653581143512242 ) ) ;
#1443 =( LENGTH_UNIT ( ) NAMED_UNIT ( * ) SI_UNIT ( .MILLI., .METRE. ) );
#1444 = UNCERTAINTY_MEASURE_WITH_UNIT (LENGTH_MEASURE( 1.000000000000000082E-05 ), #643, 'distance_accuracy_value', 'NONE');
#1445 = ORIENTED_EDGE ( 'NONE', *, *, #2676, .F. ) ;
#1446 = EDGE_LOOP ( 'NONE', ( #424, #3283, #3145, #2727, #2175, #2121, #2716, #2094 ) ) ;
#1447 = CARTESIAN_POINT ( 'NONE',  ( 1.036451612903225961, -1.276379741199286193E-19, -0.5500000000000000444 ) ) ;
#1448 = PRESENTATION_STYLE_ASSIGNMENT (( #1187 ) ) ;
#1449 = DIRECTION ( 'NONE',  ( 0.000000000000000000, 1.000000000000000000, 0.000000000000000000 ) ) ;
#1450 = ORIENTED_EDGE ( 'NONE', *, *, #2924, .F. ) ;
#1451 = SURFACE_STYLE_USAGE ( .BOTH. , #973 ) ;
#1452 = FILL_AREA_STYLE ('',( #2224 ) ) ;
#1453 = DIRECTION ( 'NONE',  ( 2.500763939512695981E-16, 1.000000000000000000, -0.000000000000000000 ) ) ;
#1454 = STYLED_ITEM ( 'NONE', ( #1661 ), #3004 ) ;
#1455 = CARTESIAN_POINT ( 'NONE',  ( 0.6128253512280777970, 0.3596399999999999042, -0.2529653581143512242 ) ) ;
#1456 = FACE_OUTER_BOUND ( 'NONE', #3046, .T. ) ;
#1457 = COLOUR_RGB ( '',0.8980392156862745390, 0.9215686274509803377, 0.9294117647058823817 ) ;
#1458 = ORIENTED_EDGE ( 'NONE', *, *, #1501, .T. ) ;
#1459 = CARTESIAN_POINT ( 'NONE',  ( 0.4475435055841046617, 0.3596399999999999042, -0.2303125000000000588 ) ) ;
#1460 = ADVANCED_FACE ( 'NONE', ( #2703 ), #283, .F. ) ;
#1461 = ORIENTED_EDGE ( 'NONE', *, *, #1425, .F. ) ;
#1462 =( LENGTH_UNIT ( ) NAMED_UNIT ( * ) SI_UNIT ( .MILLI., .METRE. ) );
#1463 = FACE_OUTER_BOUND ( 'NONE', #1126, .T. ) ;
#1464 = VECTOR ( 'NONE', #2526, 1000.000000000000000 ) ;
#1465 = DIRECTION ( 'NONE',  ( 0.000000000000000000, 1.000000000000000000, 0.000000000000000000 ) ) ;
#1466 = VERTEX_POINT ( 'NONE', #625 ) ;
#1467 = EDGE_CURVE ( 'NONE', #452, #2959, #892, .T. ) ;
#1468 = DIRECTION ( 'NONE',  ( 0.3925015156512740022, 0.000000000000000000, 0.9197513578198471818 ) ) ;
#1469 = PLANE ( 'NONE',  #2086 ) ;
#1470 = FACE_OUTER_BOUND ( 'NONE', #1705, .T. ) ;
#1471 = AXIS2_PLACEMENT_3D ( 'NONE', #3165, #1563, #3498 ) ;
#1472 = VECTOR ( 'NONE', #1368, 1000.000000000000227 ) ;
#1473 = DIRECTION ( 'NONE',  ( -1.000000000000000000, 0.000000000000000000, -1.594283082307011669E-15 ) ) ;
#1474 =( LENGTH_UNIT ( ) NAMED_UNIT ( * ) SI_UNIT ( .MILLI., .METRE. ) );
#1475 = VERTEX_POINT ( 'NONE', #1140 ) ;
#1476 = FACE_OUTER_BOUND ( 'NONE', #3319, .T. ) ;
#1477 = VECTOR ( 'NONE', #74, 1000.000000000000000 ) ;
#1478 = ADVANCED_BREP_SHAPE_REPRESENTATION ( 'RS_SMDCHIP_0402_L1.05W0.55T0.37B10.35B20.3', ( #651, #3004, #2888, #1746, #1807, #2997, #566, #1800, #2910, #1124 ), #730 ) ;
#1479 = ORIENTED_EDGE ( 'NONE', *, *, #1063, .F. ) ;
#1480 =( NAMED_UNIT ( * ) PLANE_ANGLE_UNIT ( ) SI_UNIT ( $, .RADIAN. ) );
#1481 = DIRECTION ( 'NONE',  ( 1.000000000000000000, 0.000000000000000000, 0.000000000000000000 ) ) ;
#1482 = CARTESIAN_POINT ( 'NONE',  ( 0.5720080092446299114, 0.3596399999999999042, -0.2658365140879892508 ) ) ;
#1483 = ORIENTED_EDGE ( 'NONE', *, *, #2150, .T. ) ;
#1484 = DIRECTION ( 'NONE',  ( 0.000000000000000000, 1.000000000000000000, -0.000000000000000000 ) ) ;
#1485 = FILL_AREA_STYLE_COLOUR ( '', #2173 ) ;
#1486 = EDGE_CURVE ( 'NONE', #2569, #2116, #2209, .T. ) ;
#1487 = AXIS2_PLACEMENT_3D ( 'NONE', #2035, #153, #3340 ) ;
#1488 = VECTOR ( 'NONE', #163, 1000.000000000000000 ) ;
#1489 = DIRECTION ( 'NONE',  ( -0.000000000000000000, 0.000000000000000000, -1.000000000000000000 ) ) ;
#1490 = DIRECTION ( 'NONE',  ( -0.000000000000000000, -1.000000000000000000, -0.000000000000000000 ) ) ;
#1491 = ORIENTED_EDGE ( 'NONE', *, *, #1829, .F. ) ;
#1492 = EDGE_CURVE ( 'NONE', #349, #2047, #2740, .T. ) ;
#1493 = DIRECTION ( 'NONE',  ( 1.000000000000000000, 0.000000000000000000, 0.000000000000000000 ) ) ;
#1494 = ORIENTED_EDGE ( 'NONE', *, *, #436, .T. ) ;
#1495 = PLANE ( 'NONE',  #2724 ) ;
#1496 = PRESENTATION_STYLE_ASSIGNMENT (( #426 ) ) ;
#1497 = ORIENTED_EDGE ( 'NONE', *, *, #3497, .F. ) ;
#1498 = PLANE ( 'NONE',  #1137 ) ;
#1499 = SURFACE_SIDE_STYLE ('',( #2054 ) ) ;
#1500 = LINE ( 'NONE', #974, #45 ) ;
#1501 = EDGE_CURVE ( 'NONE', #2302, #2266, #1436, .T. ) ;
#1502 = SURFACE_SIDE_STYLE ('',( #2575 ) ) ;
#1503 = CARTESIAN_POINT ( 'NONE',  ( 0.4930809662671083449, 0.3597399999999998932, -0.2973072158944792265 ) ) ;
#1504 = VECTOR ( 'NONE', #3447, 1000.000000000000000 ) ;
#1505 = LINE ( 'NONE', #2577, #1488 ) ;
#1506 = ORIENTED_EDGE ( 'NONE', *, *, #2263, .F. ) ;
#1507 = CARTESIAN_POINT ( 'NONE',  ( 0.3181605184615174386, 0.3597399999999998932, -0.3217798548428519867 ) ) ;
#1508 =( NAMED_UNIT ( * ) SI_UNIT ( $, .STERADIAN. ) SOLID_ANGLE_UNIT ( ) );
#1509 = LINE ( 'NONE', #3426, #2240 ) ;
#1510 = VERTEX_POINT ( 'NONE', #645 ) ;
#1511 = CARTESIAN_POINT ( 'NONE',  ( 1.022903225806451655, 0.3492799999999999794, 0.000000000000000000 ) ) ;
#1512 = PLANE ( 'NONE',  #3232 ) ;
#1513 = PRESENTATION_STYLE_ASSIGNMENT (( #2281 ) ) ;
#1514 = CARTESIAN_POINT ( 'NONE',  ( 0.3494172736732569784, 0.3596399999999999042, -0.2616461587604284045 ) ) ;
#1515 = VECTOR ( 'NONE', #1953, 1000.000000000000000 ) ;
#1516 = CARTESIAN_POINT ( 'NONE',  ( 0.5048294001993700597, 0.3596399999999999042, -0.2303124999999999756 ) ) ;
#1517 = CARTESIAN_POINT ( 'NONE',  ( 0.5048294001993700597, 0.3597399999999998932, -0.3217798548428519867 ) ) ;
#1518 = ORIENTED_EDGE ( 'NONE', *, *, #2148, .F. ) ;
#1519 = VECTOR ( 'NONE', #3445, 1000.000000000000000 ) ;
#1520 = PLANE ( 'NONE',  #2846 ) ;
#1521 = VECTOR ( 'NONE', #1709, 1000.000000000000000 ) ;
#1522 = AXIS2_PLACEMENT_3D ( 'NONE', #2284, #1214, #631 ) ;
#1523 = EDGE_CURVE ( 'NONE', #2555, #1182, #1647, .T. ) ;
#1524 = ORIENTED_EDGE ( 'NONE', *, *, #1530, .T. ) ;
#1525 = DIRECTION ( 'NONE',  ( -1.000000000000000000, -0.000000000000000000, -0.000000000000000000 ) ) ;
#1526 = ADVANCED_FACE ( 'NONE', ( #1966 ), #2503, .T. ) ;
#1527 = CARTESIAN_POINT ( 'NONE',  ( 0.5720080092446299114, 0.3597399999999998932, -0.2529653581143512242 ) ) ;
#1528 = PRESENTATION_LAYER_ASSIGNMENT (  '', '', ( #3347 ) ) ;
#1529 = EDGE_CURVE ( 'NONE', #3037, #117, #3073, .T. ) ;
#1530 = EDGE_CURVE ( 'NONE', #309, #1663, #59, .T. ) ;
#1531 = ORIENTED_EDGE ( 'NONE', *, *, #663, .T. ) ;
#1532 = PLANE ( 'NONE',  #1402 ) ;
#1533 = CARTESIAN_POINT ( 'NONE',  ( 0.3494172736732569784, 0.3596399999999999042, -0.2616461587604284045 ) ) ;
#1534 = EDGE_CURVE ( 'NONE', #3257, #2954, #303, .T. ) ;
#1535 = SURFACE_STYLE_USAGE ( .BOTH. , #1499 ) ;
#1536 = SURFACE_STYLE_FILL_AREA ( #2297 ) ;
#1537 = ORIENTED_EDGE ( 'NONE', *, *, #803, .F. ) ;
#1538 = CARTESIAN_POINT ( 'NONE',  ( 0.6204032258064515748, 0.3492800000000000349, 0.000000000000000000 ) ) ;
#1539 = VERTEX_POINT ( 'NONE', #3025 ) ;
#1540 = VECTOR ( 'NONE', #3250, 1000.000000000000000 ) ;
#1541 = ORIENTED_EDGE ( 'NONE', *, *, #1730, .T. ) ;
#1542 = FACE_OUTER_BOUND ( 'NONE', #2051, .T. ) ;
#1543 = DIRECTION ( 'NONE',  ( 0.000000000000000000, 1.000000000000000000, 0.000000000000000000 ) ) ;
#1544 = ORIENTED_EDGE ( 'NONE', *, *, #610, .F. ) ;
#1545 = DIRECTION ( 'NONE',  ( 0.000000000000000000, -1.000000000000000000, 0.000000000000000000 ) ) ;
#1546 = LINE ( 'NONE', #2089, #284 ) ;
#1547 = PLANE ( 'NONE',  #178 ) ;
#1548 = PRESENTATION_STYLE_ASSIGNMENT (( #770 ) ) ;
#1549 = ORIENTED_EDGE ( 'NONE', *, *, #2525, .T. ) ;
#1550 = DIRECTION ( 'NONE',  ( -0.9183451605557885200, 0.000000000000000000, -0.3957804518716951381 ) ) ;
#1551 = DIRECTION ( 'NONE',  ( 0.000000000000000000, 0.000000000000000000, 1.000000000000000000 ) ) ;
#1552 = FACE_OUTER_BOUND ( 'NONE', #2618, .T. ) ;
#1553 = CARTESIAN_POINT ( 'NONE',  ( 0.3364516129032257830, 0.3492799999999999239, 0.000000000000000000 ) ) ;
#1554 = FILL_AREA_STYLE ('',( #126 ) ) ;
#1555 = EDGE_LOOP ( 'NONE', ( #2689, #1687, #1956, #2162 ) ) ;
#1556 =( LENGTH_UNIT ( ) NAMED_UNIT ( * ) SI_UNIT ( .MILLI., .METRE. ) );
#1557 = AXIS2_PLACEMENT_3D ( 'NONE', #2849, #431, #160 ) ;
#1558 = DIRECTION ( 'NONE',  ( 0.000000000000000000, 1.000000000000000000, 0.000000000000000000 ) ) ;
#1559 =( LENGTH_UNIT ( ) NAMED_UNIT ( * ) SI_UNIT ( .MILLI., .METRE. ) );
#1560 = EDGE_CURVE ( 'NONE', #309, #2954, #1660, .T. ) ;
#1561 = ORIENTED_EDGE ( 'NONE', *, *, #135, .T. ) ;
#1562 = PRODUCT_RELATED_PRODUCT_CATEGORY ( 'part', '', ( #2927 ) ) ;
#1563 = DIRECTION ( 'NONE',  ( -1.000000000000000000, 0.000000000000000000, 0.000000000000000000 ) ) ;
#1564 = DIRECTION ( 'NONE',  ( 1.000000000000000000, 2.500763939512695981E-16, 0.000000000000000000 ) ) ;
#1565 = LINE ( 'NONE', #2354, #2645 ) ;
#1566 = DIRECTION ( 'NONE',  ( 0.000000000000000000, 1.000000000000000000, 0.000000000000000000 ) ) ;
#1567 = EDGE_CURVE ( 'NONE', #289, #1110, #2485, .T. ) ;
#1568 = ORIENTED_EDGE ( 'NONE', *, *, #3307, .T. ) ;
#1569 = CARTESIAN_POINT ( 'NONE',  ( 0.4609292208296680848, 0.3596399999999999042, -0.2760461774214260644 ) ) ;
#1570 = FILL_AREA_STYLE ('',( #1290 ) ) ;
#1571 = CARTESIAN_POINT ( 'NONE',  ( 0.5720080092446299114, 0.3597399999999998932, -0.2658365140879892508 ) ) ;
#1572 = CARTESIAN_POINT ( 'NONE',  ( 0.4214667486344135794, 0.3596399999999999042, -0.2655248897291799248 ) ) ;
#1573 = EDGE_LOOP ( 'NONE', ( #719, #932, #549, #2155 ) ) ;
#1574 = ADVANCED_FACE ( 'NONE', ( #1742 ), #2311, .T. ) ;
#1575 = EDGE_CURVE ( 'NONE', #931, #185, #2587, .T. ) ;
#1576 = LINE ( 'NONE', #10, #2650 ) ;
#1577 = UNCERTAINTY_MEASURE_WITH_UNIT (LENGTH_MEASURE( 1.000000000000000082E-05 ), #1816, 'distance_accuracy_value', 'NONE');
#1578 = COLOUR_RGB ( '',0.8980392156862745390, 0.9215686274509803377, 0.9294117647058823817 ) ;
#1579 = ORIENTED_EDGE ( 'NONE', *, *, #1400, .F. ) ;
#1580 = DIRECTION ( 'NONE',  ( 0.000000000000000000, 0.000000000000000000, -1.000000000000000000 ) ) ;
#1581 = VECTOR ( 'NONE', #1481, 1000.000000000000000 ) ;
#1582 = PLANE ( 'NONE',  #2829 ) ;
#1583 = STYLED_ITEM ( 'NONE', ( #1969 ), #1107 ) ;
#1584 = LINE ( 'NONE', #3162, #3102 ) ;
#1585 = MECHANICAL_DESIGN_GEOMETRIC_PRESENTATION_REPRESENTATION (  '', ( #2429 ), #3174 ) ;
#1586 = ORIENTED_EDGE ( 'NONE', *, *, #1323, .F. ) ;
#1587 = CARTESIAN_POINT ( 'NONE',  ( 0.5048294001993700597, 0.3596399999999999042, -0.3217798548428519867 ) ) ;
#1588 = DIRECTION ( 'NONE',  ( 1.000000000000000000, 0.000000000000000000, 0.000000000000000000 ) ) ;
#1589 = VECTOR ( 'NONE', #3034, 1000.000000000000000 ) ;
#1590 = FACE_OUTER_BOUND ( 'NONE', #2859, .T. ) ;
#1591 = ORIENTED_EDGE ( 'NONE', *, *, #2200, .T. ) ;
#1592 = CARTESIAN_POINT ( 'NONE',  ( 1.022903225806451655, 0.000000000000000000, -0.5500000000000000444 ) ) ;
#1593 = LINE ( 'NONE', #2416, #1413 ) ;
#1594 = PRESENTATION_STYLE_ASSIGNMENT (( #520 ) ) ;
#1595 = ORIENTED_EDGE ( 'NONE', *, *, #2830, .F. ) ;
#1596 = CARTESIAN_POINT ( 'NONE',  ( 0.4845667396539459215, 0.3597399999999999487, -0.2761733598502854048 ) ) ;
#1597 = EDGE_CURVE ( 'NONE', #3360, #2273, #2492, .T. ) ;
#1598 = VERTEX_POINT ( 'NONE', #159 ) ;
#1599 = STYLED_ITEM ( 'NONE', ( #2541 ), #629 ) ;
#1600 = DIRECTION ( 'NONE',  ( -1.000000000000000000, 0.000000000000000000, 0.000000000000000000 ) ) ;
#1601 = SURFACE_STYLE_FILL_AREA ( #1887 ) ;
#1602 = ORIENTED_EDGE ( 'NONE', *, *, #1560, .T. ) ;
#1603 = DIRECTION ( 'NONE',  ( 0.000000000000000000, 1.000000000000000000, 0.000000000000000000 ) ) ;
#1604 = LINE ( 'NONE', #223, #1981 ) ;
#1605 = CARTESIAN_POINT ( 'NONE',  ( 0.4134138730553348351, 0.3596399999999999042, -0.2432824071808737110 ) ) ;
#1606 = CARTESIAN_POINT ( 'NONE',  ( 0.3820297775112107552, 0.3597399999999998932, -0.2303125000000000588 ) ) ;
#1607 = EDGE_LOOP ( 'NONE', ( #898, #1351, #2087, #267 ) ) ;
#1608 = CARTESIAN_POINT ( 'NONE',  ( 1.022903225806451655, 0.000000000000000000, 0.000000000000000000 ) ) ;
#1609 = CARTESIAN_POINT ( 'NONE',  ( 0.4609292208296681403, 0.3596399999999999042, -0.2760461774214260644 ) ) ;
#1610 = CARTESIAN_POINT ( 'NONE',  ( 0.3445961442865642654, 0.3596399999999999042, -0.3217798548428519867 ) ) ;
#1611 = CARTESIAN_POINT ( 'NONE',  ( 0.6156264986602797418, 0.3597399999999997822, -0.3675135322642782421 ) ) ;
#1612 = ORIENTED_EDGE ( 'NONE', *, *, #1320, .F. ) ;
#1614 = EDGE_CURVE ( 'NONE', #1182, #2278, #193, .T. ) ;
#1613 = ORIENTED_EDGE ( 'NONE', *, *, #2455, .F. ) ;
#1615 = CARTESIAN_POINT ( 'NONE',  ( 0.4024999999999999689, 0.3492800000000000349, 0.000000000000000000 ) ) ;
#1616 = FACE_OUTER_BOUND ( 'NONE', #1573, .T. ) ;
#1617 =( GEOMETRIC_REPRESENTATION_CONTEXT ( 3 ) GLOBAL_UNCERTAINTY_ASSIGNED_CONTEXT ( ( #2061 ) ) GLOBAL_UNIT_ASSIGNED_CONTEXT ( ( #3239, #2377, #1080 ) ) REPRESENTATION_CONTEXT ( 'NONE', 'WORKASPACE' ) );
#1618 = ORIENTED_EDGE ( 'NONE', *, *, #765, .F. ) ;
#1619 = ORIENTED_EDGE ( 'NONE', *, *, #3059, .F. ) ;
#1620 = CARTESIAN_POINT ( 'NONE',  ( 0.3769782363987051466, 0.3597399999999998932, -0.2616461587604284045 ) ) ;
#1621 = VECTOR ( 'NONE', #1793, 1000.000000000000000 ) ;
#1622 = PLANE ( 'NONE',  #1133 ) ;
#1623 = CARTESIAN_POINT ( 'NONE',  ( 0.5340505671401701848, 0.3597399999999998932, -0.3217798548428519867 ) ) ;
#1624 = VERTEX_POINT ( 'NONE', #3398 ) ;
#1625 = LINE ( 'NONE', #23, #412 ) ;
#1626 = DIRECTION ( 'NONE',  ( 0.000000000000000000, 0.000000000000000000, 1.000000000000000000 ) ) ;
#1627 = FILL_AREA_STYLE_COLOUR ( '', #2768 ) ;
#1628 = ORIENTED_EDGE ( 'NONE', *, *, #1567, .T. ) ;
#1629 = CARTESIAN_POINT ( 'NONE',  ( 0.5462949302101938187, 0.3597399999999998932, -0.3217798548428519867 ) ) ;
#1630 = ORIENTED_EDGE ( 'NONE', *, *, #610, .T. ) ;
#1631 = ORIENTED_EDGE ( 'NONE', *, *, #1420, .T. ) ;
#1632 = CARTESIAN_POINT ( 'NONE',  ( 0.3820297775112107552, 0.3596399999999999042, -0.2303125000000000588 ) ) ;
#1633 = ADVANCED_FACE ( 'NONE', ( #3382 ), #1778, .F. ) ;
#1634 = STYLED_ITEM ( 'NONE', ( #2000 ), #651 ) ;
#1635 = ORIENTED_EDGE ( 'NONE', *, *, #2010, .F. ) ;
#1636 = DIRECTION ( 'NONE',  ( -0.9365457806735641988, 0.000000000000000000, -0.3505452905154256005 ) ) ;
#1637 = ADVANCED_FACE ( 'NONE', ( #2017 ), #957, .T. ) ;
#1638 = AXIS2_PLACEMENT_3D ( 'NONE', #735, #1821, #1473 ) ;
#1639 = PRESENTATION_STYLE_ASSIGNMENT (( #2460 ) ) ;
#1640 = LINE ( 'NONE', #2752, #2257 ) ;
#1641 = CARTESIAN_POINT ( 'NONE',  ( 0.000000000000000000, 0.000000000000000000, 0.000000000000000000 ) ) ;
#1642 = SURFACE_STYLE_FILL_AREA ( #3049 ) ;
#1643 = EDGE_CURVE ( 'NONE', #2367, #2510, #2105, .T. ) ;
#1644 = ORIENTED_EDGE ( 'NONE', *, *, #2186, .T. ) ;
#1645 = DIRECTION ( 'NONE',  ( -1.000000000000000000, 0.000000000000000000, 0.000000000000000000 ) ) ;
#1646 = SURFACE_STYLE_USAGE ( .BOTH. , #573 ) ;
#1647 = LINE ( 'NONE', #78, #3280 ) ;
#1648 = DIRECTION ( 'NONE',  ( 1.000000000000000000, 0.000000000000000000, 0.000000000000000000 ) ) ;
#1649 = ORIENTED_EDGE ( 'NONE', *, *, #2239, .T. ) ;
#1650 = CARTESIAN_POINT ( 'NONE',  ( 0.4277112521297296022, 0.3596399999999997932, -0.2800142601310718904 ) ) ;
#1651 = VERTEX_POINT ( 'NONE', #1891 ) ;
#1652 = ORIENTED_EDGE ( 'NONE', *, *, #1178, .T. ) ;
#1653 =( LENGTH_UNIT ( ) NAMED_UNIT ( * ) SI_UNIT ( .MILLI., .METRE. ) );
#1654 = FACE_OUTER_BOUND ( 'NONE', #2929, .T. ) ;
#1655 = DIRECTION ( 'NONE',  ( 0.000000000000000000, 1.000000000000000000, 0.000000000000000000 ) ) ;
#1656 = CARTESIAN_POINT ( 'NONE',  ( 0.4214667486344135794, 0.3597399999999998932, -0.2655248897291799248 ) ) ;
#1657 = ORIENTED_EDGE ( 'NONE', *, *, #2197, .T. ) ;
#1658 = EDGE_CURVE ( 'NONE', #1598, #3294, #242, .T. ) ;
#1659 = CARTESIAN_POINT ( 'NONE',  ( 0.2864516129032258496, 0.000000000000000000, 0.000000000000000000 ) ) ;
#1660 = LINE ( 'NONE', #341, #3109 ) ;
#1661 = PRESENTATION_STYLE_ASSIGNMENT (( #596 ) ) ;
#1662 = EDGE_CURVE ( 'NONE', #3164, #142, #2642, .T. ) ;
#1663 = VERTEX_POINT ( 'NONE', #1605 ) ;
#1664 = SURFACE_SIDE_STYLE ('',( #1387 ) ) ;
#1665 = VERTEX_POINT ( 'NONE', #1040 ) ;
#1666 = ORIENTED_EDGE ( 'NONE', *, *, #3200, .T. ) ;
#1667 = CARTESIAN_POINT ( 'NONE',  ( 0.3494172736732569784, 0.3597399999999998932, -0.2303125000000000588 ) ) ;
#1668 = LINE ( 'NONE', #1702, #1803 ) ;
#1669 = FILL_AREA_STYLE_COLOUR ( '', #1083 ) ;
#1670 =( NAMED_UNIT ( * ) SI_UNIT ( $, .STERADIAN. ) SOLID_ANGLE_UNIT ( ) );
#1671 = EDGE_LOOP ( 'NONE', ( #3493, #863, #403, #2654 ) ) ;
#1672 = PLANE ( 'NONE',  #754 ) ;
#1673 =( NAMED_UNIT ( * ) SI_UNIT ( $, .STERADIAN. ) SOLID_ANGLE_UNIT ( ) );
#1674 = EDGE_CURVE ( 'NONE', #3139, #2413, #786, .T. ) ;
#1675 = LINE ( 'NONE', #345, #1863 ) ;
#1676 = CARTESIAN_POINT ( 'NONE',  ( 0.4162656377731673296, 0.3596399999999999042, -0.3217798548428519867 ) ) ;
#1677 = EDGE_CURVE ( 'NONE', #2170, #2216, #1565, .T. ) ;
#1678 = ADVANCED_FACE ( 'NONE', ( #2938 ), #1622, .T. ) ;
#1679 = ORIENTED_EDGE ( 'NONE', *, *, #2894, .T. ) ;
#1680 = DIRECTION ( 'NONE',  ( 0.000000000000000000, 0.000000000000000000, 1.000000000000000000 ) ) ;
#1681 = VECTOR ( 'NONE', #1937, 1000.000000000000000 ) ;
#1682 = ORIENTED_EDGE ( 'NONE', *, *, #1423, .F. ) ;
#1683 = ORIENTED_EDGE ( 'NONE', *, *, #1123, .F. ) ;
#1684 = VECTOR ( 'NONE', #2294, 1000.000000000000000 ) ;
#1685 = CARTESIAN_POINT ( 'NONE',  ( 0.4024999999999999689, 0.3492800000000000349, 0.000000000000000000 ) ) ;
#1686 = CARTESIAN_POINT ( 'NONE',  ( 0.6156264986602797418, 0.3596399999999997377, -0.2760461774214260644 ) ) ;
#1687 = ORIENTED_EDGE ( 'NONE', *, *, #946, .F. ) ;
#1688 =( GEOMETRIC_REPRESENTATION_CONTEXT ( 3 ) GLOBAL_UNCERTAINTY_ASSIGNED_CONTEXT ( ( #2597 ) ) GLOBAL_UNIT_ASSIGNED_CONTEXT ( ( #756, #683, #2314 ) ) REPRESENTATION_CONTEXT ( 'NONE', 'WORKASPACE' ) );
#1689 = CARTESIAN_POINT ( 'NONE',  ( 0.6204032258064515748, 0.3492800000000000349, -0.5500000000000000444 ) ) ;
#1690 = VECTOR ( 'NONE', #2076, 1000.000000000000000 ) ;
#1691 =( NAMED_UNIT ( * ) PLANE_ANGLE_UNIT ( ) SI_UNIT ( $, .RADIAN. ) );
#1692 =( GEOMETRIC_REPRESENTATION_CONTEXT ( 3 ) GLOBAL_UNCERTAINTY_ASSIGNED_CONTEXT ( ( #920 ) ) GLOBAL_UNIT_ASSIGNED_CONTEXT ( ( #2203, #297, #2719 ) ) REPRESENTATION_CONTEXT ( 'NONE', 'WORKASPACE' ) );
#1693 = CARTESIAN_POINT ( 'NONE',  ( 0.6864516129032258718, 0.3492799999999999794, -0.5500000000000000444 ) ) ;
#1694 = PLANE ( 'NONE',  #1986 ) ;
#1695 = PRESENTATION_LAYER_ASSIGNMENT (  '', '', ( #355 ) ) ;
#1696 = ORIENTED_EDGE ( 'NONE', *, *, #2601, .F. ) ;
#1697 = EDGE_CURVE ( 'NONE', #1942, #289, #257, .T. ) ;
#1698 =( LENGTH_UNIT ( ) NAMED_UNIT ( * ) SI_UNIT ( .MILLI., .METRE. ) );
#1699 = ORIENTED_EDGE ( 'NONE', *, *, #352, .F. ) ;
#1700 = VERTEX_POINT ( 'NONE', #3184 ) ;
#1701 = CARTESIAN_POINT ( 'NONE',  ( 0.5340505671401701848, 0.3596399999999999042, -0.2867339163362680465 ) ) ;
#1702 = CARTESIAN_POINT ( 'NONE',  ( 0.6864516129032258718, 0.3492799999999999794, 0.000000000000000000 ) ) ;
#1703 = SURFACE_STYLE_FILL_AREA ( #3309 ) ;
#1704 = VECTOR ( 'NONE', #1084, 1000.000000000000000 ) ;
#1705 = EDGE_LOOP ( 'NONE', ( #2930, #3423, #3191, #1964 ) ) ;
#1706 = PRESENTATION_STYLE_ASSIGNMENT (( #2163 ) ) ;
#1707 = CARTESIAN_POINT ( 'NONE',  ( 0.3817993657853980816, 0.3597399999999998932, -0.3217798548428519867 ) ) ;
#1708 = CARTESIAN_POINT ( 'NONE',  ( 0.3769782363987051466, 0.3597399999999998932, -0.2616461587604284045 ) ) ;
#1709 = DIRECTION ( 'NONE',  ( 0.000000000000000000, 1.000000000000000000, 0.000000000000000000 ) ) ;
#1710 = CARTESIAN_POINT ( 'NONE',  ( 0.5340505671401701848, 0.3597399999999998932, -0.2867339163362680465 ) ) ;
#1711 = ORIENTED_EDGE ( 'NONE', *, *, #703, .T. ) ;
#1712 = UNCERTAINTY_MEASURE_WITH_UNIT (LENGTH_MEASURE( 1.000000000000000082E-05 ), #1169, 'distance_accuracy_value', 'NONE');
#1713 = ADVANCED_FACE ( 'NONE', ( #2698 ), #495, .T. ) ;
#1714 = VERTEX_POINT ( 'NONE', #1002 ) ;
#1715 = LINE ( 'NONE', #2579, #31 ) ;
#1716 = DIRECTION ( 'NONE',  ( 0.000000000000000000, 1.000000000000000000, 0.000000000000000000 ) ) ;
#1717 = CARTESIAN_POINT ( 'NONE',  ( 1.022903225806451655, 0.3389200000000000546, 0.000000000000000000 ) ) ;
#1718 = CARTESIAN_POINT ( 'NONE',  ( 0.6204032258064515748, 0.3492800000000000349, -0.5500000000000000444 ) ) ;
#1719 = LINE ( 'NONE', #3364, #2865 ) ;
#1720 = EDGE_CURVE ( 'NONE', #1201, #1025, #1360, .T. ) ;
#1721 = EDGE_LOOP ( 'NONE', ( #1613, #3329, #3115, #1831 ) ) ;
#1722 = DIRECTION ( 'NONE',  ( 0.000000000000000000, 0.000000000000000000, 1.000000000000000000 ) ) ;
#1723 = LINE ( 'NONE', #1777, #2596 ) ;
#1724 = DIRECTION ( 'NONE',  ( 0.000000000000000000, 1.000000000000000000, 0.000000000000000000 ) ) ;
#1725 = COLOUR_RGB ( '',0.7921568627450980005, 0.8196078431372548767, 0.9333333333333333481 ) ;
#1726 =( NAMED_UNIT ( * ) SI_UNIT ( $, .STERADIAN. ) SOLID_ANGLE_UNIT ( ) );
#1727 = FILL_AREA_STYLE ('',( #2228 ) ) ;
#1728 = ORIENTED_EDGE ( 'NONE', *, *, #1523, .F. ) ;
#1729 = COLOUR_RGB ( '',0.8980392156862745390, 0.9215686274509803377, 0.9294117647058823817 ) ;
#1730 = EDGE_CURVE ( 'NONE', #212, #2767, #1061, .T. ) ;
#1731 = VERTEX_POINT ( 'NONE', #3430 ) ;
#1732 = LINE ( 'NONE', #2317, #647 ) ;
#1733 = ORIENTED_EDGE ( 'NONE', *, *, #71, .T. ) ;
#1734 = ADVANCED_FACE ( 'NONE', ( #3167 ), #1547, .T. ) ;
#1735 = FACE_OUTER_BOUND ( 'NONE', #2496, .T. ) ;
#1736 = SURFACE_STYLE_FILL_AREA ( #184 ) ;
#1737 = VECTOR ( 'NONE', #1896, 1000.000000000000000 ) ;
#1738 = FILL_AREA_STYLE ('',( #457 ) ) ;
#1739 = ORIENTED_EDGE ( 'NONE', *, *, #702, .T. ) ;
#1740 = COLOUR_RGB ( '',0.1019607843137254888, 0.1019607843137254888, 0.1019607843137254888 ) ;
#1741 = LINE ( 'NONE', #714, #463 ) ;
#1742 = FACE_OUTER_BOUND ( 'NONE', #216, .T. ) ;
#1743 = EDGE_CURVE ( 'NONE', #3360, #2447, #1376, .T. ) ;
#1744 = VECTOR ( 'NONE', #1795, 1000.000000000000000 ) ;
#1745 = VECTOR ( 'NONE', #2056, 1000.000000000000000 ) ;
#1746 = MANIFOLD_SOLID_BREP ( 'Boss-Extrude4', #534 ) ;
#1747 = VECTOR ( 'NONE', #268, 1000.000000000000000 ) ;
#1748 = CARTESIAN_POINT ( 'NONE',  ( 1.022903225806451655, 0.000000000000000000, -0.5500000000000000444 ) ) ;
#1749 = CARTESIAN_POINT ( 'NONE',  ( 0.5018004237649130728, 0.3596399999999999042, -0.2648328402104253021 ) ) ;
#1750 = ORIENTED_EDGE ( 'NONE', *, *, #432, .F. ) ;
#1751 = VECTOR ( 'NONE', #3242, 1000.000000000000000 ) ;
#1752 = EDGE_LOOP ( 'NONE', ( #3096, #46, #1218, #503, #2912, #2625, #3210, #846, #1288 ) ) ;
#1753 = VECTOR ( 'NONE', #1655, 1000.000000000000000 ) ;
#1754 = VERTEX_POINT ( 'NONE', #857 ) ;
#1755 = SURFACE_STYLE_FILL_AREA ( #1790 ) ;
#1756 = DIRECTION ( 'NONE',  ( 0.000000000000000000, -1.000000000000000000, 0.000000000000000000 ) ) ;
#1757 = CARTESIAN_POINT ( 'NONE',  ( 0.6128253512280777970, 0.3596399999999999042, -0.2981571804488010735 ) ) ;
#1758 = EDGE_LOOP ( 'NONE', ( #580, #1297, #1044, #639 ) ) ;
#1759 = LINE ( 'NONE', #2860, #1433 ) ;
#1760 = FILL_AREA_STYLE_COLOUR ( '', #812 ) ;
#1761 = DIRECTION ( 'NONE',  ( 0.000000000000000000, 0.000000000000000000, -1.000000000000000000 ) ) ;
#1762 = COLOUR_RGB ( '',0.7921568627450980005, 0.8196078431372548767, 0.9333333333333333481 ) ;
#1763 = CARTESIAN_POINT ( 'NONE',  ( 0.6128253512280777970, 0.3597399999999998932, -0.2981571804488010735 ) ) ;
#1764 = DIRECTION ( 'NONE',  ( 1.000000000000000000, -8.207635493785258149E-16, 0.000000000000000000 ) ) ;
#1765 = ORIENTED_EDGE ( 'NONE', *, *, #2010, .T. ) ;
#1766 = CLOSED_SHELL ( 'NONE', ( #2524, #2516, #2038, #30, #2564, #422, #3479, #597, #2261, #531, #166, #2985, #1245, #2791, #1574 ) ) ;
#1767 = DIRECTION ( 'NONE',  ( 0.000000000000000000, 0.000000000000000000, -1.000000000000000000 ) ) ;
#1768 =( BOUNDED_CURVE ( )  B_SPLINE_CURVE ( 3, ( #2474, #1185, #3253, #835 ),
 .UNSPECIFIED., .F., .F. ) 
 B_SPLINE_CURVE_WITH_KNOTS ( ( 4, 4 ),
 ( 0.5000000000000001110, 1.000000000000000000 ),
 .UNSPECIFIED. ) 
 CURVE ( )  GEOMETRIC_REPRESENTATION_ITEM ( )  RATIONAL_B_SPLINE_CURVE ( ( 0.5000000000000000000, 0.5000000000000001110, 0.6666666666666667407, 1.000000000000000000 ) ) 
 REPRESENTATION_ITEM ( '' )  );
#1769 = AXIS2_PLACEMENT_3D ( 'NONE', #3041, #562, #1092 ) ;
#1770 = EDGE_CURVE ( 'NONE', #1466, #2917, #2770, .T. ) ;
#1771 = ORIENTED_EDGE ( 'NONE', *, *, #2113, .T. ) ;
#1772 = CARTESIAN_POINT ( 'NONE',  ( 0.6156264986602799638, 0.3596399999999999597, -0.2760461774214260644 ) ) ;
#1773 = ADVANCED_FACE ( 'NONE', ( #3035 ), #606, .F. ) ;
#1774 = DIRECTION ( 'NONE',  ( 1.000000000000000000, 0.000000000000000000, 0.000000000000000000 ) ) ;
#1775 = VERTEX_POINT ( 'NONE', #1718 ) ;
#1776 = DIRECTION ( 'NONE',  ( -1.000000000000000000, -1.548860246407863336E-16, 0.000000000000000000 ) ) ;
#1777 = CARTESIAN_POINT ( 'NONE',  ( 0.5340505671401701848, 0.3596399999999999042, -0.3217798548428519867 ) ) ;
#1778 = PLANE ( 'NONE',  #2875 ) ;
#1779 = CARTESIAN_POINT ( 'NONE',  ( 1.022903225806451655, 0.3389200000000000546, -0.5500000000000000444 ) ) ;
#1780 = ADVANCED_FACE ( 'NONE', ( #926 ), #2514, .T. ) ;
#1781 = FILL_AREA_STYLE ('',( #2851 ) ) ;
#1782 = CARTESIAN_POINT ( 'NONE',  ( 0.6083538709714563231, 0.3597399999999998932, -0.2861521549939672338 ) ) ;
#1783 = COLOUR_RGB ( '',0.7921568627450980005, 0.8196078431372548767, 0.9333333333333333481 ) ;
#1784 = ORIENTED_EDGE ( 'NONE', *, *, #2565, .T. ) ;
#1785 = PLANE ( 'NONE',  #140 ) ;
#1786 = VECTOR ( 'NONE', #2405, 1000.000000000000000 ) ;
#1787 = EDGE_CURVE ( 'NONE', #2021, #2347, #661, .T. ) ;
#1788 = EDGE_CURVE ( 'NONE', #3164, #2659, #107, .T. ) ;
#1789 = ORIENTED_EDGE ( 'NONE', *, *, #2754, .T. ) ;
#1790 = FILL_AREA_STYLE ('',( #2320 ) ) ;
#1791 = EDGE_CURVE ( 'NONE', #378, #3139, #1840, .T. ) ;
#1792 =( LENGTH_UNIT ( ) NAMED_UNIT ( * ) SI_UNIT ( .MILLI., .METRE. ) );
#1793 = DIRECTION ( 'NONE',  ( 0.000000000000000000, 1.000000000000000000, 0.000000000000000000 ) ) ;
#1794 = VERTEX_POINT ( 'NONE', #1608 ) ;
#1795 = DIRECTION ( 'NONE',  ( 1.000000000000000000, 0.000000000000000000, 0.000000000000000000 ) ) ;
#1796 = DIRECTION ( 'NONE',  ( 0.000000000000000000, 1.000000000000000000, 0.000000000000000000 ) ) ;
#1797 =( LENGTH_UNIT ( ) NAMED_UNIT ( * ) SI_UNIT ( .MILLI., .METRE. ) );
#1798 = LINE ( 'NONE', #446, #725 ) ;
#1799 = VECTOR ( 'NONE', #1382, 1000.000000000000000 ) ;
#1800 = MANIFOLD_SOLID_BREP ( 'Scale1[4]', #370 ) ;
#1801 = LINE ( 'NONE', #447, #2589 ) ;
#1802 = LINE ( 'NONE', #940, #2709 ) ;
#1803 = VECTOR ( 'NONE', #2499, 1000.000000000000000 ) ;
#1804 = AXIS2_PLACEMENT_3D ( 'NONE', #1447, #374, #711 ) ;
#1805 = DIRECTION ( 'NONE',  ( -1.000000000000000000, 0.000000000000000000, 0.000000000000000000 ) ) ;
#1806 = STYLED_ITEM ( 'NONE', ( #2513 ), #2412 ) ;
#1807 = MANIFOLD_SOLID_BREP ( 'Scale1[1]', #1437 ) ;
#1808 = ORIENTED_EDGE ( 'NONE', *, *, #1788, .F. ) ;
#1809 = CARTESIAN_POINT ( 'NONE',  ( 0.5340505671401701848, 0.3596399999999999042, -0.2303125000000000588 ) ) ;
#1810 = AXIS2_PLACEMENT_3D ( 'NONE', #1188, #3343, #3084 ) ;
#1811 = CARTESIAN_POINT ( 'NONE',  ( 0.6128253512280777970, 0.3596399999999999042, -0.2303125000000000588 ) ) ;
#1812 =( NAMED_UNIT ( * ) PLANE_ANGLE_UNIT ( ) SI_UNIT ( $, .RADIAN. ) );
#1813 = EDGE_LOOP ( 'NONE', ( #637, #1003, #1057, #1341 ) ) ;
#1814 = PLANE ( 'NONE',  #2 ) ;
#1815 = CARTESIAN_POINT ( 'NONE',  ( 0.7364516129032256941, -0.01036000000000005146, -0.5500000000000000444 ) ) ;
#1816 =( LENGTH_UNIT ( ) NAMED_UNIT ( * ) SI_UNIT ( .MILLI., .METRE. ) );
#1817 = DIRECTION ( 'NONE',  ( 0.000000000000000000, 1.000000000000000000, 0.000000000000000000 ) ) ;
#1818 = ORIENTED_EDGE ( 'NONE', *, *, #2789, .T. ) ;
#1819 = DIRECTION ( 'NONE',  ( 0.000000000000000000, 0.000000000000000000, 1.000000000000000000 ) ) ;
#1820 = CARTESIAN_POINT ( 'NONE',  ( 0.6204032258064515748, 0.3389200000000000546, -0.5500000000000000444 ) ) ;
#1821 = DIRECTION ( 'NONE',  ( 1.594283082307011669E-15, 0.000000000000000000, -1.000000000000000000 ) ) ;
#1822 = CARTESIAN_POINT ( 'NONE',  ( 0.7364516129032256941, 0.000000000000000000, -0.5500000000000000444 ) ) ;
#1823 = STYLED_ITEM ( 'NONE', ( #1347 ), #548 ) ;
#1824 = UNCERTAINTY_MEASURE_WITH_UNIT (LENGTH_MEASURE( 1.000000000000000082E-05 ), #170, 'distance_accuracy_value', 'NONE');
#1825 = EDGE_LOOP ( 'NONE', ( #1113, #190, #831, #92 ) ) ;
#1826 = CARTESIAN_POINT ( 'NONE',  ( 0.4024999999999999689, 0.3389200000000000546, 0.000000000000000000 ) ) ;
#1827 = COLOUR_RGB ( '',0.1019607843137254888, 0.1019607843137254888, 0.1019607843137254888 ) ;
#1828 = SURFACE_STYLE_USAGE ( .BOTH. , #2600 ) ;
#1829 = EDGE_CURVE ( 'NONE', #1971, #2062, #1066, .T. ) ;
#1830 = DIRECTION ( 'NONE',  ( -1.000000000000000000, 0.000000000000000000, 0.000000000000000000 ) ) ;
#1831 = ORIENTED_EDGE ( 'NONE', *, *, #1320, .T. ) ;
#1832 = LINE ( 'NONE', #1077, #796 ) ;
#1833 = CARTESIAN_POINT ( 'NONE',  ( -5.082197683525802034E-17, 0.3389200000000000546, -0.5500000000000000444 ) ) ;
#1834 = FILL_AREA_STYLE_COLOUR ( '', #3334 ) ;
#1835 = LINE ( 'NONE', #3199, #1504 ) ;
#1836 = EDGE_CURVE ( 'NONE', #1843, #3272, #2380, .T. ) ;
#1837 = EDGE_CURVE ( 'NONE', #349, #2442, #518, .T. ) ;
#1838 = ORIENTED_EDGE ( 'NONE', *, *, #2891, .F. ) ;
#1839 = DIRECTION ( 'NONE',  ( -0.8872938956727399740, 0.000000000000000000, 0.4612044478340304177 ) ) ;
#1840 = LINE ( 'NONE', #1332, #1751 ) ;
#1841 = CARTESIAN_POINT ( 'NONE',  ( 0.6864516129032258718, 0.3596400000000000152, -0.5500000000000000444 ) ) ;
#1842 =( NAMED_UNIT ( * ) SI_UNIT ( $, .STERADIAN. ) SOLID_ANGLE_UNIT ( ) );
#1843 = VERTEX_POINT ( 'NONE', #1895 ) ;
#1844 = ORIENTED_EDGE ( 'NONE', *, *, #2141, .F. ) ;
#1845 = ORIENTED_EDGE ( 'NONE', *, *, #975, .T. ) ;
#1846 = DIRECTION ( 'NONE',  ( 0.000000000000000000, -1.000000000000000000, 0.000000000000000000 ) ) ;
#1847 = COLOUR_RGB ( '',0.8980392156862745390, 0.9215686274509803377, 0.9294117647058823817 ) ;
#1848 = FACE_OUTER_BOUND ( 'NONE', #2967, .T. ) ;
#1849 = VERTEX_POINT ( 'NONE', #3453 ) ;
#1850 = CARTESIAN_POINT ( 'NONE',  ( 0.2864516129032258496, 0.000000000000000000, -0.5500000000000000444 ) ) ;
#1851 = DIRECTION ( 'NONE',  ( -1.000000000000000000, 0.000000000000000000, 0.000000000000000000 ) ) ;
#1852 = CARTESIAN_POINT ( 'NONE',  ( 1.022903225806451655, 0.3389200000000000546, -0.5500000000000000444 ) ) ;
#1853 = FACE_BOUND ( 'NONE', #354, .T. ) ;
#1854 = ORIENTED_EDGE ( 'NONE', *, *, #1856, .T. ) ;
#1855 = DIRECTION ( 'NONE',  ( 0.4612044478340304177, 0.000000000000000000, 0.8872938956727399740 ) ) ;
#1856 = EDGE_CURVE ( 'NONE', #1310, #1665, #1593, .T. ) ;
#1857 = CARTESIAN_POINT ( 'NONE',  ( 0.7364516129032256941, -0.01036000000000005146, -0.5500000000000000444 ) ) ;
#1858 = CARTESIAN_POINT ( 'NONE',  ( 0.5720080092446299114, 0.3596399999999999042, -0.2861521549939672338 ) ) ;
#1859 = VECTOR ( 'NONE', #364, 1000.000000000000000 ) ;
#1860 = VECTOR ( 'NONE', #3196, 1000.000000000000000 ) ;
#1861 = CARTESIAN_POINT ( 'NONE',  ( 0.5048294001979657386, 0.3597399999999999487, -0.3217798548428521532 ) ) ;
#1862 = UNCERTAINTY_MEASURE_WITH_UNIT (LENGTH_MEASURE( 1.000000000000000082E-05 ), #547, 'distance_accuracy_value', 'NONE');
#1863 = VECTOR ( 'NONE', #1416, 1000.000000000000114 ) ;
#1864 = ORIENTED_EDGE ( 'NONE', *, *, #1009, .F. ) ;
#1865 =( NAMED_UNIT ( * ) PLANE_ANGLE_UNIT ( ) SI_UNIT ( $, .RADIAN. ) );
#1866 = STYLED_ITEM ( 'NONE', ( #232 ), #2888 ) ;
#1867 = CARTESIAN_POINT ( 'NONE',  ( 0.6864516129032258718, 0.3492799999999999794, 0.000000000000000000 ) ) ;
#1868 = CARTESIAN_POINT ( 'NONE',  ( 0.6128253512280777970, 0.3596399999999999042, -0.2303125000000000588 ) ) ;
#1869 = ORIENTED_EDGE ( 'NONE', *, *, #1265, .F. ) ;
#1870 = CARTESIAN_POINT ( 'NONE',  ( -0.006063003609955215645, 0.3597399999999997822, -0.02084885575752082332 ) ) ;
#1871 = LINE ( 'NONE', #1039, #3121 ) ;
#1872 = DIRECTION ( 'NONE',  ( 0.000000000000000000, 0.000000000000000000, 1.000000000000000000 ) ) ;
#1873 = VECTOR ( 'NONE', #1390, 1000.000000000000000 ) ;
#1874 = LINE ( 'NONE', #1623, #2016 ) ;
#1875 = EDGE_LOOP ( 'NONE', ( #634, #1075, #948, #1996 ) ) ;
#1876 = DIRECTION ( 'NONE',  ( 0.000000000000000000, -1.000000000000000000, 0.000000000000000000 ) ) ;
#1877 =( NAMED_UNIT ( * ) SI_UNIT ( $, .STERADIAN. ) SOLID_ANGLE_UNIT ( ) );
#1878 = PLANE ( 'NONE',  #217 ) ;
#1879 = LINE ( 'NONE', #2418, #577 ) ;
#1880 = EDGE_CURVE ( 'NONE', #1269, #1794, #1625, .T. ) ;
#1881 = CARTESIAN_POINT ( 'NONE',  ( 0.5048294001979657386, 0.3596399999999998487, -0.3217798548428521532 ) ) ;
#1882 = COLOUR_RGB ( '',0.8980392156862745390, 0.9215686274509803377, 0.9294117647058823817 ) ;
#1883 = ORIENTED_EDGE ( 'NONE', *, *, #1423, .T. ) ;
#1884 = FILL_AREA_STYLE_COLOUR ( '', #1827 ) ;
#1885 = COLOUR_RGB ( '',0.1019607843137254888, 0.1019607843137254888, 0.1019607843137254888 ) ;
#1886 = DIRECTION ( 'NONE',  ( -0.3957804518716950826, 0.000000000000000000, -0.9183451605557884090 ) ) ;
#1887 = FILL_AREA_STYLE ('',( #819 ) ) ;
#1888 = CLOSED_SHELL ( 'NONE', ( #3411, #2043, #371, #1005, #3260, #914, #2404, #1460, #908, #3297 ) ) ;
#1889 = ORIENTED_EDGE ( 'NONE', *, *, #3157, .F. ) ;
#1890 = CARTESIAN_POINT ( 'NONE',  ( -0.000000000000000000, 0.000000000000000000, 0.000000000000000000 ) ) ;
#1891 = CARTESIAN_POINT ( 'NONE',  ( 0.4024999999999999689, 0.3389200000000000546, -0.5500000000000000444 ) ) ;
#1892 = EDGE_CURVE ( 'NONE', #378, #2688, #3258, .T. ) ;
#1893 = ORIENTED_EDGE ( 'NONE', *, *, #173, .F. ) ;
#1894 =( NAMED_UNIT ( * ) PLANE_ANGLE_UNIT ( ) SI_UNIT ( $, .RADIAN. ) );
#1895 = CARTESIAN_POINT ( 'NONE',  ( 0.4420086312041243692, 0.3597399999999998932, -0.2432824071808737110 ) ) ;
#1896 = DIRECTION ( 'NONE',  ( 0.000000000000000000, 0.000000000000000000, 1.000000000000000000 ) ) ;
#1897 = DIRECTION ( 'NONE',  ( 0.000000000000000000, 1.000000000000000000, 0.000000000000000000 ) ) ;
#1898 = EDGE_CURVE ( 'NONE', #1663, #3490, #209, .T. ) ;
#1899 = PLANE ( 'NONE',  #3284 ) ;
#1900 = EDGE_CURVE ( 'NONE', #1510, #3294, #58, .T. ) ;
#1901 = ORIENTED_EDGE ( 'NONE', *, *, #1791, .T. ) ;
#1902 = VERTEX_POINT ( 'NONE', #2799 ) ;
#1903 = DIRECTION ( 'NONE',  ( 1.000000000000000000, -1.346834996876403062E-16, 0.000000000000000000 ) ) ;
#1904 = ADVANCED_FACE ( 'NONE', ( #1409 ), #593, .T. ) ;
#1905 = LINE ( 'NONE', #3332, #399 ) ;
#1906 = EDGE_CURVE ( 'NONE', #238, #1598, #841, .T. ) ;
#1907 = VECTOR ( 'NONE', #2558, 1000.000000000000000 ) ;
#1908 = ORIENTED_EDGE ( 'NONE', *, *, #1118, .F. ) ;
#1909 = EDGE_CURVE ( 'NONE', #2269, #2855, #3024, .T. ) ;
#1910 = FACE_OUTER_BOUND ( 'NONE', #3390, .T. ) ;
#1911 = FILL_AREA_STYLE ('',( #567 ) ) ;
#1912 = LINE ( 'NONE', #358, #2422 ) ;
#1913 =( GEOMETRIC_REPRESENTATION_CONTEXT ( 3 ) GLOBAL_UNCERTAINTY_ASSIGNED_CONTEXT ( ( #1862 ) ) GLOBAL_UNIT_ASSIGNED_CONTEXT ( ( #547, #270, #2065 ) ) REPRESENTATION_CONTEXT ( 'NONE', 'WORKASPACE' ) );
#1914 = CARTESIAN_POINT ( 'NONE',  ( 0.000000000000000000, 0.000000000000000000, -0.5500000000000000444 ) ) ;
#1915 = EDGE_LOOP ( 'NONE', ( #156, #775, #804, #200 ) ) ;
#1916 =( BOUNDED_CURVE ( )  B_SPLINE_CURVE ( 3, ( #3368, #731, #379, #2519, #111, #1190, #2259 ),
 .UNSPECIFIED., .F., .F. ) 
 B_SPLINE_CURVE_WITH_KNOTS ( ( 4, 3, 4 ),
 ( 0.2500000000000000555, 0.5000000000000000000, 0.7500000000000000000 ),
 .UNSPECIFIED. ) 
 CURVE ( )  GEOMETRIC_REPRESENTATION_ITEM ( )  RATIONAL_B_SPLINE_CURVE ( ( 0.5000000000000000000, 0.5000000000000001110, 0.6666666666666667407, 1.000000000000000000, 0.6666666666666665186, 0.4999999999999998890, 0.5000000000000000000 ) ) 
 REPRESENTATION_ITEM ( '' )  );
#1917 = SURFACE_STYLE_USAGE ( .BOTH. , #3023 ) ;
#1918 = FILL_AREA_STYLE ('',( #3296 ) ) ;
#1919 = CARTESIAN_POINT ( 'NONE',  ( 0.6814767677148328984, 0.3596399999999999042, -0.3217798548428520977 ) ) ;
#1920 = VECTOR ( 'NONE', #1016, 1000.000000000000000 ) ;
#1921 = LINE ( 'NONE', #1106, #1141 ) ;
#1922 = ORIENTED_EDGE ( 'NONE', *, *, #3193, .T. ) ;
#1923 = LINE ( 'NONE', #3373, #2217 ) ;
#1924 =( GEOMETRIC_REPRESENTATION_CONTEXT ( 3 ) GLOBAL_UNCERTAINTY_ASSIGNED_CONTEXT ( ( #1259 ) ) GLOBAL_UNIT_ASSIGNED_CONTEXT ( ( #2337, #929, #148 ) ) REPRESENTATION_CONTEXT ( 'NONE', 'WORKASPACE' ) );
#1925 = STYLED_ITEM ( 'NONE', ( #2824 ), #916 ) ;
#1926 = ORIENTED_EDGE ( 'NONE', *, *, #697, .F. ) ;
#1927 = CARTESIAN_POINT ( 'NONE',  ( 0.6793722664423086366, 0.3597400000000000597, -0.3173950626295872768 ) ) ;
#1928 = VECTOR ( 'NONE', #1764, 1000.000000000000000 ) ;
#1929 = COLOUR_RGB ( '',0.8980392156862745390, 0.9215686274509803377, 0.9294117647058823817 ) ;
#1930 = DIRECTION ( 'NONE',  ( 0.000000000000000000, 0.000000000000000000, 1.000000000000000000 ) ) ;
#1931 = CARTESIAN_POINT ( 'NONE',  ( 0.2864516129032258496, 0.000000000000000000, -0.5500000000000000444 ) ) ;
#1932 = SURFACE_SIDE_STYLE ('',( #359 ) ) ;
#1933 = COLOUR_RGB ( '',0.7921568627450980005, 0.8196078431372548767, 0.9333333333333333481 ) ;
#1934 = EDGE_LOOP ( 'NONE', ( #3124, #2350, #2319, #1818 ) ) ;
#1935 = DIRECTION ( 'NONE',  ( -2.500763939512695981E-16, 1.000000000000000000, 0.000000000000000000 ) ) ;
#1936 = CARTESIAN_POINT ( 'NONE',  ( 0.6864516129032258718, 0.3492799999999999794, -0.5500000000000000444 ) ) ;
#1937 = DIRECTION ( 'NONE',  ( 1.000000000000000000, 0.000000000000000000, 0.000000000000000000 ) ) ;
#1938 =( NAMED_UNIT ( * ) SI_UNIT ( $, .STERADIAN. ) SOLID_ANGLE_UNIT ( ) );
#1939 =( BOUNDED_CURVE ( )  B_SPLINE_CURVE ( 3, ( #292, #884, #85, #3251, #2729, #563, #3043 ),
 .UNSPECIFIED., .F., .T. ) 
 B_SPLINE_CURVE_WITH_KNOTS ( ( 4, 3, 4 ),
 ( 0.7500000000000000000, 1.000000000000000000, 1.250000000000000000 ),
 .UNSPECIFIED. ) 
 CURVE ( )  GEOMETRIC_REPRESENTATION_ITEM ( )  RATIONAL_B_SPLINE_CURVE ( ( 0.5000000000000000000, 0.5000000000000000000, 0.6666666666666667407, 1.000000000000000000, 0.6666666666666667407, 0.5000000000000000000, 0.5000000000000000000 ) ) 
 REPRESENTATION_ITEM ( '' )  );
#1940 = DIRECTION ( 'NONE',  ( 0.000000000000000000, 1.000000000000000000, 0.000000000000000000 ) ) ;
#1941 = ORIENTED_EDGE ( 'NONE', *, *, #3201, .F. ) ;
#1942 = VERTEX_POINT ( 'NONE', #1659 ) ;
#1943 =( NAMED_UNIT ( * ) SI_UNIT ( $, .STERADIAN. ) SOLID_ANGLE_UNIT ( ) );
#1944 = EDGE_LOOP ( 'NONE', ( #999, #487, #2421, #1784 ) ) ;
#1945 = ORIENTED_EDGE ( 'NONE', *, *, #2141, .T. ) ;
#1946 = VECTOR ( 'NONE', #1903, 1000.000000000000000 ) ;
#1947 = EDGE_CURVE ( 'NONE', #1333, #3311, #94, .T. ) ;
#1948 = CARTESIAN_POINT ( 'NONE',  ( 0.3181605184615174386, 0.3596399999999999042, -0.3217798548428519867 ) ) ;
#1949 = CARTESIAN_POINT ( 'NONE',  ( 0.6793722664423086366, 0.3597399999999998932, -0.2346972922132649075 ) ) ;
#1950 = DIRECTION ( 'NONE',  ( 0.000000000000000000, 0.000000000000000000, -1.000000000000000000 ) ) ;
#1951 = ORIENTED_EDGE ( 'NONE', *, *, #1178, .F. ) ;
#1952 = EDGE_CURVE ( 'NONE', #356, #2610, #3052, .T. ) ;
#1953 = DIRECTION ( 'NONE',  ( -1.000000000000000000, 0.000000000000000000, 0.000000000000000000 ) ) ;
#1954 = ADVANCED_FACE ( 'NONE', ( #112 ), #1672, .T. ) ;
#1955 = FACE_OUTER_BOUND ( 'NONE', #723, .T. ) ;
#1956 = ORIENTED_EDGE ( 'NONE', *, *, #3100, .T. ) ;
#1957 = DIRECTION ( 'NONE',  ( 1.000000000000000000, 0.000000000000000000, -0.000000000000000000 ) ) ;
#1958 = EDGE_LOOP ( 'NONE', ( #2099, #3235, #2700, #1184 ) ) ;
#1959 = ORIENTED_EDGE ( 'NONE', *, *, #2366, .T. ) ;
#1960 =( NAMED_UNIT ( * ) SI_UNIT ( $, .STERADIAN. ) SOLID_ANGLE_UNIT ( ) );
#1961 = CARTESIAN_POINT ( 'NONE',  ( 0.6396810896176550187, 0.3597399999999999487, -0.2760461774214260644 ) ) ;
#1962 = DIRECTION ( 'NONE',  ( 1.000000000000000000, 0.000000000000000000, 0.000000000000000000 ) ) ;
#1963 = VECTOR ( 'NONE', #802, 1000.000000000000000 ) ;
#1964 = ORIENTED_EDGE ( 'NONE', *, *, #844, .T. ) ;
#1965 =( NAMED_UNIT ( * ) PLANE_ANGLE_UNIT ( ) SI_UNIT ( $, .RADIAN. ) );
#1966 = FACE_OUTER_BOUND ( 'NONE', #1396, .T. ) ;
#1967 = FILL_AREA_STYLE_COLOUR ( '', #1783 ) ;
#1968 = EDGE_CURVE ( 'NONE', #21, #1398, #2280, .T. ) ;
#1969 = PRESENTATION_STYLE_ASSIGNMENT (( #1354 ) ) ;
#1970 = LINE ( 'NONE', #1159, #2426 ) ;
#1971 = VERTEX_POINT ( 'NONE', #3349 ) ;
#1972 = CARTESIAN_POINT ( 'NONE',  ( 0.6204032258064515748, 0.3492800000000000349, -0.5500000000000000444 ) ) ;
#1973 = UNCERTAINTY_MEASURE_WITH_UNIT (LENGTH_MEASURE( 1.000000000000000082E-05 ), #1029, 'distance_accuracy_value', 'NONE');
#1974 = MECHANICAL_DESIGN_GEOMETRIC_PRESENTATION_REPRESENTATION (  '', ( #622 ), #338 ) ;
#1975 = ORIENTED_EDGE ( 'NONE', *, *, #2326, .F. ) ;
#1976 = ORIENTED_EDGE ( 'NONE', *, *, #1900, .T. ) ;
#1977 = CARTESIAN_POINT ( 'NONE',  ( 0.5720080092446299114, 0.3596399999999999042, -0.2658365140879892508 ) ) ;
#1978 = VECTOR ( 'NONE', #1603, 1000.000000000000000 ) ;
#1979 = CARTESIAN_POINT ( 'NONE',  ( 0.6793722664423086366, 0.3596399999999999597, -0.2760461774214260644 ) ) ;
#1980 = FILL_AREA_STYLE_COLOUR ( '', #947 ) ;
#1981 = VECTOR ( 'NONE', #256, 1000.000000000000000 ) ;
#1982 = VERTEX_POINT ( 'NONE', #2813 ) ;
#1983 =( NAMED_UNIT ( * ) PLANE_ANGLE_UNIT ( ) SI_UNIT ( $, .RADIAN. ) );
#1984 = SURFACE_STYLE_USAGE ( .BOTH. , #380 ) ;
#1985 = DIRECTION ( 'NONE',  ( 0.000000000000000000, 0.000000000000000000, -1.000000000000000000 ) ) ;
#1986 = AXIS2_PLACEMENT_3D ( 'NONE', #669, #1940, #3370 ) ;
#1987 = DIRECTION ( 'NONE',  ( 0.000000000000000000, 0.000000000000000000, 1.000000000000000000 ) ) ;
#1988 = PRESENTATION_LAYER_ASSIGNMENT (  '', '', ( #1144 ) ) ;
#1989 = EDGE_CURVE ( 'NONE', #185, #1598, #1223, .T. ) ;
#1990 = LINE ( 'NONE', #2969, #1747 ) ;
#1991 = CARTESIAN_POINT ( 'NONE',  ( -0.01354838709677419657, 0.3492799999999999794, -0.5500000000000000444 ) ) ;
#1992 = VECTOR ( 'NONE', #2138, 1000.000000000000000 ) ;
#1993 = ORIENTED_EDGE ( 'NONE', *, *, #2471, .F. ) ;
#1994 = DIRECTION ( 'NONE',  ( 0.000000000000000000, 0.000000000000000000, 1.000000000000000000 ) ) ;
#1995 = EDGE_CURVE ( 'NONE', #1665, #2424, #2861, .T. ) ;
#1996 = ORIENTED_EDGE ( 'NONE', *, *, #1906, .T. ) ;
#1997 = DIRECTION ( 'NONE',  ( 1.499527228704650347E-16, -1.000000000000000000, -0.000000000000000000 ) ) ;
#1998 = DIRECTION ( 'NONE',  ( 0.000000000000000000, 0.000000000000000000, -1.000000000000000000 ) ) ;
#1999 = ORIENTED_EDGE ( 'NONE', *, *, #2947, .T. ) ;
#2000 = PRESENTATION_STYLE_ASSIGNMENT (( #157 ) ) ;
#2001 = AXIS2_PLACEMENT_3D ( 'NONE', #1809, #505, #1052 ) ;
#2002 = DIRECTION ( 'NONE',  ( 0.000000000000000000, 1.000000000000000000, 0.000000000000000000 ) ) ;
#2003 = SURFACE_SIDE_STYLE ('',( #3353 ) ) ;
#2005 = EDGE_CURVE ( 'NONE', #1982, #1466, #956, .T. ) ;
#2004 = EDGE_LOOP ( 'NONE', ( #1231, #1198, #2169, #2773, #1750, #927, #1094, #2230 ) ) ;
#2006 = SURFACE_STYLE_USAGE ( .BOTH. , #404 ) ;
#2007 = EDGE_LOOP ( 'NONE', ( #2532, #1941, #3325, #1293 ) ) ;
#2008 = PRODUCT_DEFINITION_CONTEXT ( 'detailed design', #2841, 'design' ) ;
#2009 = ORIENTED_EDGE ( 'NONE', *, *, #2197, .F. ) ;
#2010 = EDGE_CURVE ( 'NONE', #196, #142, #1741, .T. ) ;
#2011 =( LENGTH_UNIT ( ) NAMED_UNIT ( * ) SI_UNIT ( .MILLI., .METRE. ) );
#2012 = CARTESIAN_POINT ( 'NONE',  ( 0.7034268573996839136, 0.3596399999999997377, -0.3675135322642782421 ) ) ;
#2013 = PRESENTATION_STYLE_ASSIGNMENT (( #1234 ) ) ;
#2014 = ORIENTED_EDGE ( 'NONE', *, *, #1952, .F. ) ;
#2015 = LINE ( 'NONE', #1533, #1026 ) ;
#2016 = VECTOR ( 'NONE', #2410, 1000.000000000000000 ) ;
#2017 = FACE_OUTER_BOUND ( 'NONE', #2990, .T. ) ;
#2018 = DIRECTION ( 'NONE',  ( 0.000000000000000000, 1.000000000000000000, 0.000000000000000000 ) ) ;
#2019 = EDGE_LOOP ( 'NONE', ( #2126, #1612, #2971, #1 ) ) ;
#2020 = LINE ( 'NONE', #3125, #706 ) ;
#2021 = VERTEX_POINT ( 'NONE', #1267 ) ;
#2022 = CARTESIAN_POINT ( 'NONE',  ( 0.6595266780299818832, 0.3596399999999999042, -0.2303125000000000033 ) ) ;
#2023 = DIRECTION ( 'NONE',  ( -9.420898089804255066E-18, 1.000000000000000000, 0.000000000000000000 ) ) ;
#2024 = ORIENTED_EDGE ( 'NONE', *, *, #2267, .F. ) ;
#2025 =( GEOMETRIC_REPRESENTATION_CONTEXT ( 3 ) GLOBAL_UNCERTAINTY_ASSIGNED_CONTEXT ( ( #141 ) ) GLOBAL_UNIT_ASSIGNED_CONTEXT ( ( #1157, #2522, #1673 ) ) REPRESENTATION_CONTEXT ( 'NONE', 'WORKASPACE' ) );
#2026 = CARTESIAN_POINT ( 'NONE',  ( 0.3445961442865642654, 0.3596399999999999042, -0.3217798548428519867 ) ) ;
#2027 = PRESENTATION_LAYER_ASSIGNMENT (  '', '', ( #627 ) ) ;
#2028 = COLOUR_RGB ( '',0.8980392156862745390, 0.9215686274509803377, 0.9294117647058823817 ) ;
#2029 = CARTESIAN_POINT ( 'NONE',  ( 0.6204032258064515748, 0.3492800000000000349, -0.5500000000000000444 ) ) ;
#2030 =( GEOMETRIC_REPRESENTATION_CONTEXT ( 3 ) GLOBAL_UNCERTAINTY_ASSIGNED_CONTEXT ( ( #2287 ) ) GLOBAL_UNIT_ASSIGNED_CONTEXT ( ( #1312, #4, #1877 ) ) REPRESENTATION_CONTEXT ( 'NONE', 'WORKASPACE' ) );
#2031 =( NAMED_UNIT ( * ) SI_UNIT ( $, .STERADIAN. ) SOLID_ANGLE_UNIT ( ) );
#2032 = AXIS2_PLACEMENT_3D ( 'NONE', #2374, #3466, #3017 ) ;
#2033 = UNCERTAINTY_MEASURE_WITH_UNIT (LENGTH_MEASURE( 1.000000000000000082E-05 ), #2739, 'distance_accuracy_value', 'NONE');
#2034 = ORIENTED_EDGE ( 'NONE', *, *, #2580, .F. ) ;
#2035 = CARTESIAN_POINT ( 'NONE',  ( -0.006063003609955215645, 0.3597399999999998932, -0.02084885575752082332 ) ) ;
#2036 = FACE_OUTER_BOUND ( 'NONE', #2019, .T. ) ;
#2037 = ORIENTED_EDGE ( 'NONE', *, *, #1892, .T. ) ;
#2038 = ADVANCED_FACE ( 'NONE', ( #732 ), #131, .T. ) ;
#2039 = FACE_OUTER_BOUND ( 'NONE', #1721, .T. ) ;
#2040 = LINE ( 'NONE', #179, #3147 ) ;
#2041 = EDGE_CURVE ( 'NONE', #2487, #452, #192, .T. ) ;
#2042 = PRESENTATION_LAYER_ASSIGNMENT (  '', '', ( #2726 ) ) ;
#2043 = ADVANCED_FACE ( 'NONE', ( #2039 ), #1512, .T. ) ;
#2044 = EDGE_CURVE ( 'NONE', #2367, #2788, #1723, .T. ) ;
#2045 = CARTESIAN_POINT ( 'NONE',  ( 0.7034268573996839136, 0.3597399999999998932, -0.2760461774214260644 ) ) ;
#2046 = FILL_AREA_STYLE ('',( #3077 ) ) ;
#2047 = VERTEX_POINT ( 'NONE', #158 ) ;
#2048 = CARTESIAN_POINT ( 'NONE',  ( 0.000000000000000000, 0.000000000000000000, 0.000000000000000000 ) ) ;
#2049 = CARTESIAN_POINT ( 'NONE',  ( 0.000000000000000000, 0.3389200000000000546, -0.5500000000000000444 ) ) ;
#2050 = PLANE ( 'NONE',  #3267 ) ;
#2051 = EDGE_LOOP ( 'NONE', ( #372, #1682, #685, #1379 ) ) ;
#2052 =( NAMED_UNIT ( * ) PLANE_ANGLE_UNIT ( ) SI_UNIT ( $, .RADIAN. ) );
#2053 = CARTESIAN_POINT ( 'NONE',  ( 0.3494172736732569784, 0.3596399999999999042, -0.2303125000000000588 ) ) ;
#2054 = SURFACE_STYLE_FILL_AREA ( #2880 ) ;
#2055 = CARTESIAN_POINT ( 'NONE',  ( 0.6204032258064515748, 0.3492800000000000349, 0.000000000000000000 ) ) ;
#2056 = DIRECTION ( 'NONE',  ( 1.000000000000000000, 0.000000000000000000, 0.000000000000000000 ) ) ;
#2057 = VECTOR ( 'NONE', #2939, 1000.000000000000000 ) ;
#2058 = CARTESIAN_POINT ( 'NONE',  ( 0.5720080092446299114, 0.3596399999999999042, -0.2529653581143512242 ) ) ;
#2059 = VECTOR ( 'NONE', #411, 1000.000000000000000 ) ;
#2060 = SURFACE_STYLE_FILL_AREA ( #1554 ) ;
#2061 = UNCERTAINTY_MEASURE_WITH_UNIT (LENGTH_MEASURE( 1.000000000000000082E-05 ), #3239, 'distance_accuracy_value', 'NONE');
#2062 = VERTEX_POINT ( 'NONE', #2053 ) ;
#2063 = PLANE ( 'NONE',  #1769 ) ;
#2064 = CARTESIAN_POINT ( 'NONE',  ( 0.6204032258064515748, 0.000000000000000000, -0.5500000000000000444 ) ) ;
#2065 =( NAMED_UNIT ( * ) SI_UNIT ( $, .STERADIAN. ) SOLID_ANGLE_UNIT ( ) );
#2066 = EDGE_LOOP ( 'NONE', ( #3093, #3195, #1739, #2505 ) ) ;
#2067 = CARTESIAN_POINT ( 'NONE',  ( 0.4845667396539459215, 0.3597399999999999487, -0.2761733598502852938 ) ) ;
#2068 = DIRECTION ( 'NONE',  ( 0.000000000000000000, 1.000000000000000000, 0.000000000000000000 ) ) ;
#2069 = SURFACE_STYLE_FILL_AREA ( #514 ) ;
#2070 = CARTESIAN_POINT ( 'NONE',  ( 0.6204032258064515748, 0.3389200000000000546, -0.5500000000000000444 ) ) ;
#2071 = ADVANCED_FACE ( 'NONE', ( #937 ), #1469, .T. ) ;
#2072 = ORIENTED_EDGE ( 'NONE', *, *, #759, .T. ) ;
#2073 = MECHANICAL_DESIGN_GEOMETRIC_PRESENTATION_REPRESENTATION (  '', ( #61 ), #2025 ) ;
#2074 = EDGE_CURVE ( 'NONE', #2269, #2603, #2542, .T. ) ;
#2075 = CARTESIAN_POINT ( 'NONE',  ( 0.5340505671401701848, 0.3596399999999999042, -0.2867339163362680465 ) ) ;
#2076 = DIRECTION ( 'NONE',  ( -1.000000000000000000, -1.548860246407863336E-16, -0.000000000000000000 ) ) ;
#2077 = VECTOR ( 'NONE', #3182, 1000.000000000000000 ) ;
#2078 = VECTOR ( 'NONE', #434, 1000.000000000000000 ) ;
#2079 = VECTOR ( 'NONE', #2252, 1000.000000000000000 ) ;
#2080 = EDGE_CURVE ( 'NONE', #1971, #1136, #2015, .T. ) ;
#2081 = CARTESIAN_POINT ( 'NONE',  ( 0.4162656377731673296, 0.3597399999999998932, -0.3217798548428519867 ) ) ;
#2082 = VECTOR ( 'NONE', #25, 1000.000000000000000 ) ;
#2083 = VERTEX_POINT ( 'NONE', #1815 ) ;
#2084 = FACE_OUTER_BOUND ( 'NONE', #1671, .T. ) ;
#2085 = FILL_AREA_STYLE_COLOUR ( '', #1929 ) ;
#2086 = AXIS2_PLACEMENT_3D ( 'NONE', #395, #2586, #177 ) ;
#2087 = ORIENTED_EDGE ( 'NONE', *, *, #3099, .T. ) ;
#2088 = DIRECTION ( 'NONE',  ( 0.000000000000000000, 0.000000000000000000, 1.000000000000000000 ) ) ;
#2089 = CARTESIAN_POINT ( 'NONE',  ( 0.3817993657853980816, 0.3596399999999999042, -0.3217798548428519867 ) ) ;
#2090 = CARTESIAN_POINT ( 'NONE',  ( 0.6204032258064515748, 0.3492800000000000349, 0.000000000000000000 ) ) ;
#2091 = EDGE_LOOP ( 'NONE', ( #2454, #1844, #2397, #2507 ) ) ;
#2092 = SURFACE_STYLE_USAGE ( .BOTH. , #1027 ) ;
#2093 = FILL_AREA_STYLE_COLOUR ( '', #1363 ) ;
#2094 = ORIENTED_EDGE ( 'NONE', *, *, #1265, .T. ) ;
#2095 = AXIS2_PLACEMENT_3D ( 'NONE', #755, #1819, #3241 ) ;
#2096 = FACE_OUTER_BOUND ( 'NONE', #2356, .T. ) ;
#2097 = UNCERTAINTY_MEASURE_WITH_UNIT (LENGTH_MEASURE( 1.000000000000000082E-05 ), #3276, 'distance_accuracy_value', 'NONE');
#2098 = EDGE_CURVE ( 'NONE', #2569, #2781, #1871, .T. ) ;
#2099 = ORIENTED_EDGE ( 'NONE', *, *, #653, .T. ) ;
#2100 = CARTESIAN_POINT ( 'NONE',  ( 0.6204032258064515748, 0.3389200000000000546, -0.5500000000000000444 ) ) ;
#2101 = EDGE_CURVE ( 'NONE', #2273, #2491, #823, .T. ) ;
#2102 = ORIENTED_EDGE ( 'NONE', *, *, #3312, .T. ) ;
#2103 = FACE_OUTER_BOUND ( 'NONE', #3252, .T. ) ;
#2104 = LINE ( 'NONE', #2956, #2482 ) ;
#2105 = LINE ( 'NONE', #2376, #3163 ) ;
#2106 = FACE_OUTER_BOUND ( 'NONE', #538, .T. ) ;
#2107 = ORIENTED_EDGE ( 'NONE', *, *, #1770, .F. ) ;
#2108 = PLANE ( 'NONE',  #3358 ) ;
#2109 = FACE_OUTER_BOUND ( 'NONE', #1813, .T. ) ;
#2110 = LINE ( 'NONE', #1610, #3486 ) ;
#2111 = CARTESIAN_POINT ( 'NONE',  ( 0.4913289341928556153, 0.3596399999999997932, -0.2973072158944415899 ) ) ;
#2112 = ORIENTED_EDGE ( 'NONE', *, *, #2783, .F. ) ;
#2113 = EDGE_CURVE ( 'NONE', #820, #1700, #2621, .T. ) ;
#2114 = CARTESIAN_POINT ( 'NONE',  ( -0.006063003609955215645, 0.3596399999999999042, -0.02084885575752082332 ) ) ;
#2115 = VECTOR ( 'NONE', #1465, 1000.000000000000000 ) ;
#2116 = VERTEX_POINT ( 'NONE', #2679 ) ;
#2117 = DIRECTION ( 'NONE',  ( 0.000000000000000000, 0.000000000000000000, 1.000000000000000000 ) ) ;
#2118 = CARTESIAN_POINT ( 'NONE',  ( 0.4024999999999999689, 0.3389200000000000546, 0.000000000000000000 ) ) ;
#2119 = DIRECTION ( 'NONE',  ( 0.000000000000000000, 0.000000000000000000, 1.000000000000000000 ) ) ;
#2120 = CARTESIAN_POINT ( 'NONE',  ( 0.3364516129032257830, 0.3492799999999999239, -0.5500000000000000444 ) ) ;
#2121 = ORIENTED_EDGE ( 'NONE', *, *, #2490, .T. ) ;
#2122 = CARTESIAN_POINT ( 'NONE',  ( 0.6396810896176550187, 0.3596399999999999042, -0.2622632156853723084 ) ) ;
#2123 = DIRECTION ( 'NONE',  ( 0.3925015156512738912, 0.000000000000000000, 0.9197513578198472928 ) ) ;
#2124 = CARTESIAN_POINT ( 'NONE',  ( 0.6083538709714563231, 0.3596399999999999042, -0.2861521549939672338 ) ) ;
#2125 = LINE ( 'NONE', #247, #1019 ) ;
#2126 = ORIENTED_EDGE ( 'NONE', *, *, #1085, .T. ) ;
#2127 = VECTOR ( 'NONE', #870, 1000.000000000000114 ) ;
#2128 = CARTESIAN_POINT ( 'NONE',  ( 0.5048533232707470564, 0.3597399999999998932, -0.2973072158944790599 ) ) ;
#2129 = MECHANICAL_DESIGN_GEOMETRIC_PRESENTATION_REPRESENTATION (  '', ( #121 ), #1688 ) ;
#2130 = ORIENTED_EDGE ( 'NONE', *, *, #2101, .F. ) ;
#2131 = PLANE ( 'NONE',  #3366 ) ;
#2132 = EDGE_CURVE ( 'NONE', #2797, #3218, #3113, .T. ) ;
#2133 = CARTESIAN_POINT ( 'NONE',  ( 0.3494172736732569784, 0.3597399999999998932, -0.2616461587604284045 ) ) ;
#2134 = DIRECTION ( 'NONE',  ( 1.000000000000000000, 0.000000000000000000, 0.000000000000000000 ) ) ;
#2135 = STYLED_ITEM ( 'NONE', ( #642 ), #1746 ) ;
#2136 = VERTEX_POINT ( 'NONE', #513 ) ;
#2137 = CARTESIAN_POINT ( 'NONE',  ( 0.4162656377731673296, 0.3597399999999998932, -0.3217798548428519867 ) ) ;
#2138 = DIRECTION ( 'NONE',  ( 1.499527228704650347E-16, -1.000000000000000000, 0.000000000000000000 ) ) ;
#2139 = PRESENTATION_LAYER_ASSIGNMENT (  '', '', ( #2720 ) ) ;
#2140 = FILL_AREA_STYLE ('',( #1329 ) ) ;
#2141 = EDGE_CURVE ( 'NONE', #2984, #533, #3197, .T. ) ;
#2142 = ORIENTED_EDGE ( 'NONE', *, *, #1173, .F. ) ;
#2143 =( BOUNDED_CURVE ( )  B_SPLINE_CURVE ( 3, ( #261, #2122, #1004, #806, #499, #788, #3469 ),
 .UNSPECIFIED., .F., .F. ) 
 B_SPLINE_CURVE_WITH_KNOTS ( ( 4, 3, 4 ),
 ( 0.7500000000000001110, 1.000000000000000000, 1.250000000000000000 ),
 .UNSPECIFIED. ) 
 CURVE ( )  GEOMETRIC_REPRESENTATION_ITEM ( )  RATIONAL_B_SPLINE_CURVE ( ( 0.5000000000000000000, 0.5000000000000002220, 0.6666666666666668517, 1.000000000000000000, 0.6666666666666667407, 0.5000000000000000000, 0.5000000000000000000 ) ) 
 REPRESENTATION_ITEM ( '' )  );
#2144 = DIRECTION ( 'NONE',  ( -0.8911570913701436503, 0.000000000000000000, -0.4536948737871142612 ) ) ;
#2145 = DIRECTION ( 'NONE',  ( 0.000000000000000000, 1.000000000000000000, 0.000000000000000000 ) ) ;
#2146 = DIRECTION ( 'NONE',  ( 0.000000000000000000, 0.000000000000000000, 1.000000000000000000 ) ) ;
#2147 = EDGE_CURVE ( 'NONE', #2047, #797, #768, .T. ) ;
#2148 = EDGE_CURVE ( 'NONE', #1310, #117, #1546, .T. ) ;
#2149 = CARTESIAN_POINT ( 'NONE',  ( 0.4609292208296680848, 0.3597399999999999487, -0.2989130161315904921 ) ) ;
#2150 = EDGE_CURVE ( 'NONE', #1902, #2583, #3429, .T. ) ;
#2151 = AXIS2_PLACEMENT_3D ( 'NONE', #964, #1994, #1241 ) ;
#2152 = ORIENTED_EDGE ( 'NONE', *, *, #2292, .F. ) ;
#2153 = LINE ( 'NONE', #2171, #1540 ) ;
#2154 = CLOSED_SHELL ( 'NONE', ( #1014, #847, #500, #472, #214, #3331, #2511, #3012, #544, #174, #65 ) ) ;
#2155 = ORIENTED_EDGE ( 'NONE', *, *, #1323, .T. ) ;
#2156 = MECHANICAL_DESIGN_GEOMETRIC_PRESENTATION_REPRESENTATION (  '', ( #2213 ), #2282 ) ;
#2157 = EDGE_LOOP ( 'NONE', ( #3289, #1461, #3354, #554 ) ) ;
#2158 = CARTESIAN_POINT ( 'NONE',  ( -0.01354838709677419310, -0.01035999999999994564, -0.5500000000000000444 ) ) ;
#2159 = CARTESIAN_POINT ( 'NONE',  ( 0.6128253512280777970, 0.3597399999999998932, -0.3217798548428519867 ) ) ;
#2160 = FILL_AREA_STYLE ('',( #1669 ) ) ;
#2161 = DIRECTION ( 'NONE',  ( 0.000000000000000000, 1.000000000000000000, 0.000000000000000000 ) ) ;
#2162 = ORIENTED_EDGE ( 'NONE', *, *, #2044, .T. ) ;
#2163 = SURFACE_STYLE_USAGE ( .BOTH. , #22 ) ;
#2164 = DIRECTION ( 'NONE',  ( 0.000000000000000000, 0.000000000000000000, 1.000000000000000000 ) ) ;
#2165 = DIRECTION ( 'NONE',  ( 1.000000000000000000, 0.000000000000000000, 0.000000000000000000 ) ) ;
#2166 = CARTESIAN_POINT ( 'NONE',  ( 0.5462949302101938187, 0.3596399999999999042, -0.2303125000000000588 ) ) ;
#2167 =( BOUNDED_SURFACE ( )  B_SPLINE_SURFACE ( 3, 1, ( 
 ( #73, #1961 ),
 ( #3327, #620 ),
 ( #902, #1949 ),
 ( #1979, #54 ) ),
 .UNSPECIFIED., .F., .F., .F. ) 
 B_SPLINE_SURFACE_WITH_KNOTS ( ( 4, 4 ),
 ( 2, 2 ),
 ( 0.000000000000000000, 0.5000000148252503607 ),
 ( 0.000000000000000000, 1.000000000000000000 ),
 .UNSPECIFIED. ) 
 GEOMETRIC_REPRESENTATION_ITEM ( )  RATIONAL_B_SPLINE_SURFACE ( (
 ( 1.000000000000000000, 1.000000000000000000),
 ( 0.3333333333333333703, 0.3333333333333333703),
 ( 0.3333333333333333703, 0.3333333333333333703),
 ( 1.000000000000000000, 1.000000000000000000) ) ) 
 REPRESENTATION_ITEM ( '' )  SURFACE ( )  );
#2168 = LINE ( 'NONE', #287, #1472 ) ;
#2169 = ORIENTED_EDGE ( 'NONE', *, *, #2627, .F. ) ;
#2170 = VERTEX_POINT ( 'NONE', #1343 ) ;
#2171 = CARTESIAN_POINT ( 'NONE',  ( 0.7364516129032256941, 0.000000000000000000, 0.000000000000000000 ) ) ;
#2172 = CARTESIAN_POINT ( 'NONE',  ( 0.4134138730553348351, 0.3597399999999998932, -0.2432824071808737110 ) ) ;
#2173 = COLOUR_RGB ( '',0.8509803921568627194, 0.8509803921568627194, 0.8509803921568627194 ) ;
#2174 = ORIENTED_EDGE ( 'NONE', *, *, #2980, .F. ) ;
#2175 = ORIENTED_EDGE ( 'NONE', *, *, #1043, .T. ) ;
#2176 = SURFACE_SIDE_STYLE ('',( #313 ) ) ;
#2177 = FILL_AREA_STYLE_COLOUR ( '', #3401 ) ;
#2178 = FILL_AREA_STYLE_COLOUR ( '', #66 ) ;
#2179 = CARTESIAN_POINT ( 'NONE',  ( 1.022903225806451655, 0.3389200000000000546, 0.000000000000000000 ) ) ;
#2180 = ORIENTED_EDGE ( 'NONE', *, *, #988, .F. ) ;
#2181 =( GEOMETRIC_REPRESENTATION_CONTEXT ( 3 ) GLOBAL_UNCERTAINTY_ASSIGNED_CONTEXT ( ( #3079 ) ) GLOBAL_UNIT_ASSIGNED_CONTEXT ( ( #1303, #1812, #1018 ) ) REPRESENTATION_CONTEXT ( 'NONE', 'WORKASPACE' ) );
#2182 = CARTESIAN_POINT ( 'NONE',  ( 0.6204032258064515748, 0.000000000000000000, -0.5500000000000000444 ) ) ;
#2183 = CARTESIAN_POINT ( 'NONE',  ( 0.5340505671401701848, 0.3596399999999999042, -0.2867339163362680465 ) ) ;
#2184 = DIRECTION ( 'NONE',  ( -1.000000000000000000, 2.500763939512695981E-16, 0.000000000000000000 ) ) ;
#2185 = CARTESIAN_POINT ( 'NONE',  ( 0.5048294001993444136, 0.3597399999999999487, -0.2303125000000000033 ) ) ;
#2186 = EDGE_CURVE ( 'NONE', #2196, #337, #3216, .T. ) ;
#2187 = AXIS2_PLACEMENT_3D ( 'NONE', #3244, #3454, #1313 ) ;
#2188 = DIRECTION ( 'NONE',  ( 0.000000000000000000, 0.000000000000000000, 1.000000000000000000 ) ) ;
#2189 = VERTEX_POINT ( 'NONE', #2118 ) ;
#2191 = EDGE_CURVE ( 'NONE', #2442, #671, #2104, .T. ) ;
#2190 = VERTEX_POINT ( 'NONE', #1285 ) ;
#2192 = PLANE ( 'NONE',  #3078 ) ;
#2193 = PRESENTATION_LAYER_ASSIGNMENT (  '', '', ( #2357 ) ) ;
#2194 = SURFACE_STYLE_USAGE ( .BOTH. , #1664 ) ;
#2195 = VECTOR ( 'NONE', #854, 1000.000000000000000 ) ;
#2196 = VERTEX_POINT ( 'NONE', #2408 ) ;
#2197 = EDGE_CURVE ( 'NONE', #2610, #1700, #1604, .T. ) ;
#2198 = CARTESIAN_POINT ( 'NONE',  ( 0.4719171227616260622, 0.3597399999999998932, -0.2303125000000000588 ) ) ;
#2199 = VECTOR ( 'NONE', #3419, 1000.000000000000000 ) ;
#2200 = EDGE_CURVE ( 'NONE', #175, #32, #2353, .T. ) ;
#2201 = DIRECTION ( 'NONE',  ( 1.000000000000000000, 1.641527098757051433E-15, 0.000000000000000000 ) ) ;
#2202 = CARTESIAN_POINT ( 'NONE',  ( 0.5048533232707470564, 0.3596399999999999042, -0.2973072158944790599 ) ) ;
#2203 =( LENGTH_UNIT ( ) NAMED_UNIT ( * ) SI_UNIT ( .MILLI., .METRE. ) );
#2204 = CARTESIAN_POINT ( 'NONE',  ( 0.7034268573996838025, 0.3596399999999997377, -0.2760461774214260644 ) ) ;
#2205 = ORIENTED_EDGE ( 'NONE', *, *, #1880, .T. ) ;
#2206 = VECTOR ( 'NONE', #89, 1000.000000000000000 ) ;
#2207 = CARTESIAN_POINT ( 'NONE',  ( 0.5018004237649130728, 0.3596399999999999042, -0.2867339163362680465 ) ) ;
#2208 = CARTESIAN_POINT ( 'NONE',  ( 0.5092364055382460064, 0.3596399999999999042, -0.2648328402104253021 ) ) ;
#2209 = LINE ( 'NONE', #3313, #1799 ) ;
#2210 = CARTESIAN_POINT ( 'NONE',  ( 0.4966056923661978928, 0.3596399999999999042, -0.2526269570673395637 ) ) ;
#2211 = LINE ( 'NONE', #1676, #2590 ) ;
#2212 = ORIENTED_EDGE ( 'NONE', *, *, #1898, .T. ) ;
#2213 = STYLED_ITEM ( 'NONE', ( #657 ), #137 ) ;
#2214 = DIRECTION ( 'NONE',  ( 0.000000000000000000, -0.000000000000000000, 1.000000000000000000 ) ) ;
#2215 = ORIENTED_EDGE ( 'NONE', *, *, #20, .T. ) ;
#2216 = VERTEX_POINT ( 'NONE', #551 ) ;
#2217 = VECTOR ( 'NONE', #3356, 1000.000000000000000 ) ;
#2218 = PLANE ( 'NONE',  #280 ) ;
#2219 = DIRECTION ( 'NONE',  ( 1.000000000000000000, 0.000000000000000000, 0.000000000000000000 ) ) ;
#2220 = SURFACE_STYLE_USAGE ( .BOTH. , #1150 ) ;
#2221 = DIRECTION ( 'NONE',  ( -0.000000000000000000, 0.000000000000000000, 1.000000000000000000 ) ) ;
#2222 = EDGE_CURVE ( 'NONE', #312, #516, #1022, .T. ) ;
#2223 = ORIENTED_EDGE ( 'NONE', *, *, #1364, .T. ) ;
#2224 = FILL_AREA_STYLE_COLOUR ( '', #969 ) ;
#2225 = CARTESIAN_POINT ( 'NONE',  ( -2.590791441335140079E-18, -0.01035999999999994911, 0.000000000000000000 ) ) ;
#2226 = CARTESIAN_POINT ( 'NONE',  ( 0.4755626139528906227, 0.3596399999999999042, -0.2303125000000178779 ) ) ;
#2227 = DIRECTION ( 'NONE',  ( 0.000000000000000000, 0.000000000000000000, 1.000000000000000000 ) ) ;
#2228 = FILL_AREA_STYLE_COLOUR ( '', #1411 ) ;
#2229 = ORIENTED_EDGE ( 'NONE', *, *, #3351, .T. ) ;
#2230 = ORIENTED_EDGE ( 'NONE', *, *, #1530, .F. ) ;
#2231 = CARTESIAN_POINT ( 'NONE',  ( 0.4078789986753544317, 0.3596399999999999042, -0.2303125000000000588 ) ) ;
#2232 =( NAMED_UNIT ( * ) PLANE_ANGLE_UNIT ( ) SI_UNIT ( $, .RADIAN. ) );
#2233 = VERTEX_POINT ( 'NONE', #241 ) ;
#2234 = EDGE_LOOP ( 'NONE', ( #1999, #1189, #1618, #826 ) ) ;
#2235 = CARTESIAN_POINT ( 'NONE',  ( 0.4828793105145191555, 0.3596399999999999042, -0.2303125000000000033 ) ) ;
#2236 = FACE_OUTER_BOUND ( 'NONE', #2004, .T. ) ;
#2237 = VECTOR ( 'NONE', #1987, 1000.000000000000000 ) ;
#2238 = VERTEX_POINT ( 'NONE', #1620 ) ;
#2239 = EDGE_CURVE ( 'NONE', #2694, #1539, #3365, .T. ) ;
#2240 = VECTOR ( 'NONE', #1246, 1000.000000000000000 ) ;
#2241 = DIRECTION ( 'NONE',  ( 1.000000000000000000, 2.500763939512695981E-16, 0.000000000000000000 ) ) ;
#2242 = CARTESIAN_POINT ( 'NONE',  ( 1.022903225806451655, 0.000000000000000000, -0.5500000000000000444 ) ) ;
#2243 = PRESENTATION_STYLE_ASSIGNMENT (( #1192 ) ) ;
#2244 = ORIENTED_EDGE ( 'NONE', *, *, #1233, .T. ) ;
#2245 = DIRECTION ( 'NONE',  ( 0.000000000000000000, 0.000000000000000000, 1.000000000000000000 ) ) ;
#2246 = DIRECTION ( 'NONE',  ( 0.000000000000000000, -0.000000000000000000, -1.000000000000000000 ) ) ;
#2247 = ORIENTED_EDGE ( 'NONE', *, *, #2132, .F. ) ;
#2248 = FACE_OUTER_BOUND ( 'NONE', #2998, .T. ) ;
#2249 = UNCERTAINTY_MEASURE_WITH_UNIT (LENGTH_MEASURE( 1.000000000000000082E-05 ), #958, 'distance_accuracy_value', 'NONE');
#2250 = ORIENTED_EDGE ( 'NONE', *, *, #1272, .F. ) ;
#2251 = CARTESIAN_POINT ( 'NONE',  ( 0.7034268573996838025, 0.3596399999999999597, -0.2455570591404753755 ) ) ;
#2252 = DIRECTION ( 'NONE',  ( 0.000000000000000000, 0.000000000000000000, -1.000000000000000000 ) ) ;
#2253 = COLOUR_RGB ( '',0.7921568627450980005, 0.8196078431372548767, 0.9333333333333333481 ) ;
#2254 =( LENGTH_UNIT ( ) NAMED_UNIT ( * ) SI_UNIT ( .MILLI., .METRE. ) );
#2255 = DIRECTION ( 'NONE',  ( -1.000000000000000000, 0.000000000000000000, -0.000000000000000000 ) ) ;
#2256 = DIRECTION ( 'NONE',  ( -1.000000000000000000, -1.499527228704650101E-16, 0.000000000000000000 ) ) ;
#2257 = VECTOR ( 'NONE', #588, 1000.000000000000000 ) ;
#2258 = ORIENTED_EDGE ( 'NONE', *, *, #2723, .F. ) ;
#2259 = CARTESIAN_POINT ( 'NONE',  ( 0.6396810896176551298, 0.3597399999999998932, -0.2760461774214260089 ) ) ;
#2260 = VECTOR ( 'NONE', #559, 1000.000000000000000 ) ;
#2261 = ADVANCED_FACE ( 'NONE', ( #1001 ), #2641, .T. ) ;
#2262 = VECTOR ( 'NONE', #529, 1000.000000000000000 ) ;
#2263 = EDGE_CURVE ( 'NONE', #2583, #1849, #888, .T. ) ;
#2264 = DIRECTION ( 'NONE',  ( 0.000000000000000000, 1.000000000000000000, 0.000000000000000000 ) ) ;
#2265 = LINE ( 'NONE', #598, #1361 ) ;
#2266 = VERTEX_POINT ( 'NONE', #2994 ) ;
#2267 = EDGE_CURVE ( 'NONE', #967, #1222, #1299, .T. ) ;
#2268 = EDGE_CURVE ( 'NONE', #2083, #3436, #1640, .T. ) ;
#2269 = VERTEX_POINT ( 'NONE', #641 ) ;
#2270 = CARTESIAN_POINT ( 'NONE',  ( 0.5720080092446299114, 0.3596399999999999042, -0.2861521549939672338 ) ) ;
#2271 =( BOUNDED_SURFACE ( )  B_SPLINE_SURFACE ( 3, 1, ( 
 ( #1008, #375 ),
 ( #2012, #758 ),
 ( #2420, #1611 ),
 ( #1090, #3261 ) ),
 .UNSPECIFIED., .F., .F., .F. ) 
 B_SPLINE_SURFACE_WITH_KNOTS ( ( 4, 4 ),
 ( 2, 2 ),
 ( 0.5000000028317830303, 1.000000000000000000 ),
 ( 0.000000000000000000, 1.000000000000000000 ),
 .UNSPECIFIED. ) 
 GEOMETRIC_REPRESENTATION_ITEM ( )  RATIONAL_B_SPLINE_SURFACE ( (
 ( 1.000000000000000000, 1.000000000000000000),
 ( 0.3333333333333333703, 0.3333333333333333703),
 ( 0.3333333333333333703, 0.3333333333333333703),
 ( 1.000000000000000000, 1.000000000000000000) ) ) 
 REPRESENTATION_ITEM ( '' )  SURFACE ( )  );
#2272 = ADVANCED_FACE ( 'NONE', ( #1654 ), #2167, .F. ) ;
#2273 = VERTEX_POINT ( 'NONE', #2202 ) ;
#2274 = DIRECTION ( 'NONE',  ( 0.000000000000000000, 1.000000000000000000, 0.000000000000000000 ) ) ;
#2275 = LINE ( 'NONE', #3362, #456 ) ;
#2276 = PLANE ( 'NONE',  #2462 ) ;
#2277 = VECTOR ( 'NONE', #1421, 1000.000000000000000 ) ;
#2278 = VERTEX_POINT ( 'NONE', #1685 ) ;
#2279 = FILL_AREA_STYLE_COLOUR ( '', #2253 ) ;
#2280 = LINE ( 'NONE', #680, #971 ) ;
#2281 = SURFACE_STYLE_USAGE ( .BOTH. , #733 ) ;
#2282 =( GEOMETRIC_REPRESENTATION_CONTEXT ( 3 ) GLOBAL_UNCERTAINTY_ASSIGNED_CONTEXT ( ( #3177 ) ) GLOBAL_UNIT_ASSIGNED_CONTEXT ( ( #1462, #1480, #2673 ) ) REPRESENTATION_CONTEXT ( 'NONE', 'WORKASPACE' ) );
#2283 = DIRECTION ( 'NONE',  ( 0.000000000000000000, 1.000000000000000000, 0.000000000000000000 ) ) ;
#2284 = CARTESIAN_POINT ( 'NONE',  ( 0.6595266780299818832, 0.3596399999999999042, -0.2760461774214260644 ) ) ;
#2285 = ORIENTED_EDGE ( 'NONE', *, *, #1105, .T. ) ;
#2286 = DIRECTION ( 'NONE',  ( 0.000000000000000000, 0.000000000000000000, 1.000000000000000000 ) ) ;
#2287 = UNCERTAINTY_MEASURE_WITH_UNIT (LENGTH_MEASURE( 1.000000000000000082E-05 ), #1312, 'distance_accuracy_value', 'NONE');
#2288 = ORIENTED_EDGE ( 'NONE', *, *, #1378, .F. ) ;
#2289 = CARTESIAN_POINT ( 'NONE',  ( 0.5340505671401701848, 0.3597399999999998932, -0.2973072158944790599 ) ) ;
#2290 = SURFACE_STYLE_USAGE ( .BOTH. , #1220 ) ;
#2291 = DIRECTION ( 'NONE',  ( 1.000000000000000000, 0.000000000000000000, 0.000000000000000000 ) ) ;
#2292 = EDGE_CURVE ( 'NONE', #1025, #3311, #1668, .T. ) ;
#2293 = ORIENTED_EDGE ( 'NONE', *, *, #2191, .F. ) ;
#2294 = DIRECTION ( 'NONE',  ( 1.000000000000000000, -1.346834996876403062E-16, 0.000000000000000000 ) ) ;
#2295 = CARTESIAN_POINT ( 'NONE',  ( 0.5340505671401701848, 0.3596399999999999042, -0.3217798548428519867 ) ) ;
#2296 = VECTOR ( 'NONE', #3501, 1000.000000000000000 ) ;
#2297 = FILL_AREA_STYLE ('',( #1485 ) ) ;
#2298 = CARTESIAN_POINT ( 'NONE',  ( 0.6083538709714563231, 0.3597399999999998932, -0.2861521549939672338 ) ) ;
#2299 = CARTESIAN_POINT ( 'NONE',  ( 0.5340505671401701848, 0.3597399999999998932, -0.2303125000000000588 ) ) ;
#2300 = PLANE ( 'NONE',  #2151 ) ;
#2301 = EDGE_CURVE ( 'NONE', #2603, #2233, #334, .T. ) ;
#2302 = VERTEX_POINT ( 'NONE', #3274 ) ;
#2303 = CARTESIAN_POINT ( 'NONE',  ( -0.006063003609955215645, 0.3596399999999999042, -0.02084885575752082332 ) ) ;
#2304 = PLANE ( 'NONE',  #1281 ) ;
#2305 = STYLED_ITEM ( 'NONE', ( #1079 ), #1678 ) ;
#2306 = EDGE_CURVE ( 'NONE', #3132, #2493, #3292, .T. ) ;
#2307 = EDGE_CURVE ( 'NONE', #2441, #2278, #314, .T. ) ;
#2308 = ORIENTED_EDGE ( 'NONE', *, *, #328, .F. ) ;
#2309 = VECTOR ( 'NONE', #747, 1000.000000000000000 ) ;
#2310 =( NAMED_UNIT ( * ) SI_UNIT ( $, .STERADIAN. ) SOLID_ANGLE_UNIT ( ) );
#2311 = PLANE ( 'NONE',  #3499 ) ;
#2312 = DIRECTION ( 'NONE',  ( 0.000000000000000000, 0.000000000000000000, 1.000000000000000000 ) ) ;
#2313 = AXIS2_PLACEMENT_3D ( 'NONE', #2561, #151, #1227 ) ;
#2314 =( NAMED_UNIT ( * ) SI_UNIT ( $, .STERADIAN. ) SOLID_ANGLE_UNIT ( ) );
#2315 = CARTESIAN_POINT ( 'NONE',  ( 0.4082349916104447418, 0.3596399999999999042, -0.3217798548428519867 ) ) ;
#2316 = VECTOR ( 'NONE', #2123, 1000.000000000000114 ) ;
#2317 = CARTESIAN_POINT ( 'NONE',  ( 0.6083538709714563231, 0.3596399999999999042, -0.2861521549939672338 ) ) ;
#2318 = VECTOR ( 'NONE', #2449, 1000.000000000000000 ) ;
#2319 = ORIENTED_EDGE ( 'NONE', *, *, #737, .T. ) ;
#2320 = FILL_AREA_STYLE_COLOUR ( '', #3027 ) ;
#2321 = ORIENTED_EDGE ( 'NONE', *, *, #1166, .F. ) ;
#2322 = FILL_AREA_STYLE ('',( #394 ) ) ;
#2323 = CARTESIAN_POINT ( 'NONE',  ( 0.4339557556250456249, 0.3597399999999998932, -0.2655248897291799248 ) ) ;
#2324 = DIRECTION ( 'NONE',  ( 0.000000000000000000, 0.000000000000000000, 1.000000000000000000 ) ) ;
#2325 = CARTESIAN_POINT ( 'NONE',  ( 0.4082349916104447418, 0.3597399999999998932, -0.3217798548428519867 ) ) ;
#2326 = EDGE_CURVE ( 'NONE', #671, #1942, #2769, .T. ) ;
#2327 = PRESENTATION_LAYER_ASSIGNMENT (  '', '', ( #707 ) ) ;
#2328 = DIRECTION ( 'NONE',  ( 0.000000000000000000, 1.000000000000000000, 0.000000000000000000 ) ) ;
#2329 = CARTESIAN_POINT ( 'NONE',  ( 0.5048533232707470564, 0.3597399999999998932, -0.2973072158944790599 ) ) ;
#2330 = FACE_OUTER_BOUND ( 'NONE', #2715, .T. ) ;
#2331 = ORIENTED_EDGE ( 'NONE', *, *, #3157, .T. ) ;
#2332 = DIRECTION ( 'NONE',  ( 1.000000000000000000, 0.000000000000000000, 0.000000000000000000 ) ) ;
#2333 = DIRECTION ( 'NONE',  ( 1.000000000000000000, 9.420898089804255066E-18, -0.000000000000000000 ) ) ;
#2334 = EDGE_LOOP ( 'NONE', ( #1255, #3060, #3480, #1549 ) ) ;
#2335 = CARTESIAN_POINT ( 'NONE',  ( 0.4966056923661978928, 0.3597399999999998377, -0.2526269570673395637 ) ) ;
#2336 = CARTESIAN_POINT ( 'NONE',  ( 0.4609292208296680293, 0.3597399999999998932, -0.3065352957023768088 ) ) ;
#2337 =( LENGTH_UNIT ( ) NAMED_UNIT ( * ) SI_UNIT ( .MILLI., .METRE. ) );
#2338 = EDGE_CURVE ( 'NONE', #3294, #185, #1912, .T. ) ;
#2339 = ORIENTED_EDGE ( 'NONE', *, *, #2041, .F. ) ;
#2340 = CARTESIAN_POINT ( 'NONE',  ( 1.036451612903225961, -0.01035999999999994564, 0.000000000000000000 ) ) ;
#2341 = CARTESIAN_POINT ( 'NONE',  ( 0.5462949302101938187, 0.3596399999999999042, -0.3217798548428519867 ) ) ;
#2342 = DIRECTION ( 'NONE',  ( 0.000000000000000000, 1.000000000000000000, 0.000000000000000000 ) ) ;
#2343 = AXIS2_PLACEMENT_3D ( 'NONE', #1514, #2900, #2312 ) ;
#2344 = EDGE_CURVE ( 'NONE', #2892, #1794, #1427, .T. ) ;
#2345 = STYLED_ITEM ( 'NONE', ( #3234 ), #3459 ) ;
#2346 = LINE ( 'NONE', #215, #745 ) ;
#2347 = VERTEX_POINT ( 'NONE', #2718 ) ;
#2348 = PLANE ( 'NONE',  #2540 ) ;
#2349 = EDGE_CURVE ( 'NONE', #2189, #542, #1098, .T. ) ;
#2350 = ORIENTED_EDGE ( 'NONE', *, *, #1364, .F. ) ;
#2351 = VECTOR ( 'NONE', #5, 1000.000000000000000 ) ;
#2352 = LINE ( 'NONE', #2955, #1860 ) ;
#2353 = LINE ( 'NONE', #2973, #2882 ) ;
#2354 = CARTESIAN_POINT ( 'NONE',  ( 0.3445961442865642654, 0.3597399999999998932, -0.3217798548428519867 ) ) ;
#2355 = DIRECTION ( 'NONE',  ( -1.000000000000000000, 0.000000000000000000, -0.000000000000000000 ) ) ;
#2356 = EDGE_LOOP ( 'NONE', ( #619, #1458, #632, #2247 ) ) ;
#2357 = STYLED_ITEM ( 'NONE', ( #2863 ), #1633 ) ;
#2358 = FACE_OUTER_BOUND ( 'NONE', #981, .T. ) ;
#2359 = CARTESIAN_POINT ( 'NONE',  ( 0.4475435055841046617, 0.3597399999999998932, -0.2303125000000000588 ) ) ;
#2360 = EDGE_CURVE ( 'NONE', #2116, #2528, #605, .T. ) ;
#2361 = CARTESIAN_POINT ( 'NONE',  ( 0.5048294001993700597, 0.3596399999999999042, -0.3217798548428519867 ) ) ;
#2362 = LINE ( 'NONE', #3123, #1193 ) ;
#2363 = VECTOR ( 'NONE', #2585, 1000.000000000000000 ) ;
#2364 = VECTOR ( 'NONE', #162, 1000.000000000000000 ) ;
#2365 = CARTESIAN_POINT ( 'NONE',  ( 0.2864516129032258496, 0.000000000000000000, -0.5500000000000000444 ) ) ;
#2366 = EDGE_CURVE ( 'NONE', #1475, #86, #569, .T. ) ;
#2367 = VERTEX_POINT ( 'NONE', #3255 ) ;
#2368 = CARTESIAN_POINT ( 'NONE',  ( 0.3769782363987051466, 0.3596399999999999042, -0.2616461587604284045 ) ) ;
#2369 = PRESENTATION_LAYER_ASSIGNMENT (  '', '', ( #1200 ) ) ;
#2370 = LINE ( 'NONE', #188, #690 ) ;
#2371 = CARTESIAN_POINT ( 'NONE',  ( -5.082197683525802034E-17, 0.3389200000000000546, 0.000000000000000000 ) ) ;
#2372 = ORIENTED_EDGE ( 'NONE', *, *, #998, .T. ) ;
#2373 = DIRECTION ( 'NONE',  ( 1.000000000000000000, 0.000000000000000000, 0.000000000000000000 ) ) ;
#2374 = CARTESIAN_POINT ( 'NONE',  ( 0.5340505671401701848, 0.3596399999999999042, -0.2867339163362680465 ) ) ;
#2375 =( BOUNDED_SURFACE ( )  B_SPLINE_SURFACE ( 3, 1, ( 
 ( #2687, #2725 ),
 ( #862, #266 ),
 ( #2652, #3492 ),
 ( #2707, #1596 ) ),
 .UNSPECIFIED., .F., .F., .F. ) 
 B_SPLINE_SURFACE_WITH_KNOTS ( ( 4, 4 ),
 ( 2, 2 ),
 ( 0.000000000000000000, 0.2773300290817012348 ),
 ( 0.000000000000000000, 1.000000000000000000 ),
 .UNSPECIFIED. ) 
 GEOMETRIC_REPRESENTATION_ITEM ( )  RATIONAL_B_SPLINE_SURFACE ( (
 ( 0.5059754439168531182, 0.5059754439168531182),
 ( 0.4655517758633494485, 0.4655517758633494485),
 ( 0.6302266278910650943, 0.6302266278910650943),
 ( 1.000000000000000000, 1.000000000000000000) ) ) 
 REPRESENTATION_ITEM ( '' )  SURFACE ( )  );
#2376 = CARTESIAN_POINT ( 'NONE',  ( 0.5340505671401701848, 0.3596399999999999042, -0.3217798548428519867 ) ) ;
#2377 =( NAMED_UNIT ( * ) PLANE_ANGLE_UNIT ( ) SI_UNIT ( $, .RADIAN. ) );
#2378 = ORIENTED_EDGE ( 'NONE', *, *, #173, .T. ) ;
#2379 = CARTESIAN_POINT ( 'NONE',  ( 0.5462949302101938187, 0.3596399999999999042, -0.2303125000000000588 ) ) ;
#2380 = LINE ( 'NONE', #2359, #2316 ) ;
#2381 = AXIS2_PLACEMENT_3D ( 'NONE', #565, #1636, #1373 ) ;
#2382 = CARTESIAN_POINT ( 'NONE',  ( 0.4828793105145189335, 0.3596399999999999042, -0.3217798548428520977 ) ) ;
#2383 =( NAMED_UNIT ( * ) PLANE_ANGLE_UNIT ( ) SI_UNIT ( $, .RADIAN. ) );
#2384 = MECHANICAL_DESIGN_GEOMETRIC_PRESENTATION_REPRESENTATION (  '', ( #1823 ), #3301 ) ;
#2385 = LINE ( 'NONE', #2671, #2713 ) ;
#2386 = UNCERTAINTY_MEASURE_WITH_UNIT (LENGTH_MEASURE( 1.000000000000000082E-05 ), #3275, 'distance_accuracy_value', 'NONE');
#2387 = ORIENTED_EDGE ( 'NONE', *, *, #2663, .F. ) ;
#2388 = DIRECTION ( 'NONE',  ( 1.000000000000000000, 0.000000000000000000, 0.000000000000000000 ) ) ;
#2389 = CARTESIAN_POINT ( 'NONE',  ( 0.3364516129032257830, 0.3596399999999999597, 0.000000000000000000 ) ) ;
#2390 = VERTEX_POINT ( 'NONE', #296 ) ;
#2391 = CARTESIAN_POINT ( 'NONE',  ( 0.4846868852131266392, 0.3597399999999998932, -0.2738766867985915066 ) ) ;
#2392 = CARTESIAN_POINT ( 'NONE',  ( 0.6156264986602799638, 0.3597399999999998932, -0.3065352957023768088 ) ) ;
#2393 = FILL_AREA_STYLE_COLOUR ( '', #1729 ) ;
#2394 = VERTEX_POINT ( 'NONE', #1375 ) ;
#2395 =( LENGTH_UNIT ( ) NAMED_UNIT ( * ) SI_UNIT ( .MILLI., .METRE. ) );
#2396 = LINE ( 'NONE', #2905, #2639 ) ;
#2397 = ORIENTED_EDGE ( 'NONE', *, *, #2520, .T. ) ;
#2398 = CARTESIAN_POINT ( 'NONE',  ( 0.3494172736732569784, 0.3596399999999999042, -0.2303125000000000588 ) ) ;
#2399 = PRESENTATION_LAYER_ASSIGNMENT (  '', '', ( #1279 ) ) ;
#2400 = ORIENTED_EDGE ( 'NONE', *, *, #102, .F. ) ;
#2401 = PLANE ( 'NONE',  #3086 ) ;
#2402 = STYLED_ITEM ( 'NONE', ( #2013 ), #3411 ) ;
#2403 = CARTESIAN_POINT ( 'NONE',  ( 0.5048294001993700597, 0.3597399999999998932, -0.2303124999999999756 ) ) ;
#2404 = ADVANCED_FACE ( 'NONE', ( #2445 ), #38, .F. ) ;
#2405 = DIRECTION ( 'NONE',  ( 0.000000000000000000, 0.000000000000000000, -1.000000000000000000 ) ) ;
#2406 = ORIENTED_EDGE ( 'NONE', *, *, #759, .F. ) ;
#2407 = CARTESIAN_POINT ( 'NONE',  ( 0.000000000000000000, 0.000000000000000000, 0.000000000000000000 ) ) ;
#2408 = CARTESIAN_POINT ( 'NONE',  ( 1.022903225806451655, 0.000000000000000000, 0.000000000000000000 ) ) ;
#2409 = DIRECTION ( 'NONE',  ( -1.000000000000000000, 0.000000000000000000, -1.594283082307011669E-15 ) ) ;
#2410 = DIRECTION ( 'NONE',  ( 0.000000000000000000, 0.000000000000000000, -1.000000000000000000 ) ) ;
#2411 = EDGE_CURVE ( 'NONE', #2959, #21, #677, .T. ) ;
#2412 = ADVANCED_FACE ( 'NONE', ( #466 ), #3363, .F. ) ;
#2413 = VERTEX_POINT ( 'NONE', #1717 ) ;
#2414 = EDGE_CURVE ( 'NONE', #1624, #337, #2346, .T. ) ;
#2415 = CARTESIAN_POINT ( 'NONE',  ( 0.6204032258064515748, 0.3389200000000000546, 0.000000000000000000 ) ) ;
#2416 = CARTESIAN_POINT ( 'NONE',  ( 0.3817993657853980816, 0.3596399999999999042, -0.3217798548428519867 ) ) ;
#2417 = CARTESIAN_POINT ( 'NONE',  ( 0.6128253512280777970, 0.3596399999999999042, -0.2303125000000000588 ) ) ;
#2418 = CARTESIAN_POINT ( 'NONE',  ( -0.01354838709677419310, -1.276379741199286193E-19, -0.5500000000000000444 ) ) ;
#2419 = PRESENTATION_LAYER_ASSIGNMENT (  '', '', ( #1925 ) ) ;
#2420 = CARTESIAN_POINT ( 'NONE',  ( 0.6156264986602797418, 0.3596399999999997377, -0.3675135322642782421 ) ) ;
#2421 = ORIENTED_EDGE ( 'NONE', *, *, #2627, .T. ) ;
#2422 = VECTOR ( 'NONE', #2219, 1000.000000000000000 ) ;
#2423 = VECTOR ( 'NONE', #1558, 1000.000000000000000 ) ;
#2424 = VERTEX_POINT ( 'NONE', #1295 ) ;
#2425 = DIRECTION ( 'NONE',  ( 0.000000000000000000, 1.000000000000000000, 0.000000000000000000 ) ) ;
#2426 = VECTOR ( 'NONE', #383, 1000.000000000000000 ) ;
#2427 = FACE_OUTER_BOUND ( 'NONE', #1012, .T. ) ;
#2428 = VERTEX_POINT ( 'NONE', #3437 ) ;
#2429 = STYLED_ITEM ( 'NONE', ( #1099 ), #1773 ) ;
#2430 = ORIENTED_EDGE ( 'NONE', *, *, #2736, .T. ) ;
#2431 = DIRECTION ( 'NONE',  ( -0.4536948737871142057, 0.000000000000000000, -0.8911570913701435392 ) ) ;
#2432 = DIRECTION ( 'NONE',  ( 1.000000000000000000, 0.000000000000000000, 0.000000000000000000 ) ) ;
#2433 =( NAMED_UNIT ( * ) SI_UNIT ( $, .STERADIAN. ) SOLID_ANGLE_UNIT ( ) );
#2434 = VECTOR ( 'NONE', #698, 1000.000000000000000 ) ;
#2435 = ORIENTED_EDGE ( 'NONE', *, *, #688, .T. ) ;
#2436 = CARTESIAN_POINT ( 'NONE',  ( 0.6694494722361452599, 0.3597399999999998377, -0.2553717348173454860 ) ) ;
#2437 = DIRECTION ( 'NONE',  ( 0.000000000000000000, 0.000000000000000000, -1.000000000000000000 ) ) ;
#2438 = CARTESIAN_POINT ( 'NONE',  ( 0.4845667396539459215, 0.3596399999999998487, -0.2761733598502854048 ) ) ;
#2439 = EDGE_LOOP ( 'NONE', ( #972, #1148, #696 ) ) ;
#2440 = VECTOR ( 'NONE', #421, 1000.000000000000000 ) ;
#2441 = VERTEX_POINT ( 'NONE', #1207 ) ;
#2442 = VERTEX_POINT ( 'NONE', #934 ) ;
#2443 = VECTOR ( 'NONE', #1525, 1000.000000000000000 ) ;
#2444 = FACE_OUTER_BOUND ( 'NONE', #3432, .T. ) ;
#2445 = FACE_OUTER_BOUND ( 'NONE', #1325, .T. ) ;
#2446 = DIRECTION ( 'NONE',  ( 0.000000000000000000, -1.000000000000000000, 0.000000000000000000 ) ) ;
#2447 = VERTEX_POINT ( 'NONE', #2807 ) ;
#2448 = DIRECTION ( 'NONE',  ( 0.000000000000000000, 0.000000000000000000, -1.000000000000000000 ) ) ;
#2449 = DIRECTION ( 'NONE',  ( 0.000000000000000000, 1.000000000000000000, 0.000000000000000000 ) ) ;
#2450 = DIRECTION ( 'NONE',  ( 0.000000000000000000, 0.000000000000000000, -1.000000000000000000 ) ) ;
#2451 = EDGE_CURVE ( 'NONE', #2493, #839, #1031, .T. ) ;
#2452 = CARTESIAN_POINT ( 'NONE',  ( 0.4845667396539459215, 0.3597400000000000042, -0.2761733598502854048 ) ) ;
#2453 = ADVANCED_FACE ( 'NONE', ( #2096 ), #2271, .T. ) ;
#2454 = ORIENTED_EDGE ( 'NONE', *, *, #3131, .F. ) ;
#2455 = EDGE_CURVE ( 'NONE', #142, #1731, #1576, .T. ) ;
#2456 = ORIENTED_EDGE ( 'NONE', *, *, #2966, .F. ) ;
#2457 = VECTOR ( 'NONE', #1817, 1000.000000000000000 ) ;
#2458 = EDGE_LOOP ( 'NONE', ( #3485, #3335, #1235, #2672, #152, #307, #2539, #2976, #438, #2372, #2805, #1630 ) ) ;
#2459 = ORIENTED_EDGE ( 'NONE', *, *, #3456, .T. ) ;
#2460 = SURFACE_STYLE_USAGE ( .BOTH. , #295 ) ;
#2461 = CARTESIAN_POINT ( 'NONE',  ( 0.4391568664862917082, 0.3596399999999999042, -0.3217798548428519867 ) ) ;
#2462 = AXIS2_PLACEMENT_3D ( 'NONE', #2809, #2291, #3130 ) ;
#2463 = PLANE ( 'NONE',  #207 ) ;
#2464 = ORIENTED_EDGE ( 'NONE', *, *, #2150, .F. ) ;
#2465 = PLANE ( 'NONE',  #2497 ) ;
#2466 = DIRECTION ( 'NONE',  ( 0.000000000000000000, 0.000000000000000000, -1.000000000000000000 ) ) ;
#2467 = CARTESIAN_POINT ( 'NONE',  ( 0.4214667486344135794, 0.3596399999999999042, -0.2655248897291799248 ) ) ;
#2468 = ORIENTED_EDGE ( 'NONE', *, *, #2717, .F. ) ;
#2469 = CARTESIAN_POINT ( 'NONE',  ( 0.4024999999999999689, 0.3389200000000000546, -0.5500000000000000444 ) ) ;
#2470 = VECTOR ( 'NONE', #1724, 1000.000000000000000 ) ;
#2471 = EDGE_CURVE ( 'NONE', #2528, #1982, #1921, .T. ) ;
#2472 = COLOUR_RGB ( '',0.8980392156862745390, 0.9215686274509803377, 0.9294117647058823817 ) ;
#2473 = ORIENTED_EDGE ( 'NONE', *, *, #1123, .T. ) ;
#2474 = CARTESIAN_POINT ( 'NONE',  ( 0.4609292208296681403, 0.3597399999999998932, -0.2760461774214260644 ) ) ;
#2475 = VECTOR ( 'NONE', #2838, 1000.000000000000000 ) ;
#2476 = VECTOR ( 'NONE', #1716, 1000.000000000000000 ) ;
#2477 = PLANE ( 'NONE',  #221 ) ;
#2478 = CARTESIAN_POINT ( 'NONE',  ( 0.4024999999999999689, 0.3492800000000000349, 0.000000000000000000 ) ) ;
#2479 =( NAMED_UNIT ( * ) PLANE_ANGLE_UNIT ( ) SI_UNIT ( $, .RADIAN. ) );
#2480 = STYLED_ITEM ( 'NONE', ( #77 ), #1904 ) ;
#2481 = ORIENTED_EDGE ( 'NONE', *, *, #2947, .F. ) ;
#2482 = VECTOR ( 'NONE', #1588, 1000.000000000000000 ) ;
#2483 = CARTESIAN_POINT ( 'NONE',  ( 1.022903225806451655, -0.01035999999999994911, -0.5500000000000000444 ) ) ;
#2484 = SURFACE_STYLE_FILL_AREA ( #1452 ) ;
#2485 = LINE ( 'NONE', #2225, #3442 ) ;
#2486 = FACE_OUTER_BOUND ( 'NONE', #2066, .T. ) ;
#2487 = VERTEX_POINT ( 'NONE', #3282 ) ;
#2488 = DIRECTION ( 'NONE',  ( 0.000000000000000000, 0.000000000000000000, -1.000000000000000000 ) ) ;
#2490 = EDGE_CURVE ( 'NONE', #16, #2493, #2385, .T. ) ;
#2489 = LINE ( 'NONE', #2029, #1928 ) ;
#2491 = VERTEX_POINT ( 'NONE', #2128 ) ;
#2492 =( BOUNDED_CURVE ( )  B_SPLINE_CURVE ( 3, ( #2814, #396, #416, #3089 ),
 .UNSPECIFIED., .F., .F. ) 
 B_SPLINE_CURVE_WITH_KNOTS ( ( 4, 4 ),
 ( 0.5357290076124403555, 1.000000000000000000 ),
 .UNSPECIFIED. ) 
 CURVE ( )  GEOMETRIC_REPRESENTATION_ITEM ( )  RATIONAL_B_SPLINE_CURVE ( ( 0.9558867503804143739, 0.7795185758902162254, 0.7942229924300781008, 1.000000000000000000 ) ) 
 REPRESENTATION_ITEM ( '' )  );
#2493 = VERTEX_POINT ( 'NONE', #249 ) ;
#2494 = STYLED_ITEM ( 'NONE', ( #1408 ), #566 ) ;
#2495 = ORIENTED_EDGE ( 'NONE', *, *, #278, .T. ) ;
#2496 = EDGE_LOOP ( 'NONE', ( #628, #2456, #347, #1033 ) ) ;
#2497 = AXIS2_PLACEMENT_3D ( 'NONE', #2182, #1645, #2448 ) ;
#2498 = DIRECTION ( 'NONE',  ( -0.000000000000000000, 0.000000000000000000, 1.000000000000000000 ) ) ;
#2499 = DIRECTION ( 'NONE',  ( 0.000000000000000000, 1.000000000000000000, 0.000000000000000000 ) ) ;
#2500 = ORIENTED_EDGE ( 'NONE', *, *, #2005, .F. ) ;
#2501 = FILL_AREA_STYLE_COLOUR ( '', #1882 ) ;
#2502 = DIRECTION ( 'NONE',  ( -8.207635493785257163E-16, -1.000000000000000000, 0.000000000000000000 ) ) ;
#2503 = PLANE ( 'NONE',  #2705 ) ;
#2504 = SURFACE_STYLE_FILL_AREA ( #626 ) ;
#2505 = ORIENTED_EDGE ( 'NONE', *, *, #20, .F. ) ;
#2506 = CARTESIAN_POINT ( 'NONE',  ( -5.082197683525802034E-17, 0.3389200000000000546, -0.5500000000000000444 ) ) ;
#2507 = ORIENTED_EDGE ( 'NONE', *, *, #316, .T. ) ;
#2508 = FACE_OUTER_BOUND ( 'NONE', #2818, .T. ) ;
#2509 = ORIENTED_EDGE ( 'NONE', *, *, #524, .T. ) ;
#2510 = VERTEX_POINT ( 'NONE', #1125 ) ;
#2511 = ADVANCED_FACE ( 'NONE', ( #1334 ), #1899, .T. ) ;
#2512 = FACE_OUTER_BOUND ( 'NONE', #618, .T. ) ;
#2513 = PRESENTATION_STYLE_ASSIGNMENT (( #925 ) ) ;
#2514 = PLANE ( 'NONE',  #1810 ) ;
#2515 =( GEOMETRIC_REPRESENTATION_CONTEXT ( 3 ) GLOBAL_UNCERTAINTY_ASSIGNED_CONTEXT ( ( #945 ) ) GLOBAL_UNIT_ASSIGNED_CONTEXT ( ( #842, #2383, #1842 ) ) REPRESENTATION_CONTEXT ( 'NONE', 'WORKASPACE' ) );
#2516 = ADVANCED_FACE ( 'NONE', ( #233 ), #2375, .F. ) ;
#2517 = ORIENTED_EDGE ( 'NONE', *, *, #2301, .T. ) ;
#2518 = MECHANICAL_DESIGN_GEOMETRIC_PRESENTATION_REPRESENTATION (  '', ( #2402 ), #1181 ) ;
#2519 = CARTESIAN_POINT ( 'NONE',  ( 0.6595266780299818832, 0.3597399999999998932, -0.2967206200255066983 ) ) ;
#2520 = EDGE_CURVE ( 'NONE', #2984, #868, #305, .T. ) ;
#2521 = DIRECTION ( 'NONE',  ( 0.000000000000000000, 0.000000000000000000, 1.000000000000000000 ) ) ;
#2522 =( NAMED_UNIT ( * ) PLANE_ANGLE_UNIT ( ) SI_UNIT ( $, .RADIAN. ) );
#2523 = CARTESIAN_POINT ( 'NONE',  ( 0.4845667396539459215, 0.3596399999999999042, -0.2761733598502852938 ) ) ;
#2524 = ADVANCED_FACE ( 'NONE', ( #1317 ), #3472, .T. ) ;
#2525 = EDGE_CURVE ( 'NONE', #1651, #2189, #3208, .T. ) ;
#2526 = DIRECTION ( 'NONE',  ( 1.000000000000000000, 0.000000000000000000, 0.000000000000000000 ) ) ;
#2527 = DIRECTION ( 'NONE',  ( -0.3371883281319000836, 0.000000000000000000, -0.9414372158416163261 ) ) ;
#2528 = VERTEX_POINT ( 'NONE', #1629 ) ;
#2529 = DIRECTION ( 'NONE',  ( 1.000000000000000000, 0.000000000000000000, 0.000000000000000000 ) ) ;
#2530 = UNCERTAINTY_MEASURE_WITH_UNIT (LENGTH_MEASURE( 1.000000000000000082E-05 ), #340, 'distance_accuracy_value', 'NONE');
#2531 = MECHANICAL_DESIGN_GEOMETRIC_PRESENTATION_REPRESENTATION (  '', ( #2357 ), #1924 ) ;
#2532 = ORIENTED_EDGE ( 'NONE', *, *, #2835, .F. ) ;
#2533 = CARTESIAN_POINT ( 'NONE',  ( 0.5340505671401701848, 0.3596399999999999042, -0.2973072158944790599 ) ) ;
#2534 = CARTESIAN_POINT ( 'NONE',  ( 0.5340505671401701848, 0.3596399999999999042, -0.2973072158944790599 ) ) ;
#2535 = VECTOR ( 'NONE', #273, 1000.000000000000000 ) ;
#2536 = DIRECTION ( 'NONE',  ( 0.000000000000000000, 0.000000000000000000, 1.000000000000000000 ) ) ;
#2537 = LINE ( 'NONE', #127, #1621 ) ;
#2538 =( GEOMETRIC_REPRESENTATION_CONTEXT ( 3 ) GLOBAL_UNCERTAINTY_ASSIGNED_CONTEXT ( ( #1163 ) ) GLOBAL_UNIT_ASSIGNED_CONTEXT ( ( #776, #485, #1258 ) ) REPRESENTATION_CONTEXT ( 'NONE', 'WORKASPACE' ) );
#2539 = ORIENTED_EDGE ( 'NONE', *, *, #1009, .T. ) ;
#2540 = AXIS2_PLACEMENT_3D ( 'NONE', #743, #763, #1600 ) ;
#2541 = PRESENTATION_STYLE_ASSIGNMENT (( #1451 ) ) ;
#2542 = LINE ( 'NONE', #3146, #2547 ) ;
#2543 = FILL_AREA_STYLE_COLOUR ( '', #1740 ) ;
#2544 = CARTESIAN_POINT ( 'NONE',  ( 0.2864516129032258496, -0.01036000000000005146, -0.5500000000000000444 ) ) ;
#2545 = PRESENTATION_LAYER_ASSIGNMENT (  '', '', ( #2135 ) ) ;
#2546 =( NAMED_UNIT ( * ) PLANE_ANGLE_UNIT ( ) SI_UNIT ( $, .RADIAN. ) );
#2547 = VECTOR ( 'NONE', #1796, 1000.000000000000000 ) ;
#2548 = EDGE_LOOP ( 'NONE', ( #602, #3355, #1388, #3302 ) ) ;
#2549 = PLANE ( 'NONE',  #1211 ) ;
#2550 = EDGE_LOOP ( 'NONE', ( #2321, #1424, #3346, #1109 ) ) ;
#2551 = VECTOR ( 'NONE', #2856, 1000.000000000000000 ) ;
#2552 = FILL_AREA_STYLE ('',( #106 ) ) ;
#2553 = CARTESIAN_POINT ( 'NONE',  ( 0.2864516129032258496, -0.01036000000000005146, -0.5500000000000000444 ) ) ;
#2554 =( GEOMETRIC_REPRESENTATION_CONTEXT ( 3 ) GLOBAL_UNCERTAINTY_ASSIGNED_CONTEXT ( ( #1010 ) ) GLOBAL_UNIT_ASSIGNED_CONTEXT ( ( #3386, #118, #2031 ) ) REPRESENTATION_CONTEXT ( 'NONE', 'WORKASPACE' ) );
#2555 = VERTEX_POINT ( 'NONE', #2965 ) ;
#2556 = SURFACE_STYLE_FILL_AREA ( #3348 ) ;
#2557 = CARTESIAN_POINT ( 'NONE',  ( -4.704225277089900462E-17, 0.3492799999999999794, -0.5500000000000000444 ) ) ;
#2558 = DIRECTION ( 'NONE',  ( 0.000000000000000000, 1.000000000000000000, 0.000000000000000000 ) ) ;
#2559 = EDGE_CURVE ( 'NONE', #117, #2170, #2168, .T. ) ;
#2560 = LINE ( 'NONE', #3402, #1292 ) ;
#2561 = CARTESIAN_POINT ( 'NONE',  ( 0.4214667486344135794, 0.3596399999999999042, -0.2655248897291799248 ) ) ;
#2562 = ORIENTED_EDGE ( 'NONE', *, *, #2344, .F. ) ;
#2563 = PLANE ( 'NONE',  #2785 ) ;
#2564 = ADVANCED_FACE ( 'NONE', ( #578 ), #3134, .F. ) ;
#2565 = EDGE_CURVE ( 'NONE', #420, #839, #522, .T. ) ;
#2566 = UNCERTAINTY_MEASURE_WITH_UNIT (LENGTH_MEASURE( 1.000000000000000082E-05 ), #3381, 'distance_accuracy_value', 'NONE');
#2567 = ORIENTED_EDGE ( 'NONE', *, *, #1316, .F. ) ;
#2568 = DIRECTION ( 'NONE',  ( 0.000000000000000000, 0.000000000000000000, 1.000000000000000000 ) ) ;
#2569 = VERTEX_POINT ( 'NONE', #346 ) ;
#2570 =( LENGTH_UNIT ( ) NAMED_UNIT ( * ) SI_UNIT ( .MILLI., .METRE. ) );
#2571 = AXIS2_PLACEMENT_3D ( 'NONE', #1914, #243, #2355 ) ;
#2572 = FILL_AREA_STYLE_COLOUR ( '', #508 ) ;
#2573 = CARTESIAN_POINT ( 'NONE',  ( 0.6204032258064515748, 0.3389200000000000546, -0.5500000000000000444 ) ) ;
#2574 = STYLED_ITEM ( 'NONE', ( #1055 ), #3461 ) ;
#2575 = SURFACE_STYLE_FILL_AREA ( #1781 ) ;
#2576 = CARTESIAN_POINT ( 'NONE',  ( 0.3769782363987051466, 0.3596399999999999042, -0.2616461587604284045 ) ) ;
#2577 = CARTESIAN_POINT ( 'NONE',  ( 0.5462949302101938187, 0.3596399999999999042, -0.3217798548428519867 ) ) ;
#2578 = ORIENTED_EDGE ( 'NONE', *, *, #3451, .T. ) ;
#2579 = CARTESIAN_POINT ( 'NONE',  ( 0.3820297775112107552, 0.3596399999999999042, -0.2303125000000000588 ) ) ;
#2580 = EDGE_CURVE ( 'NONE', #1510, #931, #3057, .T. ) ;
#2581 = SURFACE_SIDE_STYLE ('',( #2844 ) ) ;
#2582 = PRESENTATION_LAYER_ASSIGNMENT (  '', '', ( #962 ) ) ;
#2583 = VERTEX_POINT ( 'NONE', #2506 ) ;
#2584 =( GEOMETRIC_REPRESENTATION_CONTEXT ( 3 ) GLOBAL_UNCERTAINTY_ASSIGNED_CONTEXT ( ( #3323 ) ) GLOBAL_UNIT_ASSIGNED_CONTEXT ( ( #1653, #1401, #1960 ) ) REPRESENTATION_CONTEXT ( 'NONE', 'WORKASPACE' ) );
#2585 = DIRECTION ( 'NONE',  ( 0.000000000000000000, 1.000000000000000000, 0.000000000000000000 ) ) ;
#2586 = DIRECTION ( 'NONE',  ( 0.000000000000000000, 0.000000000000000000, -1.000000000000000000 ) ) ;
#2587 = LINE ( 'NONE', #1268, #2470 ) ;
#2588 = CARTESIAN_POINT ( 'NONE',  ( 0.3494172736732569784, 0.3597399999999998932, -0.2303125000000000588 ) ) ;
#2589 = VECTOR ( 'NONE', #161, 999.9999999999998863 ) ;
#2590 = VECTOR ( 'NONE', #3317, 1000.000000000000000 ) ;
#2591 = CARTESIAN_POINT ( 'NONE',  ( 0.4082349916104447418, 0.3597399999999998932, -0.3217798548428519867 ) ) ;
#2592 = CARTESIAN_POINT ( 'NONE',  ( 0.5340505671401701848, 0.3596399999999999042, -0.2973072158944790599 ) ) ;
#2593 = VECTOR ( 'NONE', #1449, 1000.000000000000000 ) ;
#2594 = DIRECTION ( 'NONE',  ( -1.000000000000000000, 0.000000000000000000, 0.000000000000000000 ) ) ;
#2595 = ADVANCED_FACE ( 'NONE', ( #1439 ), #1694, .T. ) ;
#2596 = VECTOR ( 'NONE', #147, 1000.000000000000000 ) ;
#2597 = UNCERTAINTY_MEASURE_WITH_UNIT (LENGTH_MEASURE( 1.000000000000000082E-05 ), #756, 'distance_accuracy_value', 'NONE');
#2598 = VERTEX_POINT ( 'NONE', #62 ) ;
#2599 = CARTESIAN_POINT ( 'NONE',  ( 0.6156264986602799638, 0.3596399999999999597, -0.2455570591404753755 ) ) ;
#2600 = SURFACE_SIDE_STYLE ('',( #1035 ) ) ;
#2601 = EDGE_CURVE ( 'NONE', #3014, #901, #2265, .T. ) ;
#2602 = FACE_OUTER_BOUND ( 'NONE', #1958, .T. ) ;
#2603 = VERTEX_POINT ( 'NONE', #1710 ) ;
#2604 = CARTESIAN_POINT ( 'NONE',  ( 0.4846074325881031264, 0.3597399999999999487, -0.2746338298333769190 ) ) ;
#2605 = SURFACE_SIDE_STYLE ('',( #3397 ) ) ;
#2606 = DIRECTION ( 'NONE',  ( 0.000000000000000000, 1.000000000000000000, 0.000000000000000000 ) ) ;
#2607 = CARTESIAN_POINT ( 'NONE',  ( 0.6128253512280777970, 0.3596399999999999042, -0.2529653581143512242 ) ) ;
#2608 = EDGE_CURVE ( 'NONE', #490, #2196, #1970, .T. ) ;
#2609 = VECTOR ( 'NONE', #2529, 1000.000000000000000 ) ;
#2610 = VERTEX_POINT ( 'NONE', #3092 ) ;
#2611 = LINE ( 'NONE', #2837, #3449 ) ;
#2612 = LINE ( 'NONE', #2852, #2078 ) ;
#2613 = ORIENTED_EDGE ( 'NONE', *, *, #1947, .T. ) ;
#2614 = VERTEX_POINT ( 'NONE', #2760 ) ;
#2615 = SURFACE_STYLE_FILL_AREA ( #3159 ) ;
#2616 = LINE ( 'NONE', #2389, #576 ) ;
#2617 =( NAMED_UNIT ( * ) PLANE_ANGLE_UNIT ( ) SI_UNIT ( $, .RADIAN. ) );
#2618 = EDGE_LOOP ( 'NONE', ( #2107, #3181, #2578, #2696 ) ) ;
#2619 = ADVANCED_FACE ( 'NONE', ( #3333, #913 ), #81, .F. ) ;
#2620 = LINE ( 'NONE', #2678, #2706 ) ;
#2621 = LINE ( 'NONE', #1078, #3019 ) ;
#2622 =( BOUNDED_CURVE ( )  B_SPLINE_CURVE ( 3, ( #905, #1432, #1138, #1381, #2436, #623, #281 ),
 .UNSPECIFIED., .F., .F. ) 
 B_SPLINE_CURVE_WITH_KNOTS ( ( 4, 3, 4 ),
 ( 0.7500000000000001110, 1.000000000000000000, 1.250000000000000000 ),
 .UNSPECIFIED. ) 
 CURVE ( )  GEOMETRIC_REPRESENTATION_ITEM ( )  RATIONAL_B_SPLINE_CURVE ( ( 0.5000000000000000000, 0.5000000000000002220, 0.6666666666666668517, 1.000000000000000000, 0.6666666666666667407, 0.5000000000000000000, 0.5000000000000000000 ) ) 
 REPRESENTATION_ITEM ( '' )  );
#2623 = FILL_AREA_STYLE_COLOUR ( '', #579 ) ;
#2624 = LINE ( 'NONE', #1062, #1963 ) ;
#2625 = ORIENTED_EDGE ( 'NONE', *, *, #1272, .T. ) ;
#2626 = DIRECTION ( 'NONE',  ( 0.000000000000000000, 0.000000000000000000, -1.000000000000000000 ) ) ;
#2627 = EDGE_CURVE ( 'NONE', #3132, #420, #2211, .T. ) ;
#2628 = SURFACE_STYLE_FILL_AREA ( #1046 ) ;
#2629 = FILL_AREA_STYLE ('',( #1104 ) ) ;
#2630 = PLANE ( 'NONE',  #2313 ) ;
#2631 = VECTOR ( 'NONE', #1761, 1000.000000000000000 ) ;
#2632 = EDGE_LOOP ( 'NONE', ( #2908, #3170, #2468, #621, #792, #834, #361, #368 ) ) ;
#2633 = STYLED_ITEM ( 'NONE', ( #570 ), #3260 ) ;
#2634 = UNCERTAINTY_MEASURE_WITH_UNIT (LENGTH_MEASURE( 1.000000000000000082E-05 ), #3001, 'distance_accuracy_value', 'NONE');
#2635 = PRODUCT_DEFINITION_SHAPE ( 'NONE', 'NONE',  #1415 ) ;
#2636 = MECHANICAL_DESIGN_GEOMETRIC_PRESENTATION_REPRESENTATION (  '', ( #845 ), #2928 ) ;
#2637 = ORIENTED_EDGE ( 'NONE', *, *, #1720, .T. ) ;
#2638 = ORIENTED_EDGE ( 'NONE', *, *, #1674, .F. ) ;
#2639 = VECTOR ( 'NONE', #2145, 1000.000000000000000 ) ;
#2640 = LINE ( 'NONE', #1342, #119 ) ;
#2641 = PLANE ( 'NONE',  #2032 ) ;
#2642 = LINE ( 'NONE', #750, #2936 ) ;
#2643 = LINE ( 'NONE', #3185, #100 ) ;
#2644 = ORIENTED_EDGE ( 'NONE', *, *, #1989, .F. ) ;
#2645 = VECTOR ( 'NONE', #204, 1000.000000000000227 ) ;
#2646 =( BOUNDED_CURVE ( )  B_SPLINE_CURVE ( 3, ( #2886, #3435, #1503, #2329 ),
 .UNSPECIFIED., .F., .T. ) 
 B_SPLINE_CURVE_WITH_KNOTS ( ( 4, 4 ),
 ( 0.5357290076124403555, 1.000000000000000000 ),
 .UNSPECIFIED. ) 
 CURVE ( )  GEOMETRIC_REPRESENTATION_ITEM ( )  RATIONAL_B_SPLINE_CURVE ( ( 0.9558867503804143739, 0.7795185758902162254, 0.7942229924300781008, 1.000000000000000000 ) ) 
 REPRESENTATION_ITEM ( '' )  );
#2647 = DIRECTION ( 'NONE',  ( -1.499527228704650347E-16, -1.000000000000000000, 0.000000000000000000 ) ) ;
#2648 = PLANE ( 'NONE',  #3108 ) ;
#2649 = ORIENTED_EDGE ( 'NONE', *, *, #3451, .F. ) ;
#2650 = VECTOR ( 'NONE', #3247, 1000.000000000000000 ) ;
#2651 = STYLED_ITEM ( 'NONE', ( #2675 ), #1005 ) ;
#2652 = CARTESIAN_POINT ( 'NONE',  ( 0.4845667396539459770, 0.3596399999999998487, -0.2637734756351787224 ) ) ;
#2653 = AXIS2_PLACEMENT_3D ( 'NONE', #1641, #1998, #2255 ) ;
#2654 = ORIENTED_EDGE ( 'NONE', *, *, #1145, .T. ) ;
#2655 = DIRECTION ( 'NONE',  ( 0.000000000000000000, -0.000000000000000000, 1.000000000000000000 ) ) ;
#2656 = VECTOR ( 'NONE', #837, 1000.000000000000000 ) ;
#2657 = ADVANCED_FACE ( 'NONE', ( #1456 ), #3039, .T. ) ;
#2658 = LINE ( 'NONE', #3143, #744 ) ;
#2659 = VERTEX_POINT ( 'NONE', #1991 ) ;
#2660 = DIRECTION ( 'NONE',  ( 0.000000000000000000, 0.000000000000000000, -1.000000000000000000 ) ) ;
#2661 = CARTESIAN_POINT ( 'NONE',  ( 0.5048533232707470564, 0.3596399999999999042, -0.2973072158944790599 ) ) ;
#2662 = CARTESIAN_POINT ( 'NONE',  ( 1.022903225806451655, 0.000000000000000000, 0.000000000000000000 ) ) ;
#2663 = EDGE_CURVE ( 'NONE', #356, #820, #3300, .T. ) ;
#2664 = ORIENTED_EDGE ( 'NONE', *, *, #1270, .F. ) ;
#2665 = DIRECTION ( 'NONE',  ( -0.4536948737871142057, 0.000000000000000000, 0.8911570913701436503 ) ) ;
#2666 = PRESENTATION_LAYER_ASSIGNMENT (  '', '', ( #2494 ) ) ;
#2667 = CARTESIAN_POINT ( 'NONE',  ( 0.4609292208296680293, 0.3596399999999998487, -0.3065352957023768088 ) ) ;
#2668 = LINE ( 'NONE', #1572, #965 ) ;
#2669 = VECTOR ( 'NONE', #848, 1000.000000000000000 ) ;
#2670 = ADVANCED_FACE ( 'NONE', ( #1955 ), #649, .T. ) ;
#2671 = CARTESIAN_POINT ( 'NONE',  ( 0.4391568664862917082, 0.3597399999999998932, -0.3217798548428519867 ) ) ;
#2672 = ORIENTED_EDGE ( 'NONE', *, *, #1770, .T. ) ;
#2673 =( NAMED_UNIT ( * ) SI_UNIT ( $, .STERADIAN. ) SOLID_ANGLE_UNIT ( ) );
#2674 = EDGE_CURVE ( 'NONE', #1775, #859, #2489, .T. ) ;
#2675 = PRESENTATION_STYLE_ASSIGNMENT (( #1828 ) ) ;
#2676 = EDGE_CURVE ( 'NONE', #2428, #349, #1802, .T. ) ;
#2677 = ORIENTED_EDGE ( 'NONE', *, *, #1643, .T. ) ;
#2678 = CARTESIAN_POINT ( 'NONE',  ( 1.022903225806451655, 0.000000000000000000, -0.5500000000000000444 ) ) ;
#2679 = CARTESIAN_POINT ( 'NONE',  ( 0.6128253512280777970, 0.3597399999999998932, -0.3217798548428519867 ) ) ;
#2680 = CARTESIAN_POINT ( 'NONE',  ( 0.4024999999999999689, 0.3492800000000000349, -0.5500000000000000444 ) ) ;
#2681 = ORIENTED_EDGE ( 'NONE', *, *, #2301, .F. ) ;
#2682 = DIRECTION ( 'NONE',  ( -1.000000000000000000, 0.000000000000000000, 0.000000000000000000 ) ) ;
#2683 = SURFACE_STYLE_FILL_AREA ( #1570 ) ;
#2684 = LINE ( 'NONE', #557, #2351 ) ;
#2685 = PLANE ( 'NONE',  #1120 ) ;
#2686 = EDGE_LOOP ( 'NONE', ( #228, #504, #832, #2102 ) ) ;
#2687 = CARTESIAN_POINT ( 'NONE',  ( 0.5092364049153704775, 0.3596399999999999042, -0.2555386749538506863 ) ) ;
#2688 = VERTEX_POINT ( 'NONE', #3105 ) ;
#2689 = ORIENTED_EDGE ( 'NONE', *, *, #3150, .F. ) ;
#2690 = SURFACE_STYLE_FILL_AREA ( #793 ) ;
#2691 = AXIS2_PLACEMENT_3D ( 'NONE', #1324, #1036, #1830 ) ;
#2692 = DIRECTION ( 'NONE',  ( 1.000000000000000000, 0.000000000000000000, -0.000000000000000000 ) ) ;
#2693 = SURFACE_STYLE_USAGE ( .BOTH. , #3478 ) ;
#2694 = VERTEX_POINT ( 'NONE', #1517 ) ;
#2695 = EDGE_CURVE ( 'NONE', #3158, #2441, #684, .T. ) ;
#2696 = ORIENTED_EDGE ( 'NONE', *, *, #3021, .T. ) ;
#2697 = CARTESIAN_POINT ( 'NONE',  ( 0.5048294001993700597, 0.3597399999999998932, -0.3217798548428519867 ) ) ;
#2698 = FACE_OUTER_BOUND ( 'NONE', #3230, .T. ) ;
#2699 = LINE ( 'NONE', #2120, #2296 ) ;
#2700 = ORIENTED_EDGE ( 'NONE', *, *, #326, .F. ) ;
#2701 = CARTESIAN_POINT ( 'NONE',  ( 0.3817993657853980816, 0.3596399999999999042, -0.3217798548428519867 ) ) ;
#2702 = CARTESIAN_POINT ( 'NONE',  ( -4.704225277089900462E-17, 0.3492799999999999794, -0.5500000000000000444 ) ) ;
#2703 = FACE_OUTER_BOUND ( 'NONE', #308, .T. ) ;
#2704 = SURFACE_STYLE_FILL_AREA ( #810 ) ;
#2705 = AXIS2_PLACEMENT_3D ( 'NONE', #2242, #877, #1985 ) ;
#2706 = VECTOR ( 'NONE', #3465, 1000.000000000000000 ) ;
#2707 = CARTESIAN_POINT ( 'NONE',  ( 0.4845667396539459215, 0.3596399999999999042, -0.2761733598502854048 ) ) ;
#2708 = ORIENTED_EDGE ( 'NONE', *, *, #2695, .F. ) ;
#2709 = VECTOR ( 'NONE', #465, 1000.000000000000000 ) ;
#2710 = EDGE_LOOP ( 'NONE', ( #2562, #571, #2331, #2205 ) ) ;
#2711 = CARTESIAN_POINT ( 'NONE',  ( 0.000000000000000000, 0.3389200000000000546, 0.000000000000000000 ) ) ;
#2712 = EDGE_CURVE ( 'NONE', #1794, #40, #2362, .T. ) ;
#2713 = VECTOR ( 'NONE', #1350, 1000.000000000000000 ) ;
#2714 = FACE_OUTER_BOUND ( 'NONE', #1758, .T. ) ;
#2715 = EDGE_LOOP ( 'NONE', ( #936, #2406, #2509, #590 ) ) ;
#2716 = ORIENTED_EDGE ( 'NONE', *, *, #2451, .T. ) ;
#2717 = EDGE_CURVE ( 'NONE', #1624, #2083, #757, .T. ) ;
#2718 = CARTESIAN_POINT ( 'NONE',  ( 0.6793722664423087476, 0.3597399999999998932, -0.2760461774214260644 ) ) ;
#2719 =( NAMED_UNIT ( * ) SI_UNIT ( $, .STERADIAN. ) SOLID_ANGLE_UNIT ( ) );
#2720 = STYLED_ITEM ( 'NONE', ( #624 ), #1954 ) ;
#2721 = CARTESIAN_POINT ( 'NONE',  ( 0.6156264986602797418, 0.3596399999999997377, -0.1845788225785738590 ) ) ;
#2722 = EDGE_LOOP ( 'NONE', ( #2495, #290, #1445, #1315 ) ) ;
#2723 = EDGE_CURVE ( 'NONE', #868, #2569, #1006, .T. ) ;
#2724 = AXIS2_PLACEMENT_3D ( 'NONE', #968, #710, #3081 ) ;
#2725 = CARTESIAN_POINT ( 'NONE',  ( 0.5092364049153704775, 0.3597399999999998932, -0.2555386749538506863 ) ) ;
#2726 = STYLED_ITEM ( 'NONE', ( #918 ), #371 ) ;
#2727 = ORIENTED_EDGE ( 'NONE', *, *, #1836, .T. ) ;
#2728 = SURFACE_STYLE_FILL_AREA ( #1161 ) ;
#2729 = CARTESIAN_POINT ( 'NONE',  ( 0.6814767677148327873, 0.3597399999999998377, -0.2303124999999999756 ) ) ;
#2730 = ORIENTED_EDGE ( 'NONE', *, *, #1486, .T. ) ;
#2731 = STYLED_ITEM ( 'NONE', ( #3010 ), #234 ) ;
#2732 = EDGE_LOOP ( 'NONE', ( #2708, #1683, #1215, #611 ) ) ;
#2733 = DIRECTION ( 'NONE',  ( -1.000000000000000000, 0.000000000000000000, 0.000000000000000000 ) ) ;
#2734 = SURFACE_STYLE_USAGE ( .BOTH. , #872 ) ;
#2735 =( NAMED_UNIT ( * ) PLANE_ANGLE_UNIT ( ) SI_UNIT ( $, .RADIAN. ) );
#2736 = EDGE_CURVE ( 'NONE', #516, #3496, #2612, .T. ) ;
#2737 = EDGE_LOOP ( 'NONE', ( #1369, #2285 ) ) ;
#2738 = DIRECTION ( 'NONE',  ( 0.000000000000000000, 0.000000000000000000, 1.000000000000000000 ) ) ;
#2739 =( LENGTH_UNIT ( ) NAMED_UNIT ( * ) SI_UNIT ( .MILLI., .METRE. ) );
#2740 = LINE ( 'NONE', #906, #1071 ) ;
#2741 = CARTESIAN_POINT ( 'NONE',  ( 0.3494172736732569784, 0.3597399999999998932, -0.2616461587604284045 ) ) ;
#2742 = EDGE_CURVE ( 'NONE', #2447, #2491, #2646, .T. ) ;
#2743 = CARTESIAN_POINT ( 'NONE',  ( 0.4024999999999999689, 0.3389200000000000546, -0.5500000000000000444 ) ) ;
#2744 =( BOUNDED_CURVE ( )  B_SPLINE_CURVE ( 3, ( #96, #2210, #2815, #609, #342, #907, #2523 ),
 .UNSPECIFIED., .F., .T. ) 
 B_SPLINE_CURVE_WITH_KNOTS ( ( 4, 3, 4 ),
 ( 0.000000000000000000, 0.5000000000000000000, 0.5357290076124403555 ),
 .UNSPECIFIED. ) 
 CURVE ( )  GEOMETRIC_REPRESENTATION_ITEM ( )  RATIONAL_B_SPLINE_CURVE ( ( 1.000000000000000000, 0.7783869647857027951, 0.7783869647857027951, 1.000000000000000000, 0.9841639723556246944, 0.9694595558157628190, 0.9558867503804143739 ) ) 
 REPRESENTATION_ITEM ( '' )  );
#2745 = ORIENTED_EDGE ( 'NONE', *, *, #586, .F. ) ;
#2746 = CARTESIAN_POINT ( 'NONE',  ( 1.022903225806451655, 0.3492799999999999794, -0.5500000000000000444 ) ) ;
#2747 = COLOUR_RGB ( '',0.8509803921568627194, 0.8509803921568627194, 0.8509803921568627194 ) ;
#2748 = CARTESIAN_POINT ( 'NONE',  ( 0.000000000000000000, 0.000000000000000000, -0.5500000000000000444 ) ) ;
#2749 = ORIENTED_EDGE ( 'NONE', *, *, #2608, .T. ) ;
#2750 = ORIENTED_EDGE ( 'NONE', *, *, #3248, .T. ) ;
#2751 = CARTESIAN_POINT ( 'NONE',  ( 0.000000000000000000, 0.000000000000000000, -0.5500000000000000444 ) ) ;
#2752 = CARTESIAN_POINT ( 'NONE',  ( 1.022903225806451655, -0.01035999999999994911, -0.5500000000000000444 ) ) ;
#2753 = ORIENTED_EDGE ( 'NONE', *, *, #1730, .F. ) ;
#2754 = EDGE_CURVE ( 'NONE', #212, #2238, #2906, .T. ) ;
#2755 = CARTESIAN_POINT ( 'NONE',  ( -5.082197683525802034E-17, 0.3389200000000000546, -0.5500000000000000444 ) ) ;
#2756 = SURFACE_STYLE_FILL_AREA ( #1918 ) ;
#2757 = PRESENTATION_STYLE_ASSIGNMENT (( #1191 ) ) ;
#2758 = SURFACE_STYLE_FILL_AREA ( #2800 ) ;
#2759 = LINE ( 'NONE', #2816, #1017 ) ;
#2760 = CARTESIAN_POINT ( 'NONE',  ( 0.5018004237649130728, 0.3597399999999998932, -0.2648328402104253021 ) ) ;
#2761 = ORIENTED_EDGE ( 'NONE', *, *, #765, .T. ) ;
#2762 = VECTOR ( 'NONE', #1286, 1000.000000000000000 ) ;
#2763 = ORIENTED_EDGE ( 'NONE', *, *, #1085, .F. ) ;
#2764 = PRESENTATION_LAYER_ASSIGNMENT (  '', '', ( #572 ) ) ;
#2765 =( GEOMETRIC_REPRESENTATION_CONTEXT ( 3 ) GLOBAL_UNCERTAINTY_ASSIGNED_CONTEXT ( ( #1230 ) ) GLOBAL_UNIT_ASSIGNED_CONTEXT ( ( #612, #3091, #1726 ) ) REPRESENTATION_CONTEXT ( 'NONE', 'WORKASPACE' ) );
#2766 = ORIENTED_EDGE ( 'NONE', *, *, #790, .T. ) ;
#2767 = VERTEX_POINT ( 'NONE', #2315 ) ;
#2768 = COLOUR_RGB ( '',0.7921568627450980005, 0.8196078431372548767, 0.9333333333333333481 ) ;
#2769 = LINE ( 'NONE', #1931, #2656 ) ;
#2770 = LINE ( 'NONE', #2995, #1477 ) ;
#2771 = CARTESIAN_POINT ( 'NONE',  ( 0.7034268573996839136, 0.3596399999999997377, -0.1845788225785738590 ) ) ;
#2772 = MECHANICAL_DESIGN_GEOMETRIC_PRESENTATION_REPRESENTATION (  '', ( #2480 ), #68 ) ;
#2773 = ORIENTED_EDGE ( 'NONE', *, *, #1170, .F. ) ;
#2774 = VECTOR ( 'NONE', #2879, 1000.000000000000000 ) ;
#2775 =( NAMED_UNIT ( * ) PLANE_ANGLE_UNIT ( ) SI_UNIT ( $, .RADIAN. ) );
#2776 = DIRECTION ( 'NONE',  ( -1.000000000000000000, 0.000000000000000000, 0.000000000000000000 ) ) ;
#2777 = DIRECTION ( 'NONE',  ( 0.000000000000000000, 0.000000000000000000, 1.000000000000000000 ) ) ;
#2778 = CARTESIAN_POINT ( 'NONE',  ( 1.022903225806451655, 0.000000000000000000, -0.5500000000000000444 ) ) ;
#2779 = ORIENTED_EDGE ( 'NONE', *, *, #656, .T. ) ;
#2780 = FILL_AREA_STYLE_COLOUR ( '', #1302 ) ;
#2781 = VERTEX_POINT ( 'NONE', #484 ) ;
#2783 = EDGE_CURVE ( 'NONE', #1333, #2598, #3403, .T. ) ;
#2782 = ORIENTED_EDGE ( 'NONE', *, *, #3315, .T. ) ;
#2784 = DIRECTION ( 'NONE',  ( 0.000000000000000000, 1.000000000000000000, 0.000000000000000000 ) ) ;
#2785 = AXIS2_PLACEMENT_3D ( 'NONE', #3336, #1183, #1767 ) ;
#2786 = DIRECTION ( 'NONE',  ( 0.000000000000000000, 0.000000000000000000, 1.000000000000000000 ) ) ;
#2787 = UNCERTAINTY_MEASURE_WITH_UNIT (LENGTH_MEASURE( 1.000000000000000082E-05 ), #1474, 'distance_accuracy_value', 'NONE');
#2788 = VERTEX_POINT ( 'NONE', #198 ) ;
#2789 = EDGE_CURVE ( 'NONE', #2390, #2614, #1274, .T. ) ;
#2790 = ORIENTED_EDGE ( 'NONE', *, *, #277, .F. ) ;
#2791 = ADVANCED_FACE ( 'NONE', ( #210 ), #1291, .F. ) ;
#2792 = DIRECTION ( 'NONE',  ( 0.000000000000000000, -0.000000000000000000, -1.000000000000000000 ) ) ;
#2793 = CARTESIAN_POINT ( 'NONE',  ( 0.000000000000000000, 0.000000000000000000, -0.5500000000000000444 ) ) ;
#2794 = DIRECTION ( 'NONE',  ( 1.499527228704650101E-16, -1.000000000000000000, 0.000000000000000000 ) ) ;
#2795 = ADVANCED_FACE ( 'NONE', ( #3173 ), #2630, .F. ) ;
#2796 = CLOSED_SHELL ( 'NONE', ( #916, #3420, #592, #2412, #1633, #1309, #1107, #548, #3459, #1678 ) ) ;
#2797 = VERTEX_POINT ( 'NONE', #2045 ) ;
#2798 = FACE_OUTER_BOUND ( 'NONE', #584, .T. ) ;
#2799 = CARTESIAN_POINT ( 'NONE',  ( 1.022903225806451655, 0.3389200000000000546, -0.5500000000000000444 ) ) ;
#2800 = FILL_AREA_STYLE ('',( #1967 ) ) ;
#2801 = PLANE ( 'NONE',  #3008 ) ;
#2802 = CARTESIAN_POINT ( 'NONE',  ( 0.4162656377731673296, 0.3596399999999999042, -0.3217798548428519867 ) ) ;
#2803 = VERTEX_POINT ( 'NONE', #2299 ) ;
#2804 = LINE ( 'NONE', #943, #3128 ) ;
#2805 = ORIENTED_EDGE ( 'NONE', *, *, #3131, .T. ) ;
#2806 = LINE ( 'NONE', #391, #911 ) ;
#2807 = CARTESIAN_POINT ( 'NONE',  ( 0.4845667396539459215, 0.3597399999999999487, -0.2761733598502852938 ) ) ;
#2808 = CARTESIAN_POINT ( 'NONE',  ( 0.6793722664423086366, 0.3596399999999999042, -0.2760461774214260644 ) ) ;
#2809 = CARTESIAN_POINT ( 'NONE',  ( 0.3769782363987051466, 0.3596399999999999042, -0.2616461587604284045 ) ) ;
#2810 = VECTOR ( 'NONE', #134, 1000.000000000000000 ) ;
#2811 = EDGE_LOOP ( 'NONE', ( #2822, #384, #1901, #3009 ) ) ;
#2812 = DIRECTION ( 'NONE',  ( 0.000000000000000000, 0.000000000000000000, -1.000000000000000000 ) ) ;
#2813 = CARTESIAN_POINT ( 'NONE',  ( 0.5462949302101938187, 0.3597399999999998932, -0.2303125000000000588 ) ) ;
#2814 = CARTESIAN_POINT ( 'NONE',  ( 0.4845667396539459215, 0.3596399999999999042, -0.2761733598502852938 ) ) ;
#2815 = CARTESIAN_POINT ( 'NONE',  ( 0.4860927035676773644, 0.3596399999999999042, -0.2604799541543775798 ) ) ;
#2816 = CARTESIAN_POINT ( 'NONE',  ( 0.6083538709714563231, 0.3597399999999998932, -0.2658365140879892508 ) ) ;
#2817 = SURFACE_STYLE_USAGE ( .BOTH. , #2003 ) ;
#2818 = EDGE_LOOP ( 'NONE', ( #2180, #1101, #388, #2782 ) ) ;
#2819 = CARTESIAN_POINT ( 'NONE',  ( 0.4162656377731673296, 0.3596399999999999042, -0.3217798548428519867 ) ) ;
#2820 = VECTOR ( 'NONE', #1626, 1000.000000000000000 ) ;
#2821 = UNCERTAINTY_MEASURE_WITH_UNIT (LENGTH_MEASURE( 1.000000000000000082E-05 ), #2920, 'distance_accuracy_value', 'NONE');
#2822 = ORIENTED_EDGE ( 'NONE', *, *, #3307, .F. ) ;
#2823 = FACE_OUTER_BOUND ( 'NONE', #1752, .T. ) ;
#2824 = PRESENTATION_STYLE_ASSIGNMENT (( #425 ) ) ;
#2825 = STYLED_ITEM ( 'NONE', ( #933 ), #914 ) ;
#2826 = DIRECTION ( 'NONE',  ( 1.000000000000000000, 0.000000000000000000, 0.000000000000000000 ) ) ;
#2827 = VECTOR ( 'NONE', #718, 1000.000000000000000 ) ;
#2828 = ORIENTED_EDGE ( 'NONE', *, *, #512, .T. ) ;
#2829 = AXIS2_PLACEMENT_3D ( 'NONE', #2049, #3180, #1322 ) ;
#2830 = EDGE_CURVE ( 'NONE', #1754, #212, #961, .T. ) ;
#2831 =( NAMED_UNIT ( * ) PLANE_ANGLE_UNIT ( ) SI_UNIT ( $, .RADIAN. ) );
#2832 = DIRECTION ( 'NONE',  ( -1.346834996876403062E-16, 1.000000000000000000, 0.000000000000000000 ) ) ;
#2833 = CARTESIAN_POINT ( 'NONE',  ( 0.5048533232707470564, 0.3597399999999998932, -0.2761733598502854048 ) ) ;
#2834 = SURFACE_SIDE_STYLE ('',( #1536 ) ) ;
#2835 = EDGE_CURVE ( 'NONE', #1318, #664, #990, .T. ) ;
#2836 = EDGE_CURVE ( 'NONE', #2273, #87, #448, .T. ) ;
#2837 = CARTESIAN_POINT ( 'NONE',  ( 0.5018004237649130728, 0.3596399999999999042, -0.2648328402104253021 ) ) ;
#2838 = DIRECTION ( 'NONE',  ( 0.000000000000000000, -1.000000000000000000, 0.000000000000000000 ) ) ;
#2839 = ORIENTED_EDGE ( 'NONE', *, *, #2836, .F. ) ;
#2840 = LINE ( 'NONE', #2270, #2440 ) ;
#2841 = APPLICATION_CONTEXT ( 'automotive_design' ) ;
#2842 = ORIENTED_EDGE ( 'NONE', *, *, #2147, .T. ) ;
#2843 = CARTESIAN_POINT ( 'NONE',  ( 0.4134138730553348351, 0.3596399999999999042, -0.2432824071808737110 ) ) ;
#2844 = SURFACE_STYLE_FILL_AREA ( #3392 ) ;
#2845 = CARTESIAN_POINT ( 'NONE',  ( 0.3769782363987051466, 0.3596399999999999042, -0.2303125000000000588 ) ) ;
#2846 = AXIS2_PLACEMENT_3D ( 'NONE', #2058, #1257, #3154 ) ;
#2847 = ORIENTED_EDGE ( 'NONE', *, *, #2147, .F. ) ;
#2848 = DIRECTION ( 'NONE',  ( -0.4536948737871142057, -0.000000000000000000, -0.8911570913701436503 ) ) ;
#2849 = CARTESIAN_POINT ( 'NONE',  ( 0.000000000000000000, 0.000000000000000000, -0.5500000000000000444 ) ) ;
#2850 = MECHANICAL_DESIGN_GEOMETRIC_PRESENTATION_REPRESENTATION (  '', ( #2731 ), #1328 ) ;
#2851 = FILL_AREA_STYLE_COLOUR ( '', #2028 ) ;
#2852 = CARTESIAN_POINT ( 'NONE',  ( 1.036451612903225961, -1.276379741199286193E-19, 0.000000000000000000 ) ) ;
#2853 = EDGE_CURVE ( 'NONE', #3490, #1843, #182, .T. ) ;
#2854 = CARTESIAN_POINT ( 'NONE',  ( 0.7364516129032256941, 0.000000000000000000, 0.000000000000000000 ) ) ;
#2855 = VERTEX_POINT ( 'NONE', #3152 ) ;
#2856 = DIRECTION ( 'NONE',  ( 1.000000000000000000, 0.000000000000000000, 0.000000000000000000 ) ) ;
#2857 = SURFACE_STYLE_FILL_AREA ( #2552 ) ;
#2858 = CARTESIAN_POINT ( 'NONE',  ( -0.01354838709677419310, -1.276379741199286193E-19, -0.5500000000000000444 ) ) ;
#2859 = EDGE_LOOP ( 'NONE', ( #2842, #1579, #991, #1160 ) ) ;
#2860 = CARTESIAN_POINT ( 'NONE',  ( 0.6128253512280777970, 0.3597399999999998932, -0.2981571804488010735 ) ) ;
#2861 = LINE ( 'NONE', #2026, #1146 ) ;
#2862 = VECTOR ( 'NONE', #2161, 1000.000000000000000 ) ;
#2863 = PRESENTATION_STYLE_ASSIGNMENT (( #1535 ) ) ;
#2864 =( NAMED_UNIT ( * ) PLANE_ANGLE_UNIT ( ) SI_UNIT ( $, .RADIAN. ) );
#2865 = VECTOR ( 'NONE', #2568, 1000.000000000000000 ) ;
#2866 = LINE ( 'NONE', #1857, #1737 ) ;
#2867 = DIRECTION ( 'NONE',  ( -1.000000000000000000, 0.000000000000000000, 0.000000000000000000 ) ) ;
#2868 = PRESENTATION_LAYER_ASSIGNMENT (  '', '', ( #845 ) ) ;
#2869 = CARTESIAN_POINT ( 'NONE',  ( 0.3817993657853980816, 0.3596399999999999042, -0.3217798548428519867 ) ) ;
#2870 = EDGE_CURVE ( 'NONE', #238, #1510, #2668, .T. ) ;
#2871 = ORIENTED_EDGE ( 'NONE', *, *, #248, .F. ) ;
#2872 = SURFACE_SIDE_STYLE ('',( #1755 ) ) ;
#2873 = CARTESIAN_POINT ( 'NONE',  ( 0.3820297775112107552, 0.3596399999999999042, -0.2303125000000000588 ) ) ;
#2874 = DIRECTION ( 'NONE',  ( 0.000000000000000000, 0.000000000000000000, -1.000000000000000000 ) ) ;
#2875 = AXIS2_PLACEMENT_3D ( 'NONE', #1251, #445, #987 ) ;
#2876 = ORIENTED_EDGE ( 'NONE', *, *, #1486, .F. ) ;
#2877 =( GEOMETRIC_REPRESENTATION_CONTEXT ( 3 ) GLOBAL_UNCERTAINTY_ASSIGNED_CONTEXT ( ( #165 ) ) GLOBAL_UNIT_ASSIGNED_CONTEXT ( ( #2570, #2831, #414 ) ) REPRESENTATION_CONTEXT ( 'NONE', 'WORKASPACE' ) );
#2878 = LINE ( 'NONE', #1266, #1744 ) ;
#2879 = DIRECTION ( 'NONE',  ( 1.000000000000000000, 0.000000000000000000, 0.000000000000000000 ) ) ;
#2880 = FILL_AREA_STYLE ('',( #2572 ) ) ;
#2881 = PRESENTATION_STYLE_ASSIGNMENT (( #3383 ) ) ;
#2882 = VECTOR ( 'NONE', #3237, 1000.000000000000114 ) ;
#2883 = VECTOR ( 'NONE', #2332, 1000.000000000000000 ) ;
#2884 = VECTOR ( 'NONE', #1490, 1000.000000000000000 ) ;
#2885 = DIRECTION ( 'NONE',  ( 1.000000000000000000, 0.000000000000000000, 0.000000000000000000 ) ) ;
#2886 = CARTESIAN_POINT ( 'NONE',  ( 0.4845667396539459215, 0.3597399999999999487, -0.2761733598502852938 ) ) ;
#2887 = MECHANICAL_DESIGN_GEOMETRIC_PRESENTATION_REPRESENTATION (  '', ( #229 ), #805 ) ;
#2888 = MANIFOLD_SOLID_BREP ( 'Lead2', #2796 ) ;
#2889 = VECTOR ( 'NONE', #3048, 1000.000000000000000 ) ;
#2890 = DIRECTION ( 'NONE',  ( 0.000000000000000000, 0.000000000000000000, 1.000000000000000000 ) ) ;
#2891 = EDGE_CURVE ( 'NONE', #2266, #3218, #2125, .T. ) ;
#2892 = VERTEX_POINT ( 'NONE', #285 ) ;
#2893 = DIRECTION ( 'NONE',  ( 0.000000000000000000, 0.000000000000000000, -1.000000000000000000 ) ) ;
#2894 = EDGE_CURVE ( 'NONE', #498, #1982, #1314, .T. ) ;
#2895 = EDGE_CURVE ( 'NONE', #901, #2659, #1879, .T. ) ;
#2896 = ORIENTED_EDGE ( 'NONE', *, *, #808, .T. ) ;
#2897 = LINE ( 'NONE', #767, #1978 ) ;
#2898 = DIRECTION ( 'NONE',  ( 0.000000000000000000, 1.000000000000000000, 0.000000000000000000 ) ) ;
#2899 = SURFACE_SIDE_STYLE ('',( #2069 ) ) ;
#2900 = DIRECTION ( 'NONE',  ( -1.000000000000000000, 0.000000000000000000, 0.000000000000000000 ) ) ;
#2901 = AXIS2_PLACEMENT_3D ( 'NONE', #2701, #2144, #1271 ) ;
#2902 = ORIENTED_EDGE ( 'NONE', *, *, #2455, .T. ) ;
#2903 = CARTESIAN_POINT ( 'NONE',  ( 0.3181605184615174386, 0.3596399999999999042, -0.3217798548428519867 ) ) ;
#2904 = SURFACE_STYLE_USAGE ( .BOTH. , #262 ) ;
#2905 = CARTESIAN_POINT ( 'NONE',  ( 0.6083538709714563231, 0.3596399999999999042, -0.2658365140879892508 ) ) ;
#2906 = LINE ( 'NONE', #2576, #2364 ) ;
#2907 = SURFACE_SIDE_STYLE ('',( #1736 ) ) ;
#2908 = ORIENTED_EDGE ( 'NONE', *, *, #3095, .F. ) ;
#2909 = SURFACE_STYLE_USAGE ( .BOTH. , #3192 ) ;
#2910 = MANIFOLD_SOLID_BREP ( 'Scale1[5]', #2154 ) ;
#2911 = DIRECTION ( 'NONE',  ( -9.420898089804255066E-18, 1.000000000000000000, 0.000000000000000000 ) ) ;
#2912 = ORIENTED_EDGE ( 'NONE', *, *, #2991, .T. ) ;
#2913 = LINE ( 'NONE', #3428, #451 ) ;
#2914 = DIRECTION ( 'NONE',  ( 0.000000000000000000, 0.000000000000000000, 1.000000000000000000 ) ) ;
#2915 = LINE ( 'NONE', #1345, #782 ) ;
#2916 = EDGE_CURVE ( 'NONE', #1775, #1201, #3489, .T. ) ;
#2917 = VERTEX_POINT ( 'NONE', #2922 ) ;
#2918 = VECTOR ( 'NONE', #79, 1000.000000000000000 ) ;
#2919 = CARTESIAN_POINT ( 'NONE',  ( 0.3817993657853980816, 0.3596399999999999042, -0.3217798548428519867 ) ) ;
#2920 =( LENGTH_UNIT ( ) NAMED_UNIT ( * ) SI_UNIT ( .MILLI., .METRE. ) );
#2921 = DIRECTION ( 'NONE',  ( 0.000000000000000000, 1.000000000000000000, 0.000000000000000000 ) ) ;
#2922 = CARTESIAN_POINT ( 'NONE',  ( 0.6128253512280777970, 0.3597399999999998932, -0.2529653581143512242 ) ) ;
#2923 = VECTOR ( 'NONE', #154, 1000.000000000000000 ) ;
#2924 = EDGE_CURVE ( 'NONE', #2424, #2216, #2110, .T. ) ;
#2925 = CARTESIAN_POINT ( 'NONE',  ( 0.4755626139522778906, 0.3596399999999998487, -0.3217798548418767668 ) ) ;
#2926 = UNCERTAINTY_MEASURE_WITH_UNIT (LENGTH_MEASURE( 1.000000000000000082E-05 ), #984, 'distance_accuracy_value', 'NONE');
#2927 = PRODUCT ( 'RS_SMDCHIP_0402_L1.05W0.55T0.37B10.35B20.3', 'RS_SMDCHIP_0402_L1.05W0.55T0.37B10.35B20.3', '', ( #2989 ) ) ;
#2928 =( GEOMETRIC_REPRESENTATION_CONTEXT ( 3 ) GLOBAL_UNCERTAINTY_ASSIGNED_CONTEXT ( ( #3359 ) ) GLOBAL_UNIT_ASSIGNED_CONTEXT ( ( #1443, #2232, #353 ) ) REPRESENTATION_CONTEXT ( 'NONE', 'WORKASPACE' ) );
#2929 = EDGE_LOOP ( 'NONE', ( #600, #1389, #2378, #771 ) ) ;
#2930 = ORIENTED_EDGE ( 'NONE', *, *, #91, .F. ) ;
#2931 = PLANE ( 'NONE',  #769 ) ;
#2932 = LINE ( 'NONE', #3408, #8 ) ;
#2933 = SURFACE_STYLE_FILL_AREA ( #3462 ) ;
#2934 = ORIENTED_EDGE ( 'NONE', *, *, #2895, .T. ) ;
#2935 = CARTESIAN_POINT ( 'NONE',  ( 0.4845667396539459215, 0.3597399999999999487, -0.2754001534915397897 ) ) ;
#2936 = VECTOR ( 'NONE', #2119, 1000.000000000000000 ) ;
#2937 = CARTESIAN_POINT ( 'NONE',  ( 0.7034268573996839136, 0.3597399999999998932, -0.2760461774214260644 ) ) ;
#2938 = FACE_OUTER_BOUND ( 'NONE', #408, .T. ) ;
#2939 = DIRECTION ( 'NONE',  ( 0.000000000000000000, 1.000000000000000000, 0.000000000000000000 ) ) ;
#2940 = ADVANCED_FACE ( 'NONE', ( #3471 ), #1047, .T. ) ;
#2941 = ORIENTED_EDGE ( 'NONE', *, *, #432, .T. ) ;
#2942 = CARTESIAN_POINT ( 'NONE',  ( 0.3494172736732569784, 0.3596399999999999042, -0.2616461587604284045 ) ) ;
#2943 =( NAMED_UNIT ( * ) SI_UNIT ( $, .STERADIAN. ) SOLID_ANGLE_UNIT ( ) );
#2944 = FILL_AREA_STYLE ('',( #1349 ) ) ;
#2945 = ADVANCED_FACE ( 'NONE', ( #3224 ), #2685, .T. ) ;
#2946 = VECTOR ( 'NONE', #815, 1000.000000000000000 ) ;
#2947 = EDGE_CURVE ( 'NONE', #820, #3360, #2744, .T. ) ;
#2948 = MECHANICAL_DESIGN_GEOMETRIC_PRESENTATION_REPRESENTATION (  '', ( #1583 ), #2765 ) ;
#2949 = CARTESIAN_POINT ( 'NONE',  ( 0.5048533232706929885, 0.3597400000000000042, -0.2973072158944792265 ) ) ;
#2950 = PRESENTATION_LAYER_ASSIGNMENT (  '', '', ( #2480 ) ) ;
#2951 = ORIENTED_EDGE ( 'NONE', *, *, #1829, .T. ) ;
#2952 = VECTOR ( 'NONE', #1327, 1000.000000000000000 ) ;
#2953 = LINE ( 'NONE', #1527, #966 ) ;
#2954 = VERTEX_POINT ( 'NONE', #3299 ) ;
#2955 = CARTESIAN_POINT ( 'NONE',  ( 0.4082349916104447418, 0.3596399999999999042, -0.3217798548428519867 ) ) ;
#2956 = CARTESIAN_POINT ( 'NONE',  ( 0.000000000000000000, 0.000000000000000000, -0.5500000000000000444 ) ) ;
#2957 =( NAMED_UNIT ( * ) SI_UNIT ( $, .STERADIAN. ) SOLID_ANGLE_UNIT ( ) );
#2958 = CARTESIAN_POINT ( 'NONE',  ( 0.6083538709714563231, 0.3596399999999999042, -0.2861521549939672338 ) ) ;
#2959 = VERTEX_POINT ( 'NONE', #1122 ) ;
#2960 = PLANE ( 'NONE',  #3028 ) ;
#2961 = DIRECTION ( 'NONE',  ( 1.499527228704650347E-16, -1.000000000000000000, 0.000000000000000000 ) ) ;
#2962 = LINE ( 'NONE', #2978, #3278 ) ;
#2963 = DIRECTION ( 'NONE',  ( 0.000000000000000000, 0.000000000000000000, -1.000000000000000000 ) ) ;
#2964 = STYLED_ITEM ( 'NONE', ( #1706 ), #592 ) ;
#2965 = CARTESIAN_POINT ( 'NONE',  ( 0.3364516129032257830, 0.3492799999999999239, -0.5500000000000000444 ) ) ;
#2966 = EDGE_CURVE ( 'NONE', #3436, #516, #1412, .T. ) ;
#2967 = EDGE_LOOP ( 'NONE', ( #526, #1450, #2229, #1959 ) ) ;
#2968 = PRESENTATION_STYLE_ASSIGNMENT (( #2909 ) ) ;
#2969 = CARTESIAN_POINT ( 'NONE',  ( 0.4391568664862917082, 0.3596399999999999042, -0.3217798548428519867 ) ) ;
#2970 =( NAMED_UNIT ( * ) SI_UNIT ( $, .STERADIAN. ) SOLID_ANGLE_UNIT ( ) );
#2971 = ORIENTED_EDGE ( 'NONE', *, *, #2895, .F. ) ;
#2972 =( NAMED_UNIT ( * ) PLANE_ANGLE_UNIT ( ) SI_UNIT ( $, .RADIAN. ) );
#2973 = CARTESIAN_POINT ( 'NONE',  ( 0.4475435055841046617, 0.3596399999999999042, -0.2303125000000000588 ) ) ;
#2974 = SURFACE_STYLE_USAGE ( .BOTH. , #2899 ) ;
#2975 = FACE_OUTER_BOUND ( 'NONE', #317, .T. ) ;
#2976 = ORIENTED_EDGE ( 'NONE', *, *, #1128, .T. ) ;
#2977 = LINE ( 'NONE', #1569, #1704 ) ;
#2978 = CARTESIAN_POINT ( 'NONE',  ( 0.5018004237649130728, 0.3596399999999999042, -0.2867339163362680465 ) ) ;
#2979 = DIRECTION ( 'NONE',  ( 1.000000000000000000, 0.000000000000000000, 0.000000000000000000 ) ) ;
#2980 = EDGE_CURVE ( 'NONE', #1136, #3110, #397, .T. ) ;
#2981 = CARTESIAN_POINT ( 'NONE',  ( 0.4609292208296680848, 0.3596399999999998487, -0.2760461774214260644 ) ) ;
#2982 =( GEOMETRIC_REPRESENTATION_CONTEXT ( 3 ) GLOBAL_UNCERTAINTY_ASSIGNED_CONTEXT ( ( #3388 ) ) GLOBAL_UNIT_ASSIGNED_CONTEXT ( ( #382, #1691, #1938 ) ) REPRESENTATION_CONTEXT ( 'NONE', 'WORKASPACE' ) );
#2983 = ORIENTED_EDGE ( 'NONE', *, *, #1173, .T. ) ;
#2985 = ADVANCED_FACE ( 'NONE', ( #2486 ), #211, .T. ) ;
#2984 = VERTEX_POINT ( 'NONE', #3330 ) ;
#2986 = FACE_OUTER_BOUND ( 'NONE', #2334, .T. ) ;
#2987 = MECHANICAL_DESIGN_GEOMETRIC_PRESENTATION_REPRESENTATION (  '', ( #387 ), #1913 ) ;
#2988 = PLANE ( 'NONE',  #1076 ) ;
#2989 = PRODUCT_CONTEXT ( 'NONE', #467, 'mechanical' ) ;
#2990 = EDGE_LOOP ( 'NONE', ( #3379, #12, #608, #2637, #3080, #3249, #746, #1051 ) ) ;
#2991 = EDGE_CURVE ( 'NONE', #3367, #2238, #3074, .T. ) ;
#2992 = PLANE ( 'NONE',  #2381 ) ;
#2993 = PRESENTATION_STYLE_ASSIGNMENT (( #1167 ) ) ;
#2994 = CARTESIAN_POINT ( 'NONE',  ( 0.6156264986602799638, 0.3596399999999999597, -0.2760461774214260644 ) ) ;
#2995 = CARTESIAN_POINT ( 'NONE',  ( 0.6128253512280777970, 0.3597399999999998932, -0.2303125000000000588 ) ) ;
#2996 = CARTESIAN_POINT ( 'NONE',  ( 0.6156264986602797418, 0.3597399999999998932, -0.2760461774214260644 ) ) ;
#2997 = MANIFOLD_SOLID_BREP ( 'Scale1[2]', #3414 ) ;
#2998 = EDGE_LOOP ( 'NONE', ( #1635, #2871, #1711, #129 ) ) ;
#2999 = CARTESIAN_POINT ( 'NONE',  ( 0.6864516129032258718, 0.3596400000000000152, -0.5500000000000000444 ) ) ;
#3000 = CARTESIAN_POINT ( 'NONE',  ( 0.7034268573996839136, 0.3596399999999999042, -0.2760461774214260644 ) ) ;
#3001 =( LENGTH_UNIT ( ) NAMED_UNIT ( * ) SI_UNIT ( .MILLI., .METRE. ) );
#3002 = VECTOR ( 'NONE', #2914, 1000.000000000000000 ) ;
#3003 = EDGE_CURVE ( 'NONE', #3139, #490, #667, .T. ) ;
#3004 = MANIFOLD_SOLID_BREP ( 'Lead1', #1888 ) ;
#3005 = COLOUR_RGB ( '',0.1019607843137254888, 0.1019607843137254888, 0.1019607843137254888 ) ;
#3006 = CARTESIAN_POINT ( 'NONE',  ( 0.4609292208296680848, 0.3597399999999999487, -0.2760461774214260644 ) ) ;
#3007 = AXIS2_PLACEMENT_3D ( 'NONE', #736, #2018, #419 ) ;
#3008 = AXIS2_PLACEMENT_3D ( 'NONE', #1455, #2488, #114 ) ;
#3009 = ORIENTED_EDGE ( 'NONE', *, *, #1674, .T. ) ;
#3010 = PRESENTATION_STYLE_ASSIGNMENT (( #310 ) ) ;
#3011 = MECHANICAL_DESIGN_GEOMETRIC_PRESENTATION_REPRESENTATION (  '', ( #410 ), #2515 ) ;
#3012 = ADVANCED_FACE ( 'NONE', ( #700 ), #3026, .T. ) ;
#3013 = APPLICATION_PROTOCOL_DEFINITION ( 'draft international standard', 'automotive_design', 1998, #2841 ) ;
#3014 = VERTEX_POINT ( 'NONE', #2544 ) ;
#3015 =( GEOMETRIC_REPRESENTATION_CONTEXT ( 3 ) GLOBAL_UNCERTAINTY_ASSIGNED_CONTEXT ( ( #2386 ) ) GLOBAL_UNIT_ASSIGNED_CONTEXT ( ( #3275, #2479, #376 ) ) REPRESENTATION_CONTEXT ( 'NONE', 'WORKASPACE' ) );
#3016 = ORIENTED_EDGE ( 'NONE', *, *, #2742, .F. ) ;
#3017 = DIRECTION ( 'NONE',  ( -1.000000000000000000, 0.000000000000000000, 0.000000000000000000 ) ) ;
#3018 =( NAMED_UNIT ( * ) PLANE_ANGLE_UNIT ( ) SI_UNIT ( $, .RADIAN. ) );
#3019 = VECTOR ( 'NONE', #2898, 1000.000000000000000 ) ;
#3020 = FACE_OUTER_BOUND ( 'NONE', #523, .T. ) ;
#3021 = EDGE_CURVE ( 'NONE', #2487, #2917, #3431, .T. ) ;
#3022 = EDGE_LOOP ( 'NONE', ( #1537, #1119, #1130, #3045 ) ) ;
#3023 = SURFACE_SIDE_STYLE ('',( #1393 ) ) ;
#3024 = LINE ( 'NONE', #2183, #180 ) ;
#3025 = CARTESIAN_POINT ( 'NONE',  ( 0.4609292208296681403, 0.3597399999999998932, -0.2760461774214260644 ) ) ;
#3026 = PLANE ( 'NONE',  #2343 ) ;
#3027 = COLOUR_RGB ( '',0.8509803921568627194, 0.8509803921568627194, 0.8509803921568627194 ) ;
#3028 = AXIS2_PLACEMENT_3D ( 'NONE', #2483, #1935, #2241 ) ;
#3029 = EDGE_LOOP ( 'NONE', ( #1152, #2896, #1497, #1838 ) ) ;
#3030 = ORIENTED_EDGE ( 'NONE', *, *, #2222, .T. ) ;
#3031 = PRESENTATION_STYLE_ASSIGNMENT (( #2194 ) ) ;
#3032 = ORIENTED_EDGE ( 'NONE', *, *, #941, .F. ) ;
#3033 = ORIENTED_EDGE ( 'NONE', *, *, #1743, .F. ) ;
#3034 = DIRECTION ( 'NONE',  ( 1.000000000000000000, 0.000000000000000000, 0.000000000000000000 ) ) ;
#3035 = FACE_OUTER_BOUND ( 'NONE', #245, .T. ) ;
#3036 = PRESENTATION_STYLE_ASSIGNMENT (( #298 ) ) ;
#3037 = VERTEX_POINT ( 'NONE', #2325 ) ;
#3038 = FILL_AREA_STYLE ('',( #3053 ) ) ;
#3039 = PLANE ( 'NONE',  #120 ) ;
#3040 = ORIENTED_EDGE ( 'NONE', *, *, #1043, .F. ) ;
#3041 = CARTESIAN_POINT ( 'NONE',  ( 0.3364516129032257830, 0.3492799999999999239, -0.5500000000000000444 ) ) ;
#3042 = VECTOR ( 'NONE', #1566, 1000.000000000000000 ) ;
#3043 = CARTESIAN_POINT ( 'NONE',  ( 0.7034268573996839136, 0.3597399999999998932, -0.2760461774214260644 ) ) ;
#3044 = MECHANICAL_DESIGN_GEOMETRIC_PRESENTATION_REPRESENTATION (  '', ( #2574 ), #2181 ) ;
#3045 = ORIENTED_EDGE ( 'NONE', *, *, #2074, .T. ) ;
#3046 = EDGE_LOOP ( 'NONE', ( #3286, #816, #2459, #894 ) ) ;
#3047 = PLANE ( 'NONE',  #909 ) ;
#3048 = DIRECTION ( 'NONE',  ( 1.499527228704650347E-16, -1.000000000000000000, -0.000000000000000000 ) ) ;
#3049 = FILL_AREA_STYLE ('',( #1980 ) ) ;
#3050 = EDGE_LOOP ( 'NONE', ( #2681, #3427, #36, #2223 ) ) ;
#3051 = LINE ( 'NONE', #2755, #3407 ) ;
#3052 = LINE ( 'NONE', #2208, #582 ) ;
#3053 = FILL_AREA_STYLE_COLOUR ( '', #116 ) ;
#3054 = CARTESIAN_POINT ( 'NONE',  ( 1.036451612903225961, -0.01035999999999994564, -0.5500000000000000444 ) ) ;
#3055 = EDGE_CURVE ( 'NONE', #585, #542, #417, .T. ) ;
#3056 = CARTESIAN_POINT ( 'NONE',  ( 0.6396810896176549077, 0.3596399999999999042, -0.2898291391574797649 ) ) ;
#3057 = LINE ( 'NONE', #2467, #1197 ) ;
#3058 = EDGE_CURVE ( 'NONE', #2216, #86, #2040, .T. ) ;
#3059 = EDGE_CURVE ( 'NONE', #2917, #1406, #1798, .T. ) ;
#3060 = ORIENTED_EDGE ( 'NONE', *, *, #1614, .F. ) ;
#3061 = MECHANICAL_DESIGN_GEOMETRIC_PRESENTATION_REPRESENTATION (  '', ( #2825 ), #510 ) ;
#3062 = VECTOR ( 'NONE', #2002, 1000.000000000000000 ) ;
#3063 = ORIENTED_EDGE ( 'NONE', *, *, #2041, .T. ) ;
#3064 = ORIENTED_EDGE ( 'NONE', *, *, #367, .F. ) ;
#3065 = MECHANICAL_DESIGN_GEOMETRIC_PRESENTATION_REPRESENTATION (  '', ( #1806 ), #9 ) ;
#3066 = DIRECTION ( 'NONE',  ( 0.000000000000000000, 0.000000000000000000, 1.000000000000000000 ) ) ;
#3067 = CARTESIAN_POINT ( 'NONE',  ( 0.4609292208296681403, 0.3596399999999999042, -0.2760461774214260644 ) ) ;
#3068 = PRESENTATION_LAYER_ASSIGNMENT (  '', '', ( #229 ) ) ;
#3069 = ORIENTED_EDGE ( 'NONE', *, *, #322, .T. ) ;
#3070 =( GEOMETRIC_REPRESENTATION_CONTEXT ( 3 ) GLOBAL_UNCERTAINTY_ASSIGNED_CONTEXT ( ( #2530 ) ) GLOBAL_UNIT_ASSIGNED_CONTEXT ( ( #340, #42, #319 ) ) REPRESENTATION_CONTEXT ( 'NONE', 'WORKASPACE' ) );
#3071 = FILL_AREA_STYLE_COLOUR ( '', #1762 ) ;
#3072 = CARTESIAN_POINT ( 'NONE',  ( 0.4277112521297296022, 0.3596399999999999042, -0.2800142601310718904 ) ) ;
#3073 = LINE ( 'NONE', #1707, #1515 ) ;
#3074 = LINE ( 'NONE', #1708, #385 ) ;
#3075 = CARTESIAN_POINT ( 'NONE',  ( 0.5092364055382460064, 0.3596399999999999042, -0.2648328402104253021 ) ) ;
#3076 = ORIENTED_EDGE ( 'NONE', *, *, #1643, .F. ) ;
#3077 = FILL_AREA_STYLE_COLOUR ( '', #187 ) ;
#3078 = AXIS2_PLACEMENT_3D ( 'NONE', #3320, #47, #601 ) ;
#3079 = UNCERTAINTY_MEASURE_WITH_UNIT (LENGTH_MEASURE( 1.000000000000000082E-05 ), #1303, 'distance_accuracy_value', 'NONE');
#3080 = ORIENTED_EDGE ( 'NONE', *, *, #2292, .T. ) ;
#3081 = DIRECTION ( 'NONE',  ( 1.000000000000000000, 0.000000000000000000, 0.000000000000000000 ) ) ;
#3082 = LINE ( 'NONE', #2534, #2476 ) ;
#3083 =( NAMED_UNIT ( * ) SI_UNIT ( $, .STERADIAN. ) SOLID_ANGLE_UNIT ( ) );
#3084 = DIRECTION ( 'NONE',  ( 0.3925015156512740022, 0.000000000000000000, -0.9197513578198471818 ) ) ;
#3085 = FILL_AREA_STYLE ('',( #1263 ) ) ;
#3086 = AXIS2_PLACEMENT_3D ( 'NONE', #2114, #1846, #3211 ) ;
#3087 = ORIENTED_EDGE ( 'NONE', *, *, #2268, .T. ) ;
#3088 = DIRECTION ( 'NONE',  ( -1.000000000000000000, -1.346834996876403062E-16, 0.000000000000000000 ) ) ;
#3089 = CARTESIAN_POINT ( 'NONE',  ( 0.5048533232707470564, 0.3596399999999999042, -0.2973072158944790599 ) ) ;
#3090 = CARTESIAN_POINT ( 'NONE',  ( 0.4609292208296680848, 0.3597399999999998932, -0.2531793387107230675 ) ) ;
#3091 =( NAMED_UNIT ( * ) PLANE_ANGLE_UNIT ( ) SI_UNIT ( $, .RADIAN. ) );
#3092 = CARTESIAN_POINT ( 'NONE',  ( 0.5092364055382460064, 0.3597399999999998932, -0.2648328402104253021 ) ) ;
#3093 = ORIENTED_EDGE ( 'NONE', *, *, #491, .F. ) ;
#3094 = CARTESIAN_POINT ( 'NONE',  ( 0.5092364055382460064, 0.3596399999999999042, -0.2648328402104253021 ) ) ;
#3095 = EDGE_CURVE ( 'NONE', #3436, #1091, #1225, .T. ) ;
#3096 = ORIENTED_EDGE ( 'NONE', *, *, #3058, .T. ) ;
#3097 = PLANE ( 'NONE',  #1487 ) ;
#3098 = CARTESIAN_POINT ( 'NONE',  ( 0.000000000000000000, 0.000000000000000000, -0.5500000000000000444 ) ) ;
#3099 = EDGE_CURVE ( 'NONE', #585, #1775, #1238, .T. ) ;
#3100 = EDGE_CURVE ( 'NONE', #87, #2367, #195, .T. ) ;
#3101 = ORIENTED_EDGE ( 'NONE', *, *, #1233, .F. ) ;
#3102 = VECTOR ( 'NONE', #2134, 1000.000000000000000 ) ;
#3103 = DIRECTION ( 'NONE',  ( 0.000000000000000000, 0.000000000000000000, -1.000000000000000000 ) ) ;
#3104 = DIRECTION ( 'NONE',  ( 0.4612044478340299736, 0.000000000000000000, -0.8872938956727401960 ) ) ;
#3105 = CARTESIAN_POINT ( 'NONE',  ( 0.6204032258064515748, 0.3389200000000000546, 0.000000000000000000 ) ) ;
#3106 = ORIENTED_EDGE ( 'NONE', *, *, #3372, .F. ) ;
#3107 = CARTESIAN_POINT ( 'NONE',  ( 0.5720080092446299114, 0.3596399999999999042, -0.2861521549939672338 ) ) ;
#3108 = AXIS2_PLACEMENT_3D ( 'NONE', #1365, #3488, #3259 ) ;
#3109 = VECTOR ( 'NONE', #1410, 1000.000000000000000 ) ;
#3110 = VERTEX_POINT ( 'NONE', #2588 ) ;
#3111 = CARTESIAN_POINT ( 'NONE',  ( 0.4719171227616260622, 0.3596399999999999042, -0.2303125000000000588 ) ) ;
#3112 = VECTOR ( 'NONE', #2117, 1000.000000000000000 ) ;
#3113 =( BOUNDED_CURVE ( )  B_SPLINE_CURVE ( 3, ( #2937, #476, #3500, #800, #3166, #2392, #493 ),
 .UNSPECIFIED., .F., .F. ) 
 B_SPLINE_CURVE_WITH_KNOTS ( ( 4, 3, 4 ),
 ( 0.2500000000000000555, 0.5000000000000000000, 0.7500000000000000000 ),
 .UNSPECIFIED. ) 
 CURVE ( )  GEOMETRIC_REPRESENTATION_ITEM ( )  RATIONAL_B_SPLINE_CURVE ( ( 0.5000000000000000000, 0.5000000000000001110, 0.6666666666666667407, 1.000000000000000000, 0.6666666666666667407, 0.5000000000000000000, 0.5000000000000000000 ) ) 
 REPRESENTATION_ITEM ( '' )  );
#3114 = VECTOR ( 'NONE', #115, 1000.000000000000000 ) ;
#3115 = ORIENTED_EDGE ( 'NONE', *, *, #1788, .T. ) ;
#3116 = VECTOR ( 'NONE', #197, 1000.000000000000227 ) ;
#3117 = CARTESIAN_POINT ( 'NONE',  ( 0.6128253512280777970, 0.3596399999999999042, -0.2529653581143512242 ) ) ;
#3118 = VECTOR ( 'NONE', #891, 1000.000000000000000 ) ;
#3119 = DIRECTION ( 'NONE',  ( 9.420898089804255066E-18, 1.000000000000000000, 0.000000000000000000 ) ) ;
#3120 = ADVANCED_FACE ( 'NONE', ( #1470 ), #149, .T. ) ;
#3121 = VECTOR ( 'NONE', #1851, 1000.000000000000000 ) ;
#3122 = DIRECTION ( 'NONE',  ( 0.3925015156512738912, 0.000000000000000000, -0.9197513578198472928 ) ) ;
#3123 = CARTESIAN_POINT ( 'NONE',  ( 1.022903225806451655, 0.000000000000000000, 0.000000000000000000 ) ) ;
#3124 = ORIENTED_EDGE ( 'NONE', *, *, #885, .F. ) ;
#3125 = CARTESIAN_POINT ( 'NONE',  ( 0.3631977550359811180, 0.3596399999999999042, -0.2852421765749061922 ) ) ;
#3126 = EDGE_LOOP ( 'NONE', ( #271, #1030, #1069, #561, #2753, #1595, #3064, #1491, #652 ) ) ;
#3127 = FACE_OUTER_BOUND ( 'NONE', #1282, .T. ) ;
#3128 = VECTOR ( 'NONE', #1493, 1000.000000000000000 ) ;
#3129 = PLANE ( 'NONE',  #1804 ) ;
#3130 = DIRECTION ( 'NONE',  ( 0.000000000000000000, 0.000000000000000000, -1.000000000000000000 ) ) ;
#3131 = EDGE_CURVE ( 'NONE', #533, #1243, #1500, .T. ) ;
#3132 = VERTEX_POINT ( 'NONE', #716 ) ;
#3133 =( NAMED_UNIT ( * ) SI_UNIT ( $, .STERADIAN. ) SOLID_ANGLE_UNIT ( ) );
#3134 =( BOUNDED_SURFACE ( )  B_SPLINE_SURFACE ( 3, 1, ( 
 ( #2438, #2452 ),
 ( #540, #29 ),
 ( #2111, #44 ),
 ( #791, #2949 ) ),
 .UNSPECIFIED., .F., .F., .F. ) 
 B_SPLINE_SURFACE_WITH_KNOTS ( ( 4, 4 ),
 ( 2, 2 ),
 ( 0.000000000000000000, 0.2499999999996659339 ),
 ( 0.000000000000000000, 1.000000000000000000 ),
 .UNSPECIFIED. ) 
 GEOMETRIC_REPRESENTATION_ITEM ( )  RATIONAL_B_SPLINE_SURFACE ( (
 ( 1.000000000000000000, 1.000000000000000000),
 ( 0.6666666666671121622, 0.6666666666671121622),
 ( 0.5000000000004454215, 0.5000000000004454215),
 ( 0.5000000000000000000, 0.5000000000000000000) ) ) 
 REPRESENTATION_ITEM ( '' )  SURFACE ( )  );
#3135 = CARTESIAN_POINT ( 'NONE',  ( 0.000000000000000000, 0.000000000000000000, 0.000000000000000000 ) ) ;
#3136 = DIRECTION ( 'NONE',  ( 1.000000000000000000, 0.000000000000000000, 0.000000000000000000 ) ) ;
#3137 = LINE ( 'NONE', #960, #1129 ) ;
#3138 = CARTESIAN_POINT ( 'NONE',  ( 0.3769782363987051466, 0.3596399999999999042, -0.2616461587604284045 ) ) ;
#3139 = VERTEX_POINT ( 'NONE', #1779 ) ;
#3140 = DIRECTION ( 'NONE',  ( -1.000000000000000000, 0.000000000000000000, 0.000000000000000000 ) ) ;
#3141 = ORIENTED_EDGE ( 'NONE', *, *, #581, .T. ) ;
#3142 = DIRECTION ( 'NONE',  ( 0.000000000000000000, 0.000000000000000000, 1.000000000000000000 ) ) ;
#3143 = CARTESIAN_POINT ( 'NONE',  ( -0.01354838709677419310, -1.276379741199286193E-19, 0.000000000000000000 ) ) ;
#3144 = EDGE_CURVE ( 'NONE', #2788, #2694, #2624, .T. ) ;
#3145 = ORIENTED_EDGE ( 'NONE', *, *, #2853, .T. ) ;
#3146 = CARTESIAN_POINT ( 'NONE',  ( 0.5340505671401701848, 0.3596399999999999042, -0.2867339163362680465 ) ) ;
#3147 = VECTOR ( 'NONE', #734, 1000.000000000000000 ) ;
#3148 = DIRECTION ( 'NONE',  ( 0.000000000000000000, 0.000000000000000000, 1.000000000000000000 ) ) ;
#3149 =( NAMED_UNIT ( * ) SI_UNIT ( $, .STERADIAN. ) SOLID_ANGLE_UNIT ( ) );
#3150 = EDGE_CURVE ( 'NONE', #83, #2788, #1874, .T. ) ;
#3151 = PLANE ( 'NONE',  #1638 ) ;
#3152 = CARTESIAN_POINT ( 'NONE',  ( 0.5018004237649130728, 0.3596399999999999042, -0.2867339163362680465 ) ) ;
#3153 = PRODUCT_DEFINITION_FORMATION_WITH_SPECIFIED_SOURCE ( 'ANY', '', #2927, .NOT_KNOWN. ) ;
#3154 = DIRECTION ( 'NONE',  ( 0.000000000000000000, 0.000000000000000000, -1.000000000000000000 ) ) ;
#3155 = EDGE_CURVE ( 'NONE', #2598, #2555, #2699, .T. ) ;
#3156 = SURFACE_SIDE_STYLE ('',( #2060 ) ) ;
#3157 = EDGE_CURVE ( 'NONE', #1849, #1269, #2915, .T. ) ;
#3158 = VERTEX_POINT ( 'NONE', #276 ) ;
#3159 = FILL_AREA_STYLE ('',( #1884 ) ) ;
#3160 = ADVANCED_FACE ( 'NONE', ( #2106 ), #1287, .T. ) ;
#3161 = LINE ( 'NONE', #780, #1920 ) ;
#3162 = CARTESIAN_POINT ( 'NONE',  ( 0.4024999999999999689, 0.3389200000000000546, -0.5500000000000000444 ) ) ;
#3163 = VECTOR ( 'NONE', #2409, 1000.000000000000000 ) ;
#3164 = VERTEX_POINT ( 'NONE', #2680 ) ;
#3165 = CARTESIAN_POINT ( 'NONE',  ( 0.5462949302101938187, 0.3596399999999999042, -0.3217798548428519867 ) ) ;
#3166 = CARTESIAN_POINT ( 'NONE',  ( 0.6375765883451307570, 0.3597399999999998377, -0.3217798548428520977 ) ) ;
#3167 = FACE_OUTER_BOUND ( 'NONE', #2710, .T. ) ;
#3168 = VECTOR ( 'NONE', #705, 1000.000000000000000 ) ;
#3169 = VECTOR ( 'NONE', #3104, 1000.000000000000000 ) ;
#3170 = ORIENTED_EDGE ( 'NONE', *, *, #2268, .F. ) ;
#3171 = PRESENTATION_LAYER_ASSIGNMENT (  '', '', ( #410 ) ) ;
#3172 = PLANE ( 'NONE',  #2095 ) ;
#3173 = FACE_OUTER_BOUND ( 'NONE', #393, .T. ) ;
#3174 =( GEOMETRIC_REPRESENTATION_CONTEXT ( 3 ) GLOBAL_UNCERTAINTY_ASSIGNED_CONTEXT ( ( #1712 ) ) GLOBAL_UNIT_ASSIGNED_CONTEXT ( ( #1169, #3018, #2433 ) ) REPRESENTATION_CONTEXT ( 'NONE', 'WORKASPACE' ) );
#3175 = AXIS2_PLACEMENT_3D ( 'NONE', #1689, #2502, #363 ) ;
#3176 =( NAMED_UNIT ( * ) PLANE_ANGLE_UNIT ( ) SI_UNIT ( $, .RADIAN. ) );
#3177 = UNCERTAINTY_MEASURE_WITH_UNIT (LENGTH_MEASURE( 1.000000000000000082E-05 ), #1462, 'distance_accuracy_value', 'NONE');
#3178 = ORIENTED_EDGE ( 'NONE', *, *, #1880, .F. ) ;
#3179 = FACE_OUTER_BOUND ( 'NONE', #3126, .T. ) ;
#3180 = DIRECTION ( 'NONE',  ( 0.000000000000000000, 1.000000000000000000, -0.000000000000000000 ) ) ;
#3181 = ORIENTED_EDGE ( 'NONE', *, *, #3200, .F. ) ;
#3182 = DIRECTION ( 'NONE',  ( 1.000000000000000000, 0.000000000000000000, 0.000000000000000000 ) ) ;
#3183 = CARTESIAN_POINT ( 'NONE',  ( 0.4828793105145189335, 0.3597399999999998932, -0.3217798548428520977 ) ) ;
#3184 = CARTESIAN_POINT ( 'NONE',  ( 0.5092364055382460064, 0.3597399999999998932, -0.2555386750974401044 ) ) ;
#3185 = CARTESIAN_POINT ( 'NONE',  ( 0.4024999999999999689, 0.3389200000000000546, -0.5500000000000000444 ) ) ;
#3186 = PRESENTATION_LAYER_ASSIGNMENT (  '', '', ( #1823 ) ) ;
#3187 = ORIENTED_EDGE ( 'NONE', *, *, #2712, .T. ) ;
#3188 = LINE ( 'NONE', #772, #244 ) ;
#3189 = DIRECTION ( 'NONE',  ( 0.000000000000000000, 0.000000000000000000, 1.000000000000000000 ) ) ;
#3190 = DIRECTION ( 'NONE',  ( 0.000000000000000000, 1.000000000000000000, 0.000000000000000000 ) ) ;
#3191 = ORIENTED_EDGE ( 'NONE', *, *, #2263, .T. ) ;
#3192 = SURFACE_SIDE_STYLE ('',( #2690 ) ) ;
#3193 = EDGE_CURVE ( 'NONE', #452, #1406, #1100, .T. ) ;
#3194 = FILL_AREA_STYLE_COLOUR ( '', #1457 ) ;
#3195 = ORIENTED_EDGE ( 'NONE', *, *, #2267, .T. ) ;
#3196 = DIRECTION ( 'NONE',  ( 0.000000000000000000, 1.000000000000000000, 0.000000000000000000 ) ) ;
#3197 = LINE ( 'NONE', #3482, #1089 ) ;
#3198 = CARTESIAN_POINT ( 'NONE',  ( 0.4214667486344135794, 0.3597399999999998932, -0.2655248897291799248 ) ) ;
#3199 = CARTESIAN_POINT ( 'NONE',  ( 0.6128253512280777970, 0.3596399999999999042, -0.2303125000000000588 ) ) ;
#3200 = EDGE_CURVE ( 'NONE', #1037, #1466, #1835, .T. ) ;
#3201 = EDGE_CURVE ( 'NONE', #1398, #1318, #3467, .T. ) ;
#3202 = ORIENTED_EDGE ( 'NONE', *, *, #436, .F. ) ;
#3203 = MECHANICAL_DESIGN_GEOMETRIC_PRESENTATION_REPRESENTATION (  '', ( #1056 ), #1617 ) ;
#3204 = LINE ( 'NONE', #2919, #1374 ) ;
#3205 = SURFACE_STYLE_FILL_AREA ( #2629 ) ;
#3206 = DIRECTION ( 'NONE',  ( -0.3957804518716950826, 0.000000000000000000, 0.9183451605557884090 ) ) ;
#3207 = VECTOR ( 'NONE', #1221, 1000.000000000000000 ) ;
#3208 = LINE ( 'NONE', #502, #2260 ) ;
#3209 = UNCERTAINTY_MEASURE_WITH_UNIT (LENGTH_MEASURE( 1.000000000000000082E-05 ), #2395, 'distance_accuracy_value', 'NONE');
#3210 = ORIENTED_EDGE ( 'NONE', *, *, #1529, .T. ) ;
#3211 = DIRECTION ( 'NONE',  ( 0.000000000000000000, 0.000000000000000000, -1.000000000000000000 ) ) ;
#3212 = CARTESIAN_POINT ( 'NONE',  ( 0.6793722664423087476, 0.3596399999999999042, -0.2760461774214260644 ) ) ;
#3213 = PLANE ( 'NONE',  #2691 ) ;
#3214 = ORIENTED_EDGE ( 'NONE', *, *, #1575, .F. ) ;
#3215 = VECTOR ( 'NONE', #3350, 1000.000000000000114 ) ;
#3216 = LINE ( 'NONE', #203, #6 ) ;
#3217 = CARTESIAN_POINT ( 'NONE',  ( 0.4082349916104447418, 0.3596399999999999042, -0.3217798548428519867 ) ) ;
#3218 = VERTEX_POINT ( 'NONE', #496 ) ;
#3219 = VECTOR ( 'NONE', #1930, 1000.000000000000000 ) ;
#3220 = PLANE ( 'NONE',  #1256 ) ;
#3221 = ADVANCED_FACE ( 'NONE', ( #1853, #2975 ), #825, .T. ) ;
#3222 =( NAMED_UNIT ( * ) SI_UNIT ( $, .STERADIAN. ) SOLID_ANGLE_UNIT ( ) );
#3223 = LINE ( 'NONE', #24, #682 ) ;
#3224 = FACE_OUTER_BOUND ( 'NONE', #3226, .T. ) ;
#3225 = PRESENTATION_LAYER_ASSIGNMENT (  '', '', ( #121 ) ) ;
#3226 = EDGE_LOOP ( 'NONE', ( #985, #2876, #886, #2244 ) ) ;
#3227 = MECHANICAL_DESIGN_GEOMETRIC_PRESENTATION_REPRESENTATION (  '', ( #1866 ), #124 ) ;
#3228 = CARTESIAN_POINT ( 'NONE',  ( 0.5720080092446299114, 0.3596399999999999042, -0.2981571804488010735 ) ) ;
#3229 = VECTOR ( 'NONE', #801, 1000.000000000000000 ) ;
#3230 = EDGE_LOOP ( 'NONE', ( #3040, #1951, #2941, #1149 ) ) ;
#3231 = DIRECTION ( 'NONE',  ( 0.4612044478340299736, 0.000000000000000000, -0.8872938956727401960 ) ) ;
#3232 = AXIS2_PLACEMENT_3D ( 'NONE', #2557, #2832, #3088 ) ;
#3233 = PLANE ( 'NONE',  #3285 ) ;
#3234 = PRESENTATION_STYLE_ASSIGNMENT (( #1073 ) ) ;
#3235 = ORIENTED_EDGE ( 'NONE', *, *, #3357, .F. ) ;
#3236 = LINE ( 'NONE', #2751, #2195 ) ;
#3237 = DIRECTION ( 'NONE',  ( 0.3925015156512738912, 0.000000000000000000, 0.9197513578198472928 ) ) ;
#3238 = DIRECTION ( 'NONE',  ( -1.000000000000000000, 0.000000000000000000, 0.000000000000000000 ) ) ;
#3239 =( LENGTH_UNIT ( ) NAMED_UNIT ( * ) SI_UNIT ( .MILLI., .METRE. ) );
#3240 = ORIENTED_EDGE ( 'NONE', *, *, #3155, .F. ) ;
#3241 = DIRECTION ( 'NONE',  ( 1.000000000000000000, 0.000000000000000000, 0.000000000000000000 ) ) ;
#3242 = DIRECTION ( 'NONE',  ( 1.000000000000000000, 0.000000000000000000, 0.000000000000000000 ) ) ;
#3243 = AXIS2_PLACEMENT_3D ( 'NONE', #828, #1550, #1311 ) ;
#3244 = CARTESIAN_POINT ( 'NONE',  ( 0.4162656377731673296, 0.3596399999999999042, -0.3217798548428519867 ) ) ;
#3245 = EDGE_CURVE ( 'NONE', #1182, #1651, #2643, .T. ) ;
#3246 = PRESENTATION_LAYER_ASSIGNMENT (  '', '', ( #1599 ) ) ;
#3247 = DIRECTION ( 'NONE',  ( -1.000000000000000000, -1.346834996876403062E-16, 0.000000000000000000 ) ) ;
#3248 = EDGE_CURVE ( 'NONE', #1269, #1902, #225, .T. ) ;
#3249 = ORIENTED_EDGE ( 'NONE', *, *, #1064, .T. ) ;
#3250 = DIRECTION ( 'NONE',  ( 0.000000000000000000, -1.000000000000000000, 0.000000000000000000 ) ) ;
#3251 = CARTESIAN_POINT ( 'NONE',  ( 0.6595266780299818832, 0.3597399999999998932, -0.2303125000000000033 ) ) ;
#3252 = EDGE_LOOP ( 'NONE', ( #1993, #3101, #311, #1679 ) ) ;
#3253 = CARTESIAN_POINT ( 'NONE',  ( 0.4828793105145191555, 0.3597399999999998932, -0.2303125000000000033 ) ) ;
#3254 = CARTESIAN_POINT ( 'NONE',  ( 0.6128253512280777970, 0.3596399999999999042, -0.2981571804488010735 ) ) ;
#3255 = CARTESIAN_POINT ( 'NONE',  ( 0.5340505671401701848, 0.3596399999999999042, -0.3217798548428519867 ) ) ;
#3256 = DIRECTION ( 'NONE',  ( -0.000000000000000000, -1.000000000000000000, -0.000000000000000000 ) ) ;
#3257 = VERTEX_POINT ( 'NONE', #1606 ) ;
#3258 = LINE ( 'NONE', #1820, #288 ) ;
#3259 = DIRECTION ( 'NONE',  ( 1.000000000000000000, 0.000000000000000000, 0.000000000000000000 ) ) ;
#3260 = ADVANCED_FACE ( 'NONE', ( #1590 ), #515, .F. ) ;
#3261 = CARTESIAN_POINT ( 'NONE',  ( 0.6156264986602797418, 0.3597399999999997822, -0.2760461774214260644 ) ) ;
#3262 = STYLED_ITEM ( 'NONE', ( #2243 ), #2997 ) ;
#3263 = ADVANCED_FACE ( 'NONE', ( #55, #2236 ), #2463, .T. ) ;
#3264 = ORIENTED_EDGE ( 'NONE', *, *, #1697, .F. ) ;
#3265 = ORIENTED_EDGE ( 'NONE', *, *, #3372, .T. ) ;
#3266 =( LENGTH_UNIT ( ) NAMED_UNIT ( * ) SI_UNIT ( .MILLI., .METRE. ) );
#3267 = AXIS2_PLACEMENT_3D ( 'NONE', #2858, #2333, #2023 ) ;
#3268 = ADVANCED_FACE ( 'NONE', ( #1135 ), #701, .T. ) ;
#3269 =( NAMED_UNIT ( * ) SI_UNIT ( $, .STERADIAN. ) SOLID_ANGLE_UNIT ( ) );
#3270 = COLOUR_RGB ( '',0.7921568627450980005, 0.8196078431372548767, 0.9333333333333333481 ) ;
#3271 = ORIENTED_EDGE ( 'NONE', *, *, #2712, .F. ) ;
#3272 = VERTEX_POINT ( 'NONE', #39 ) ;
#3273 =( LENGTH_UNIT ( ) NAMED_UNIT ( * ) SI_UNIT ( .MILLI., .METRE. ) );
#3274 = CARTESIAN_POINT ( 'NONE',  ( 0.7034268573996839136, 0.3596399999999999042, -0.2760461774214260644 ) ) ;
#3275 =( LENGTH_UNIT ( ) NAMED_UNIT ( * ) SI_UNIT ( .MILLI., .METRE. ) );
#3276 =( LENGTH_UNIT ( ) NAMED_UNIT ( * ) SI_UNIT ( .MILLI., .METRE. ) );
#3277 = ORIENTED_EDGE ( 'NONE', *, *, #398, .F. ) ;
#3278 = VECTOR ( 'NONE', #2921, 1000.000000000000000 ) ;
#3279 = CARTESIAN_POINT ( 'NONE',  ( 0.5720080092446299114, 0.3596399999999999042, -0.2529653581143512242 ) ) ;
#3280 = VECTOR ( 'NONE', #595, 1000.000000000000000 ) ;
#3281 = AXIS2_PLACEMENT_3D ( 'NONE', #1249, #3412, #1468 ) ;
#3282 = CARTESIAN_POINT ( 'NONE',  ( 0.6128253512280777970, 0.3596399999999999042, -0.2529653581143512242 ) ) ;
#3283 = ORIENTED_EDGE ( 'NONE', *, *, #1270, .T. ) ;
#3284 = AXIS2_PLACEMENT_3D ( 'NONE', #2398, #2188, #1648 ) ;
#3285 = AXIS2_PLACEMENT_3D ( 'NONE', #818, #14, #1886 ) ;
#3286 = ORIENTED_EDGE ( 'NONE', *, *, #2349, .F. ) ;
#3287 = SURFACE_STYLE_USAGE ( .BOTH. , #1370 ) ;
#3288 = FILL_AREA_STYLE ('',( #35 ) ) ;
#3289 = ORIENTED_EDGE ( 'NONE', *, *, #2307, .F. ) ;
#3290 = ORIENTED_EDGE ( 'NONE', *, *, #2326, .T. ) ;
#3291 = FACE_OUTER_BOUND ( 'NONE', #541, .T. ) ;
#3292 = LINE ( 'NONE', #2461, #455 ) ;
#3293 = SURFACE_SIDE_STYLE ('',( #1642 ) ) ;
#3294 = VERTEX_POINT ( 'NONE', #1656 ) ;
#3295 = FACE_OUTER_BOUND ( 'NONE', #1441, .T. ) ;
#3296 = FILL_AREA_STYLE_COLOUR ( '', #291 ) ;
#3297 = ADVANCED_FACE ( 'NONE', ( #3020 ), #1117, .T. ) ;
#3298 = SURFACE_SIDE_STYLE ('',( #1434 ) ) ;
#3299 = CARTESIAN_POINT ( 'NONE',  ( 0.4078789986753544317, 0.3597399999999998932, -0.2303125000000000588 ) ) ;
#3300 = LINE ( 'NONE', #3075, #915 ) ;
#3301 =( GEOMETRIC_REPRESENTATION_CONTEXT ( 3 ) GLOBAL_UNCERTAINTY_ASSIGNED_CONTEXT ( ( #3209 ) ) GLOBAL_UNIT_ASSIGNED_CONTEXT ( ( #2395, #1894, #591 ) ) REPRESENTATION_CONTEXT ( 'NONE', 'WORKASPACE' ) );
#3302 = ORIENTED_EDGE ( 'NONE', *, *, #1575, .T. ) ;
#3303 = LINE ( 'NONE', #1972, #2669 ) ;
#3304 = DIRECTION ( 'NONE',  ( 1.000000000000000000, 0.000000000000000000, 0.000000000000000000 ) ) ;
#3305 = ORIENTED_EDGE ( 'NONE', *, *, #3021, .F. ) ;
#3306 = ORIENTED_EDGE ( 'NONE', *, *, #2783, .T. ) ;
#3307 = EDGE_CURVE ( 'NONE', #2688, #2413, #3328, .T. ) ;
#3308 = SURFACE_STYLE_FILL_AREA ( #1911 ) ;
#3309 = FILL_AREA_STYLE ('',( #2178 ) ) ;
#3310 = CARTESIAN_POINT ( 'NONE',  ( 0.7034268573996839136, 0.3597399999999998932, -0.1845788225785738590 ) ) ;
#3311 = VERTEX_POINT ( 'NONE', #108 ) ;
#3312 = EDGE_CURVE ( 'NONE', #1754, #3367, #3394, .T. ) ;
#3313 = CARTESIAN_POINT ( 'NONE',  ( 0.6128253512280777970, 0.3596399999999999042, -0.3217798548428519867 ) ) ;
#3314 = CARTESIAN_POINT ( 'NONE',  ( 0.4755626139528906227, 0.3597399999999998932, -0.2303125000000178779 ) ) ;
#3315 = EDGE_CURVE ( 'NONE', #2959, #1414, #970, .T. ) ;
#3316 = LINE ( 'NONE', #1693, #1521 ) ;
#3317 = DIRECTION ( 'NONE',  ( -1.000000000000000000, 0.000000000000000000, 0.000000000000000000 ) ) ;
#3318 = ORIENTED_EDGE ( 'NONE', *, *, #546, .F. ) ;
#3319 = EDGE_LOOP ( 'NONE', ( #2009, #2014, #67, #1771 ) ) ;
#3320 = CARTESIAN_POINT ( 'NONE',  ( 0.4024999999999999689, 0.3389200000000000546, -0.5500000000000000444 ) ) ;
#3321 = VECTOR ( 'NONE', #2146, 1000.000000000000000 ) ;
#3322 =( NAMED_UNIT ( * ) PLANE_ANGLE_UNIT ( ) SI_UNIT ( $, .RADIAN. ) );
#3323 = UNCERTAINTY_MEASURE_WITH_UNIT (LENGTH_MEASURE( 1.000000000000000082E-05 ), #1653, 'distance_accuracy_value', 'NONE');
#3324 = AXIS2_PLACEMENT_3D ( 'NONE', #253, #525, #1338 ) ;
#3325 = ORIENTED_EDGE ( 'NONE', *, *, #398, .T. ) ;
#3326 = EDGE_LOOP ( 'NONE', ( #2664, #1355, #1524, #2212 ) ) ;
#3327 = CARTESIAN_POINT ( 'NONE',  ( 0.6396810896176550187, 0.3596399999999999597, -0.2346972922132649075 ) ) ;
#3328 = LINE ( 'NONE', #2179, #442 ) ;
#3329 = ORIENTED_EDGE ( 'NONE', *, *, #1662, .F. ) ;
#3330 = CARTESIAN_POINT ( 'NONE',  ( 0.5720080092446299114, 0.3596399999999999042, -0.2981571804488010735 ) ) ;
#3331 = ADVANCED_FACE ( 'NONE', ( #172 ), #2276, .T. ) ;
#3332 = CARTESIAN_POINT ( 'NONE',  ( 0.3364516129032257830, 0.3596399999999999597, -0.5500000000000000444 ) ) ;
#3333 = FACE_BOUND ( 'NONE', #2737, .T. ) ;
#3334 = COLOUR_RGB ( '',0.8980392156862745390, 0.9215686274509803377, 0.9294117647058823817 ) ;
#3335 = ORIENTED_EDGE ( 'NONE', *, *, #2471, .T. ) ;
#3336 = CARTESIAN_POINT ( 'NONE',  ( 0.4024999999999999689, 0.000000000000000000, -0.5500000000000000444 ) ) ;
#3337 = MECHANICAL_DESIGN_GEOMETRIC_PRESENTATION_REPRESENTATION (  '', ( #572 ), #687 ) ;
#3338 =( GEOMETRIC_REPRESENTATION_CONTEXT ( 3 ) GLOBAL_UNCERTAINTY_ASSIGNED_CONTEXT ( ( #1824 ) ) GLOBAL_UNIT_ASSIGNED_CONTEXT ( ( #170, #3342, #441 ) ) REPRESENTATION_CONTEXT ( 'NONE', 'WORKASPACE' ) );
#3339 = ORIENTED_EDGE ( 'NONE', *, *, #1697, .T. ) ;
#3340 = DIRECTION ( 'NONE',  ( 0.000000000000000000, 0.000000000000000000, -1.000000000000000000 ) ) ;
#3341 =( GEOMETRIC_REPRESENTATION_CONTEXT ( 3 ) GLOBAL_UNCERTAINTY_ASSIGNED_CONTEXT ( ( #2787 ) ) GLOBAL_UNIT_ASSIGNED_CONTEXT ( ( #1474, #2546, #97 ) ) REPRESENTATION_CONTEXT ( 'NONE', 'WORKASPACE' ) );
#3342 =( NAMED_UNIT ( * ) PLANE_ANGLE_UNIT ( ) SI_UNIT ( $, .RADIAN. ) );
#3343 = DIRECTION ( 'NONE',  ( 0.9197513578198472928, 0.000000000000000000, 0.3925015156512740577 ) ) ;
#3344 = SURFACE_STYLE_FILL_AREA ( #3484 ) ;
#3345 = VECTOR ( 'NONE', #2961, 1000.000000000000000 ) ;
#3346 = ORIENTED_EDGE ( 'NONE', *, *, #867, .T. ) ;
#3347 = STYLED_ITEM ( 'NONE', ( #461 ), #2043 ) ;
#3348 = FILL_AREA_STYLE ('',( #2279 ) ) ;
#3349 = CARTESIAN_POINT ( 'NONE',  ( 0.3494172736732569784, 0.3596399999999999042, -0.2616461587604284045 ) ) ;
#3350 = DIRECTION ( 'NONE',  ( 0.3925015156512738912, 0.000000000000000000, -0.9197513578198472928 ) ) ;
#3351 = EDGE_CURVE ( 'NONE', #2424, #1475, #1509, .T. ) ;
#3352 = CARTESIAN_POINT ( 'NONE',  ( 0.5340505671401701848, 0.3596399999999999042, -0.2303125000000000588 ) ) ;
#3353 = SURFACE_STYLE_FILL_AREA ( #1727 ) ;
#3354 = ORIENTED_EDGE ( 'NONE', *, *, #1523, .T. ) ;
#3355 = ORIENTED_EDGE ( 'NONE', *, *, #1906, .F. ) ;
#3356 = DIRECTION ( 'NONE',  ( 0.000000000000000000, 0.000000000000000000, 1.000000000000000000 ) ) ;
#3357 = EDGE_CURVE ( 'NONE', #1091, #3496, #1719, .T. ) ;
#3358 = AXIS2_PLACEMENT_3D ( 'NONE', #2903, #1839, #1855 ) ;
#3359 = UNCERTAINTY_MEASURE_WITH_UNIT (LENGTH_MEASURE( 1.000000000000000082E-05 ), #1443, 'distance_accuracy_value', 'NONE');
#3360 = VERTEX_POINT ( 'NONE', #3409 ) ;
#3361 = CARTESIAN_POINT ( 'NONE',  ( 1.022903225806451655, 0.3389200000000000546, 0.000000000000000000 ) ) ;
#3362 = CARTESIAN_POINT ( 'NONE',  ( 1.022903225806451655, 0.3389200000000000546, -0.5500000000000000444 ) ) ;
#3363 = PLANE ( 'NONE',  #633 ) ;
#3364 = CARTESIAN_POINT ( 'NONE',  ( 1.036451612903225961, 0.3492799999999999794, -0.5500000000000000444 ) ) ;
#3365 =( BOUNDED_CURVE ( )  B_SPLINE_CURVE ( 3, ( #2697, #3183, #2336, #1306 ),
 .UNSPECIFIED., .F., .F. ) 
 B_SPLINE_CURVE_WITH_KNOTS ( ( 4, 4 ),
 ( 0.000000000000000000, 0.5000000000000001110 ),
 .UNSPECIFIED. ) 
 CURVE ( )  GEOMETRIC_REPRESENTATION_ITEM ( )  RATIONAL_B_SPLINE_CURVE ( ( 1.000000000000000000, 0.6666666666666666297, 0.5000000000000000000, 0.5000000000000000000 ) ) 
 REPRESENTATION_ITEM ( '' )  );
#3366 = AXIS2_PLACEMENT_3D ( 'NONE', #1336, #1070, #3231 ) ;
#3367 = VERTEX_POINT ( 'NONE', #951 ) ;
#3368 = CARTESIAN_POINT ( 'NONE',  ( 0.6793722664423087476, 0.3597399999999998932, -0.2760461774214260644 ) ) ;
#3369 = LINE ( 'NONE', #2341, #344 ) ;
#3370 = DIRECTION ( 'NONE',  ( 0.000000000000000000, 0.000000000000000000, 1.000000000000000000 ) ) ;
#3372 = EDGE_CURVE ( 'NONE', #3014, #289, #694, .T. ) ;
#3371 = ORIENTED_EDGE ( 'NONE', *, *, #2559, .F. ) ;
#3373 = CARTESIAN_POINT ( 'NONE',  ( 0.6864516129032258718, 0.3492799999999999794, -0.5500000000000000444 ) ) ;
#3374 = EDGE_LOOP ( 'NONE', ( #1544, #3476, #76, #2730 ) ) ;
#3375 = CARTESIAN_POINT ( 'NONE',  ( 0.6396810896176550187, 0.3597400000000000597, -0.2760461774214260644 ) ) ;
#3376 = EDGE_CURVE ( 'NONE', #542, #1201, #712, .T. ) ;
#3377 = SURFACE_STYLE_FILL_AREA ( #1738 ) ;
#3378 = PRESENTATION_LAYER_ASSIGNMENT (  '', '', ( #2345 ) ) ;
#3379 = ORIENTED_EDGE ( 'NONE', *, *, #814, .T. ) ;
#3380 = CARTESIAN_POINT ( 'NONE',  ( 0.3364516129032257830, 0.3596399999999999597, -0.5500000000000000444 ) ) ;
#3381 =( LENGTH_UNIT ( ) NAMED_UNIT ( * ) SI_UNIT ( .MILLI., .METRE. ) );
#3382 = FACE_OUTER_BOUND ( 'NONE', #468, .T. ) ;
#3383 = SURFACE_STYLE_USAGE ( .BOTH. , #2834 ) ;
#3384 = FACE_OUTER_BOUND ( 'NONE', #1825, .T. ) ;
#3385 = DIRECTION ( 'NONE',  ( 0.000000000000000000, 1.000000000000000000, 0.000000000000000000 ) ) ;
#3386 =( LENGTH_UNIT ( ) NAMED_UNIT ( * ) SI_UNIT ( .MILLI., .METRE. ) );
#3387 = PRESENTATION_LAYER_ASSIGNMENT (  '', '', ( #622 ) ) ;
#3388 = UNCERTAINTY_MEASURE_WITH_UNIT (LENGTH_MEASURE( 1.000000000000000082E-05 ), #382, 'distance_accuracy_value', 'NONE');
#3389 =( GEOMETRIC_REPRESENTATION_CONTEXT ( 3 ) GLOBAL_UNCERTAINTY_ASSIGNED_CONTEXT ( ( #386 ) ) GLOBAL_UNIT_ASSIGNED_CONTEXT ( ( #928, #2052, #2310 ) ) REPRESENTATION_CONTEXT ( 'NONE', 'WORKASPACE' ) );
#3390 = EDGE_LOOP ( 'NONE', ( #1869, #122, #1561, #1845 ) ) ;
#3391 = CARTESIAN_POINT ( 'NONE',  ( 0.3817993657853980816, 0.3597399999999998932, -0.3217798548428519867 ) ) ;
#3392 = FILL_AREA_STYLE ('',( #659 ) ) ;
#3393 = MECHANICAL_DESIGN_GEOMETRIC_PRESENTATION_REPRESENTATION (  '', ( #1634 ), #3389 ) ;
#3394 = LINE ( 'NONE', #2845, #3207 ) ;
#3395 = PRESENTATION_LAYER_ASSIGNMENT (  '', '', ( #406 ) ) ;
#3396 = ORIENTED_EDGE ( 'NONE', *, *, #2830, .T. ) ;
#3397 = SURFACE_STYLE_FILL_AREA ( #430 ) ;
#3398 = CARTESIAN_POINT ( 'NONE',  ( 0.7364516129032256941, 0.000000000000000000, -0.5500000000000000444 ) ) ;
#3399 = VECTOR ( 'NONE', #3189, 1000.000000000000000 ) ;
#3400 =( NAMED_UNIT ( * ) PLANE_ANGLE_UNIT ( ) SI_UNIT ( $, .RADIAN. ) );
#3401 = COLOUR_RGB ( '',0.8980392156862745390, 0.9215686274509803377, 0.9294117647058823817 ) ;
#3402 = CARTESIAN_POINT ( 'NONE',  ( 0.4420086312041243692, 0.3596399999999999042, -0.2432824071808737110 ) ) ;
#3403 = LINE ( 'NONE', #977, #1690 ) ;
#3404 = DIRECTION ( 'NONE',  ( -1.000000000000000000, 0.000000000000000000, 0.000000000000000000 ) ) ;
#3405 = ORIENTED_EDGE ( 'NONE', *, *, #2520, .F. ) ;
#3406 = LINE ( 'NONE', #2843, #2551 ) ;
#3407 = VECTOR ( 'NONE', #2738, 1000.000000000000000 ) ;
#3408 = CARTESIAN_POINT ( 'NONE',  ( 0.4475435055841046617, 0.3597399999999998932, -0.2303125000000000588 ) ) ;
#3409 = CARTESIAN_POINT ( 'NONE',  ( 0.4845667396539459215, 0.3596399999999999042, -0.2761733598502852938 ) ) ;
#3410 = ORIENTED_EDGE ( 'NONE', *, *, #3315, .F. ) ;
#3411 = ADVANCED_FACE ( 'NONE', ( #2036 ), #2050, .F. ) ;
#3412 = DIRECTION ( 'NONE',  ( -0.9197513578198472928, 0.000000000000000000, 0.3925015156512740577 ) ) ;
#3413 = DIRECTION ( 'NONE',  ( 0.000000000000000000, 0.000000000000000000, -1.000000000000000000 ) ) ;
#3414 = CLOSED_SHELL ( 'NONE', ( #2945, #3417, #539, #2940, #2071, #213, #919, #454, #1176, #1340, #742, #813, #110, #2595 ) ) ;
#3415 = CARTESIAN_POINT ( 'NONE',  ( 1.036451612903225961, -1.276379741199286193E-19, -0.5500000000000000444 ) ) ;
#3416 = EDGE_CURVE ( 'NONE', #2688, #1277, #2537, .T. ) ;
#3417 = ADVANCED_FACE ( 'NONE', ( #1208 ), #2304, .T. ) ;
#3418 = FACE_OUTER_BOUND ( 'NONE', #220, .T. ) ;
#3419 = DIRECTION ( 'NONE',  ( 1.000000000000000000, 0.000000000000000000, 0.000000000000000000 ) ) ;
#3420 = ADVANCED_FACE ( 'NONE', ( #2602 ), #189, .T. ) ;
#3421 = CARTESIAN_POINT ( 'NONE',  ( 0.6396810896176551298, 0.3596399999999999597, -0.2760461774214260089 ) ) ;
#3422 = UNCERTAINTY_MEASURE_WITH_UNIT (LENGTH_MEASURE( 1.000000000000000082E-05 ), #1142, 'distance_accuracy_value', 'NONE');
#3423 = ORIENTED_EDGE ( 'NONE', *, *, #581, .F. ) ;
#3424 = DIRECTION ( 'NONE',  ( 1.000000000000000000, 0.000000000000000000, 0.000000000000000000 ) ) ;
#3425 =( NAMED_UNIT ( * ) SI_UNIT ( $, .STERADIAN. ) SOLID_ANGLE_UNIT ( ) );
#3426 = CARTESIAN_POINT ( 'NONE',  ( 0.3181605184615174386, 0.3596399999999999042, -0.3217798548428519867 ) ) ;
#3427 = ORIENTED_EDGE ( 'NONE', *, *, #2074, .F. ) ;
#3428 = CARTESIAN_POINT ( 'NONE',  ( 0.5340505671401701848, 0.3597399999999998932, -0.2867339163362680465 ) ) ;
#3429 = LINE ( 'NONE', #1833, #1519 ) ;
#3430 = CARTESIAN_POINT ( 'NONE',  ( -0.01354838709677419657, 0.3492799999999999794, 0.000000000000000000 ) ) ;
#3431 = LINE ( 'NONE', #2607, #1907 ) ;
#3432 = EDGE_LOOP ( 'NONE', ( #236, #3450, #1531, #1893 ) ) ;
#3433 = MECHANICAL_DESIGN_GEOMETRIC_PRESENTATION_REPRESENTATION (  '', ( #2633 ), #843 ) ;
#3434 = FACE_OUTER_BOUND ( 'NONE', #3022, .T. ) ;
#3435 = CARTESIAN_POINT ( 'NONE',  ( 0.4845667396539458660, 0.3597399999999998377, -0.2886687332882878487 ) ) ;
#3436 = VERTEX_POINT ( 'NONE', #473 ) ;
#3437 = CARTESIAN_POINT ( 'NONE',  ( 0.4024999999999999689, 0.3389200000000000546, -0.5500000000000000444 ) ) ;
#3438 = ORIENTED_EDGE ( 'NONE', *, *, #953, .F. ) ;
#3439 = MECHANICAL_DESIGN_GEOMETRIC_PRESENTATION_REPRESENTATION (  '', ( #2651 ), #861 ) ;
#3440 = PLANE ( 'NONE',  #2001 ) ;
#3441 = LINE ( 'NONE', #1262, #2883 ) ;
#3442 = VECTOR ( 'NONE', #1224, 1000.000000000000000 ) ;
#3443 = VERTEX_POINT ( 'NONE', #2371 ) ;
#3444 = LINE ( 'NONE', #240, #2309 ) ;
#3445 = DIRECTION ( 'NONE',  ( -1.000000000000000000, -0.000000000000000000, -0.000000000000000000 ) ) ;
#3446 = FILL_AREA_STYLE ('',( #2623 ) ) ;
#3447 = DIRECTION ( 'NONE',  ( 0.000000000000000000, 1.000000000000000000, 0.000000000000000000 ) ) ;
#3448 = MECHANICAL_DESIGN_GEOMETRIC_PRESENTATION_REPRESENTATION (  '', ( #406 ), #3341 ) ;
#3449 = VECTOR ( 'NONE', #2885, 1000.000000000000000 ) ;
#3450 = ORIENTED_EDGE ( 'NONE', *, *, #1787, .T. ) ;
#3451 = EDGE_CURVE ( 'NONE', #1037, #2487, #764, .T. ) ;
#3452 = FILL_AREA_STYLE_COLOUR ( '', #527 ) ;
#3453 = CARTESIAN_POINT ( 'NONE',  ( 0.000000000000000000, 0.000000000000000000, -0.5500000000000000444 ) ) ;
#3454 = DIRECTION ( 'NONE',  ( 0.000000000000000000, 0.000000000000000000, -1.000000000000000000 ) ) ;
#3455 = MECHANICAL_DESIGN_GEOMETRIC_PRESENTATION_REPRESENTATION (  '', ( #1144 ), #2030 ) ;
#3456 = EDGE_CURVE ( 'NONE', #1651, #585, #1584, .T. ) ;
#3457 = DIRECTION ( 'NONE',  ( 0.000000000000000000, 0.000000000000000000, 1.000000000000000000 ) ) ;
#3458 = ORIENTED_EDGE ( 'NONE', *, *, #2222, .F. ) ;
#3459 = ADVANCED_FACE ( 'NONE', ( #507 ), #3213, .F. ) ;
#3460 = FILL_AREA_STYLE ('',( #2085 ) ) ;
#3461 = ADVANCED_FACE ( 'NONE', ( #795 ), #219, .F. ) ;
#3462 = FILL_AREA_STYLE ('',( #3194 ) ) ;
#3463 = ORIENTED_EDGE ( 'NONE', *, *, #3416, .T. ) ;
#3464 = PRESENTATION_LAYER_ASSIGNMENT (  '', '', ( #2213 ) ) ;
#3465 = DIRECTION ( 'NONE',  ( -1.000000000000000000, 0.000000000000000000, 0.000000000000000000 ) ) ;
#3466 = DIRECTION ( 'NONE',  ( 0.000000000000000000, 0.000000000000000000, -1.000000000000000000 ) ) ;
#3467 = LINE ( 'NONE', #2958, #2862 ) ;
#3468 = EDGE_LOOP ( 'NONE', ( #890, #1728, #3240, #2112, #2142, #104, #869, #1304 ) ) ;
#3469 = CARTESIAN_POINT ( 'NONE',  ( 0.6793722664423087476, 0.3596399999999999042, -0.2760461774214260644 ) ) ;
#3470 = PRESENTATION_STYLE_ASSIGNMENT (( #246 ) ) ;
#3471 = FACE_OUTER_BOUND ( 'NONE', #33, .T. ) ;
#3472 =( BOUNDED_SURFACE ( )  B_SPLINE_SURFACE ( 3, 1, ( 
 ( #1881, #1861 ),
 ( #2925, #1048 ),
 ( #3475, #2149 ),
 ( #2981, #3006 ) ),
 .UNSPECIFIED., .F., .F., .F. ) 
 B_SPLINE_SURFACE_WITH_KNOTS ( ( 4, 4 ),
 ( 2, 2 ),
 ( 0.7500000000039990233, 1.000000000000000000 ),
 ( 0.000000000000000000, 1.000000000000000000 ),
 .UNSPECIFIED. ) 
 GEOMETRIC_REPRESENTATION_ITEM ( )  RATIONAL_B_SPLINE_SURFACE ( (
 ( 0.5000000000000000000, 0.5000000000000000000),
 ( 0.5000000000053320681, 0.5000000000053320681),
 ( 0.6666666666719986978, 0.6666666666719986978),
 ( 1.000000000000000000, 1.000000000000000000) ) ) 
 REPRESENTATION_ITEM ( '' )  SURFACE ( )  );
#3473 = ORIENTED_EDGE ( 'NONE', *, *, #2754, .F. ) ;
#3474 = MECHANICAL_DESIGN_GEOMETRIC_PRESENTATION_REPRESENTATION (  '', ( #1041 ), #1380 ) ;
#3475 = CARTESIAN_POINT ( 'NONE',  ( 0.4609292208296680848, 0.3596399999999998487, -0.2989130161315904921 ) ) ;
#3476 = ORIENTED_EDGE ( 'NONE', *, *, #316, .F. ) ;
#3477 = DIRECTION ( 'NONE',  ( 0.000000000000000000, 1.000000000000000000, 0.000000000000000000 ) ) ;
#3478 = SURFACE_SIDE_STYLE ('',( #1601 ) ) ;
#3479 = ADVANCED_FACE ( 'NONE', ( #2714 ), #331, .T. ) ;
#3480 = ORIENTED_EDGE ( 'NONE', *, *, #3245, .T. ) ;
#3481 = LINE ( 'NONE', #1058, #3112 ) ;
#3482 = CARTESIAN_POINT ( 'NONE',  ( 0.5720080092446299114, 0.3596399999999999042, -0.2981571804488010735 ) ) ;
#3483 = DIRECTION ( 'NONE',  ( 0.000000000000000000, 0.000000000000000000, 1.000000000000000000 ) ) ;
#3484 = FILL_AREA_STYLE ('',( #2393 ) ) ;
#3485 = ORIENTED_EDGE ( 'NONE', *, *, #2360, .T. ) ;
#3486 = VECTOR ( 'NONE', #1897, 1000.000000000000000 ) ;
#3487 = FACE_OUTER_BOUND ( 'NONE', #2550, .T. ) ;
#3488 = DIRECTION ( 'NONE',  ( 0.000000000000000000, 0.000000000000000000, 1.000000000000000000 ) ) ;
#3489 = LINE ( 'NONE', #304, #3321 ) ;
#3490 = VERTEX_POINT ( 'NONE', #2172 ) ;
#3491 = AXIS2_PLACEMENT_3D ( 'NONE', #2748, #2214, #1957 ) ;
#3492 = CARTESIAN_POINT ( 'NONE',  ( 0.4845667396539459770, 0.3597399999999998932, -0.2637734756351787224 ) ) ;
#3493 = ORIENTED_EDGE ( 'NONE', *, *, #1420, .F. ) ;
#3494 = CARTESIAN_POINT ( 'NONE',  ( 0.4420086312041243692, 0.3596399999999999042, -0.2432824071808737110 ) ) ;
#3495 = CARTESIAN_POINT ( 'NONE',  ( 0.5340505671401701848, 0.3597399999999998932, -0.2973072158944790599 ) ) ;
#3496 = VERTEX_POINT ( 'NONE', #617 ) ;
#3497 = EDGE_CURVE ( 'NONE', #3218, #2797, #1939, .T. ) ;
#3498 = DIRECTION ( 'NONE',  ( 0.000000000000000000, 0.000000000000000000, 1.000000000000000000 ) ) ;
#3499 = AXIS2_PLACEMENT_3D ( 'NONE', #2833, #2606, #3148 ) ;
#3500 = CARTESIAN_POINT ( 'NONE',  ( 0.6814767677148328984, 0.3597399999999998932, -0.3217798548428520977 ) ) ;
#3501 = DIRECTION ( 'NONE',  ( -0.000000000000000000, -1.000000000000000000, -0.000000000000000000 ) ) ;
ENDSEC;
END-ISO-10303-21;
