ISO-10303-21;
HEADER;
FILE_DESCRIPTION (( 'STEP AP214' ),
    '1' );
FILE_NAME ('RS_SMDCHIP_0603_L1.7W0.9T0.55B10.4B20.4.STEP',
    '2026-04-02T18:17:45',
    ( '' ),
    ( '' ),
    'SwSTEP 2.0',
    'SolidWorks 2021',
    '' );
FILE_SCHEMA (( 'AUTOMOTIVE_DESIGN' ));
ENDSEC;

DATA;
#1 = EDGE_CURVE ( 'NONE', #2749, #3432, #1639, .T. ) ;
#2 = DIRECTION ( 'NONE',  ( 0.000000000000000000, 1.000000000000000000, 0.000000000000000000 ) ) ;
#3 = PRESENTATION_STYLE_ASSIGNMENT (( #2498 ) ) ;
#4 = LINE ( 'NONE', #1359, #1126 ) ;
#5 = ORIENTED_EDGE ( 'NONE', *, *, #2098, .T. ) ;
#6 = VERTEX_POINT ( 'NONE', #285 ) ;
#7 = MECHANICAL_DESIGN_GEOMETRIC_PRESENTATION_REPRESENTATION (  '', ( #2158 ), #1314 ) ;
#8 = CARTESIAN_POINT ( 'NONE',  ( 1.099936050430404988, 0.5346999999999999531, -0.4517119266896061913 ) ) ;
#9 = CARTESIAN_POINT ( 'NONE',  ( 0.7983215644324613836, 0.5346999999999999531, -0.4865027169182387645 ) ) ;
#10 = ORIENTED_EDGE ( 'NONE', *, *, #2943, .F. ) ;
#11 = COLOUR_RGB ( '',0.8509803921568627194, 0.8509803921568627194, 0.8509803921568627194 ) ;
#12 = EDGE_CURVE ( 'NONE', #2669, #3214, #1103, .T. ) ;
#13 = CARTESIAN_POINT ( 'NONE',  ( 0.6924848844005146997, 0.5345999999999997421, -0.4582051529417540681 ) ) ;
#14 = STYLED_ITEM ( 'NONE', ( #1975 ), #1141 ) ;
#15 = CARTESIAN_POINT ( 'NONE',  ( 0.5151170298900759059, 0.5346999999999999531, -0.5265488533792125336 ) ) ;
#16 = VERTEX_POINT ( 'NONE', #2722 ) ;
#17 = LINE ( 'NONE', #549, #316 ) ;
#18 = CARTESIAN_POINT ( 'NONE',  ( -0.009816291558974827788, 0.5346999999999999531, -0.03411630942139767808 ) ) ;
#19 = CARTESIAN_POINT ( 'NONE',  ( 0.9849538863347389039, 0.5345999999999999641, -0.4682489808992192359 ) ) ;
#20 = ADVANCED_FACE ( 'NONE', ( #33 ), #123, .F. ) ;
#21 = PLANE ( 'NONE',  #2292 ) ;
#22 = EDGE_CURVE ( 'NONE', #2972, #745, #2278, .T. ) ;
#23 = ORIENTED_EDGE ( 'NONE', *, *, #3017, .F. ) ;
#24 = ORIENTED_EDGE ( 'NONE', *, *, #1015, .T. ) ;
#25 = CARTESIAN_POINT ( 'NONE',  ( 0.9261082054436873268, 0.5345999999999999641, -0.4139433132780292457 ) ) ;
#26 = ORIENTED_EDGE ( 'NONE', *, *, #12, .F. ) ;
#27 = DIRECTION ( 'NONE',  ( 0.000000000000000000, 1.000000000000000000, 0.000000000000000000 ) ) ;
#28 = AXIS2_PLACEMENT_3D ( 'NONE', #167, #900, #365 ) ;
#29 = AXIS2_PLACEMENT_3D ( 'NONE', #3201, #2935, #1294 ) ;
#30 = EDGE_CURVE ( 'NONE', #371, #1363, #944, .T. ) ;
#31 = CARTESIAN_POINT ( 'NONE',  ( 0.8173428384158958337, 0.5346999999999999531, -0.5265488533792126447 ) ) ;
#32 = CARTESIAN_POINT ( 'NONE',  ( 1.656129032258064404, 0.5038000000000001366, -0.9000000000000000222 ) ) ;
#33 = FACE_OUTER_BOUND ( 'NONE', #2336, .T. ) ;
#34 = DIRECTION ( 'NONE',  ( 1.000000000000000000, 0.000000000000000000, 0.000000000000000000 ) ) ;
#35 =( GEOMETRIC_REPRESENTATION_CONTEXT ( 3 ) GLOBAL_UNCERTAINTY_ASSIGNED_CONTEXT ( ( #68 ) ) GLOBAL_UNIT_ASSIGNED_CONTEXT ( ( #3030, #618, #2198 ) ) REPRESENTATION_CONTEXT ( 'NONE', 'WORKASPACE' ) );
#36 = LINE ( 'NONE', #1499, #2185 ) ;
#37 = DIRECTION ( 'NONE',  ( -1.000000000000000000, -3.160821637233196943E-16, 0.000000000000000000 ) ) ;
#38 = CARTESIAN_POINT ( 'NONE',  ( 0.7462663575337484811, 0.5345999999999999641, -0.4517119266896063023 ) ) ;
#39 = PRESENTATION_LAYER_ASSIGNMENT (  '', '', ( #2472 ) ) ;
#40 = EDGE_LOOP ( 'NONE', ( #2710, #1361, #920, #199, #715, #1238, #2174, #59, #436, #1595, #1630, #3091, #452 ) ) ;
#41 = VECTOR ( 'NONE', #495, 1000.000000000000000 ) ;
#42 = ORIENTED_EDGE ( 'NONE', *, *, #522, .F. ) ;
#43 = STYLED_ITEM ( 'NONE', ( #1997 ), #20 ) ;
#44 = FACE_OUTER_BOUND ( 'NONE', #1930, .T. ) ;
#45 = CARTESIAN_POINT ( 'NONE',  ( 0.000000000000000000, 0.000000000000000000, -0.9000000000000000222 ) ) ;
#46 = ORIENTED_EDGE ( 'NONE', *, *, #2536, .T. ) ;
#47 = CARTESIAN_POINT ( 'NONE',  ( 0.5151170298900759059, 0.5345999999999999641, -0.5265488533792125336 ) ) ;
#48 = LINE ( 'NONE', #1672, #3250 ) ;
#49 = FACE_OUTER_BOUND ( 'NONE', #2179, .T. ) ;
#50 = EDGE_CURVE ( 'NONE', #2036, #2104, #1727, .T. ) ;
#51 = DIRECTION ( 'NONE',  ( -1.000000000000000000, -3.520136923654273707E-15, 0.000000000000000000 ) ) ;
#52 = FACE_OUTER_BOUND ( 'NONE', #806, .T. ) ;
#53 = EDGE_CURVE ( 'NONE', #86, #860, #3064, .T. ) ;
#54 = AXIS2_PLACEMENT_3D ( 'NONE', #93, #1422, #1969 ) ;
#55 = CARTESIAN_POINT ( 'NONE',  ( 0.7462663575337484811, 0.5346999999999999531, -0.4517119266896063023 ) ) ;
#56 = DIRECTION ( 'NONE',  ( 0.000000000000000000, 1.000000000000000000, 0.000000000000000000 ) ) ;
#57 = LINE ( 'NONE', #3295, #2165 ) ;
#58 = DIRECTION ( 'NONE',  ( -0.3472853065715590937, 0.000000000000000000, 0.9377595191942859065 ) ) ;
#59 = ORIENTED_EDGE ( 'NONE', *, *, #1053, .T. ) ;
#60 = EDGE_LOOP ( 'NONE', ( #3005, #1330, #2486, #853 ) ) ;
#61 = FACE_OUTER_BOUND ( 'NONE', #1296, .T. ) ;
#62 = CARTESIAN_POINT ( 'NONE',  ( 0.8646532991793240974, 0.5346999999999999531, -0.4692009540048023841 ) ) ;
#63 = ORIENTED_EDGE ( 'NONE', *, *, #2199, .T. ) ;
#64 = ORIENTED_EDGE ( 'NONE', *, *, #499, .T. ) ;
#65 = SURFACE_STYLE_USAGE ( .BOTH. , #1721 ) ;
#66 = SURFACE_STYLE_USAGE ( .BOTH. , #2989 ) ;
#67 = VECTOR ( 'NONE', #731, 1000.000000000000000 ) ;
#68 = UNCERTAINTY_MEASURE_WITH_UNIT (LENGTH_MEASURE( 1.000000000000000082E-05 ), #3030, 'distance_accuracy_value', 'NONE');
#69 = CARTESIAN_POINT ( 'NONE',  ( 0.6609518911788154760, 0.5345999999999999641, -0.5265488533792125336 ) ) ;
#70 = CARTESIAN_POINT ( 'NONE',  ( 0.6181513541287398938, 0.5345999999999999641, -0.5265488533792125336 ) ) ;
#71 = VECTOR ( 'NONE', #1118, 1000.000000000000000 ) ;
#72 = EDGE_CURVE ( 'NONE', #763, #2432, #2022, .T. ) ;
#73 = LINE ( 'NONE', #1591, #1355 ) ;
#74 = VECTOR ( 'NONE', #2960, 1000.000000000000000 ) ;
#75 = PRESENTATION_STYLE_ASSIGNMENT (( #584 ) ) ;
#76 = STYLED_ITEM ( 'NONE', ( #2312 ), #967 ) ;
#77 = PRESENTATION_STYLE_ASSIGNMENT (( #1932 ) ) ;
#78 =( NAMED_UNIT ( * ) SI_UNIT ( $, .STERADIAN. ) SOLID_ANGLE_UNIT ( ) );
#79 = EDGE_CURVE ( 'NONE', #3426, #2568, #350, .T. ) ;
#80 = CARTESIAN_POINT ( 'NONE',  ( 0.8646532991793234313, 0.5345999999999999641, -0.5265488533792125336 ) ) ;
#81 = LINE ( 'NONE', #2798, #930 ) ;
#82 = DIRECTION ( 'NONE',  ( 0.000000000000000000, 1.000000000000000000, 0.000000000000000000 ) ) ;
#83 = ORIENTED_EDGE ( 'NONE', *, *, #1722, .T. ) ;
#84 = ORIENTED_EDGE ( 'NONE', *, *, #1227, .T. ) ;
#85 = LINE ( 'NONE', #2466, #2061 ) ;
#86 = VERTEX_POINT ( 'NONE', #1465 ) ;
#87 = FILL_AREA_STYLE_COLOUR ( '', #2608 ) ;
#88 = PRESENTATION_STYLE_ASSIGNMENT (( #66 ) ) ;
#89 = FACE_OUTER_BOUND ( 'NONE', #3438, .T. ) ;
#90 = LINE ( 'NONE', #2247, #434 ) ;
#91 = DIRECTION ( 'NONE',  ( 0.000000000000000000, 0.000000000000000000, 1.000000000000000000 ) ) ;
#92 = STYLED_ITEM ( 'NONE', ( #3 ), #876 ) ;
#93 = CARTESIAN_POINT ( 'NONE',  ( 0.9921934257978403116, 0.5345999999999999641, -0.3768750000000000155 ) ) ;
#94 = MECHANICAL_DESIGN_GEOMETRIC_PRESENTATION_REPRESENTATION (  '', ( #2737 ), #2796 ) ;
#95 = EDGE_CURVE ( 'NONE', #279, #306, #882, .T. ) ;
#96 = CARTESIAN_POINT ( 'NONE',  ( 0.6103457160740941578, 0.5345999999999999641, -0.4281482597897918185 ) ) ;
#97 = DIRECTION ( 'NONE',  ( 0.000000000000000000, 0.000000000000000000, 1.000000000000000000 ) ) ;
#98 = PLANE ( 'NONE',  #1850 ) ;
#99 = ORIENTED_EDGE ( 'NONE', *, *, #1810, .F. ) ;
#100 = ADVANCED_FACE ( 'NONE', ( #1989 ), #1767, .T. ) ;
#101 = VERTEX_POINT ( 'NONE', #383 ) ;
#102 = AXIS2_PLACEMENT_3D ( 'NONE', #96, #2267, #1460 ) ;
#103 = SURFACE_STYLE_FILL_AREA ( #1449 ) ;
#104 = ORIENTED_EDGE ( 'NONE', *, *, #3299, .F. ) ;
#105 = PRESENTATION_STYLE_ASSIGNMENT (( #2751 ) ) ;
#106 = CARTESIAN_POINT ( 'NONE',  ( 0.6103457160740941578, 0.5346999999999999531, -0.3768750000000000155 ) ) ;
#107 = PRESENTATION_LAYER_ASSIGNMENT (  '', '', ( #959 ) ) ;
#108 = CARTESIAN_POINT ( 'NONE',  ( 0.8173428384158958337, 0.5345999999999998531, -0.5265488533792126447 ) ) ;
#109 = FILL_AREA_STYLE ('',( #1968 ) ) ;
#110 = CARTESIAN_POINT ( 'NONE',  ( -0.02193548387096774452, 0.000000000000000000, -0.9000000000000000222 ) ) ;
#111 = CARTESIAN_POINT ( 'NONE',  ( 0.6693367468514946905, 0.5346999999999999531, -0.3980984844777932796 ) ) ;
#112 = MECHANICAL_DESIGN_GEOMETRIC_PRESENTATION_REPRESENTATION (  '', ( #1757 ), #1643 ) ;
#113 =( NAMED_UNIT ( * ) PLANE_ANGLE_UNIT ( ) SI_UNIT ( $, .RADIAN. ) );
#114 = DIRECTION ( 'NONE',  ( 0.000000000000000000, -1.000000000000000000, 0.000000000000000000 ) ) ;
#115 = PLANE ( 'NONE',  #3046 ) ;
#116 = ORIENTED_EDGE ( 'NONE', *, *, #3230, .T. ) ;
#117 = ADVANCED_FACE ( 'NONE', ( #919 ), #902, .T. ) ;
#118 = ORIENTED_EDGE ( 'NONE', *, *, #3223, .F. ) ;
#119 =( NAMED_UNIT ( * ) SI_UNIT ( $, .STERADIAN. ) SOLID_ANGLE_UNIT ( ) );
#120 = EDGE_CURVE ( 'NONE', #696, #101, #2783, .T. ) ;
#121 = CARTESIAN_POINT ( 'NONE',  ( 0.6609518911788154760, 0.5346999999999999531, -0.5265488533792125336 ) ) ;
#122 = VECTOR ( 'NONE', #3350, 1000.000000000000000 ) ;
#123 = PLANE ( 'NONE',  #3102 ) ;
#124 = DIRECTION ( 'NONE',  ( 0.000000000000000000, 1.000000000000000000, 0.000000000000000000 ) ) ;
#125 = VECTOR ( 'NONE', #3405, 1000.000000000000114 ) ;
#126 = CARTESIAN_POINT ( 'NONE',  ( 0.7156330219495348199, 0.5345999999999999641, -0.3980984844777932796 ) ) ;
#127 =( LENGTH_UNIT ( ) NAMED_UNIT ( * ) SI_UNIT ( .MILLI., .METRE. ) );
#128 = PLANE ( 'NONE',  #2613 ) ;
#129 = COLOUR_RGB ( '',0.8509803921568627194, 0.8509803921568627194, 0.8509803921568627194 ) ;
#130 = DIRECTION ( 'NONE',  ( 0.000000000000000000, 0.000000000000000000, -1.000000000000000000 ) ) ;
#131 = ORIENTED_EDGE ( 'NONE', *, *, #464, .T. ) ;
#132 = EDGE_CURVE ( 'NONE', #825, #152, #2533, .T. ) ;
#133 = UNCERTAINTY_MEASURE_WITH_UNIT (LENGTH_MEASURE( 1.000000000000000082E-05 ), #1215, 'distance_accuracy_value', 'NONE');
#134 = ORIENTED_EDGE ( 'NONE', *, *, #1941, .F. ) ;
#135 = CARTESIAN_POINT ( 'NONE',  ( 0.7846025099045479401, 0.5346000000000000751, -0.4494008124546169936 ) ) ;
#136 = FILL_AREA_STYLE_COLOUR ( '', #181 ) ;
#137 = DIRECTION ( 'NONE',  ( 1.000000000000000000, -3.160821637233196943E-16, 0.000000000000000000 ) ) ;
#138 = LINE ( 'NONE', #915, #2863 ) ;
#139 = ADVANCED_FACE ( 'NONE', ( #2284 ), #115, .T. ) ;
#140 = CARTESIAN_POINT ( 'NONE',  ( 1.099936050430404988, 0.5345999999999998531, -0.4291579893033363735 ) ) ;
#141 =( LENGTH_UNIT ( ) NAMED_UNIT ( * ) SI_UNIT ( .MILLI., .METRE. ) );
#142 = UNCERTAINTY_MEASURE_WITH_UNIT (LENGTH_MEASURE( 1.000000000000000082E-05 ), #1764, 'distance_accuracy_value', 'NONE');
#143 = DIRECTION ( 'NONE',  ( 1.000000000000000000, 0.000000000000000000, 0.000000000000000000 ) ) ;
#144 =( GEOMETRIC_REPRESENTATION_CONTEXT ( 3 ) GLOBAL_UNCERTAINTY_ASSIGNED_CONTEXT ( ( #1747 ) ) GLOBAL_UNIT_ASSIGNED_CONTEXT ( ( #2740, #1696, #1388 ) ) REPRESENTATION_CONTEXT ( 'NONE', 'WORKASPACE' ) );
#145 = VECTOR ( 'NONE', #1144, 1000.000000000000000 ) ;
#146 = LINE ( 'NONE', #2747, #2462 ) ;
#147 = MECHANICAL_DESIGN_GEOMETRIC_PRESENTATION_REPRESENTATION (  '', ( #1224 ), #2006 ) ;
#148 =( NAMED_UNIT ( * ) PLANE_ANGLE_UNIT ( ) SI_UNIT ( $, .RADIAN. ) );
#149 = PLANE ( 'NONE',  #1554 ) ;
#150 = FILL_AREA_STYLE ('',( #2332 ) ) ;
#151 = ORIENTED_EDGE ( 'NONE', *, *, #1593, .F. ) ;
#152 = VERTEX_POINT ( 'NONE', #2480 ) ;
#153 = DIRECTION ( 'NONE',  ( -0.3922395649424729736, 0.000000000000000000, -0.9198631005175387232 ) ) ;
#154 = EDGE_LOOP ( 'NONE', ( #42, #1003, #1451, #2468 ) ) ;
#155 = SURFACE_STYLE_FILL_AREA ( #1221 ) ;
#156 = PRESENTATION_STYLE_ASSIGNMENT (( #1851 ) ) ;
#157 = VECTOR ( 'NONE', #2407, 1000.000000000000000 ) ;
#158 = AXIS2_PLACEMENT_3D ( 'NONE', #3433, #1825, #1283 ) ;
#159 = DIRECTION ( 'NONE',  ( 1.000000000000000000, 0.000000000000000000, 0.000000000000000000 ) ) ;
#160 = VECTOR ( 'NONE', #367, 1000.000000000000000 ) ;
#161 = EDGE_CURVE ( 'NONE', #482, #485, #1977, .T. ) ;
#162 = CARTESIAN_POINT ( 'NONE',  ( 0.7156330219495348199, 0.5345999999999999641, -0.3980984844777932796 ) ) ;
#163 = PRESENTATION_LAYER_ASSIGNMENT (  '', '', ( #43 ) ) ;
#164 = LINE ( 'NONE', #2461, #1462 ) ;
#165 = VERTEX_POINT ( 'NONE', #1410 ) ;
#166 = CARTESIAN_POINT ( 'NONE',  ( 0.8124387813336694242, 0.5345999999999999641, -0.4333628294352412369 ) ) ;
#167 = CARTESIAN_POINT ( 'NONE',  ( 1.278064516129032047, 0.000000000000000000, -0.9000000000000000222 ) ) ;
#168 = EDGE_CURVE ( 'NONE', #1599, #3352, #1199, .T. ) ;
#169 = DIRECTION ( 'NONE',  ( 0.000000000000000000, 0.000000000000000000, 1.000000000000000000 ) ) ;
#170 = ORIENTED_EDGE ( 'NONE', *, *, #404, .T. ) ;
#171 = ORIENTED_EDGE ( 'NONE', *, *, #1532, .T. ) ;
#172 = DIRECTION ( 'NONE',  ( 0.000000000000000000, 0.000000000000000000, -1.000000000000000000 ) ) ;
#173 =( BOUNDED_CURVE ( )  B_SPLINE_CURVE ( 3, ( #2999, #1920, #3314, #603 ),
 .UNSPECIFIED., .F., .F. ) 
 B_SPLINE_CURVE_WITH_KNOTS ( ( 4, 4 ),
 ( 0.5000000000000001110, 1.000000000000000000 ),
 .UNSPECIFIED. ) 
 CURVE ( )  GEOMETRIC_REPRESENTATION_ITEM ( )  RATIONAL_B_SPLINE_CURVE ( ( 0.5000000000000000000, 0.5000000000000001110, 0.6666666666666667407, 1.000000000000000000 ) ) 
 REPRESENTATION_ITEM ( '' )  );
#174 = ORIENTED_EDGE ( 'NONE', *, *, #3436, .F. ) ;
#175 = SURFACE_STYLE_USAGE ( .BOTH. , #1529 ) ;
#176 = SURFACE_SIDE_STYLE ('',( #2060 ) ) ;
#177 = FACE_OUTER_BOUND ( 'NONE', #2464, .T. ) ;
#178 =( NAMED_UNIT ( * ) PLANE_ANGLE_UNIT ( ) SI_UNIT ( $, .RADIAN. ) );
#179 = UNCERTAINTY_MEASURE_WITH_UNIT (LENGTH_MEASURE( 1.000000000000000082E-05 ), #2162, 'distance_accuracy_value', 'NONE');
#180 = LINE ( 'NONE', #2049, #445 ) ;
#181 = COLOUR_RGB ( '',0.8980392156862745390, 0.9215686274509803377, 0.9294117647058823817 ) ;
#182 = ORIENTED_EDGE ( 'NONE', *, *, #1031, .T. ) ;
#183 =( NAMED_UNIT ( * ) PLANE_ANGLE_UNIT ( ) SI_UNIT ( $, .RADIAN. ) );
#184 = MECHANICAL_DESIGN_GEOMETRIC_PRESENTATION_REPRESENTATION (  '', ( #2721 ), #756 ) ;
#185 = FACE_BOUND ( 'NONE', #2023, .T. ) ;
#186 = CARTESIAN_POINT ( 'NONE',  ( 0.000000000000000000, 0.000000000000000000, -0.9000000000000000222 ) ) ;
#187 = VERTEX_POINT ( 'NONE', #1701 ) ;
#188 = ADVANCED_FACE ( 'NONE', ( #2766 ), #644, .T. ) ;
#189 = MECHANICAL_DESIGN_GEOMETRIC_PRESENTATION_REPRESENTATION (  '', ( #3347 ), #1263 ) ;
#190 = VECTOR ( 'NONE', #1165, 1000.000000000000000 ) ;
#191 = ORIENTED_EDGE ( 'NONE', *, *, #3230, .F. ) ;
#192 = CARTESIAN_POINT ( 'NONE',  ( 0.5151170298900759059, 0.5345999999999999641, -0.5265488533792125336 ) ) ;
#193 = ORIENTED_EDGE ( 'NONE', *, *, #1951, .T. ) ;
#194 = CARTESIAN_POINT ( 'NONE',  ( 0.6103457160740941578, 0.5346999999999999531, -0.4281482597897918185 ) ) ;
#195 =( BOUNDED_CURVE ( )  B_SPLINE_CURVE ( 3, ( #427, #2557, #3118, #2541, #1515, #140, #1477 ),
 .UNSPECIFIED., .F., .T. ) 
 B_SPLINE_CURVE_WITH_KNOTS ( ( 4, 3, 4 ),
 ( 0.7500000000000000000, 1.000000000000000000, 1.249999999999999556 ),
 .UNSPECIFIED. ) 
 CURVE ( )  GEOMETRIC_REPRESENTATION_ITEM ( )  RATIONAL_B_SPLINE_CURVE ( ( 0.5000000000000000000, 0.5000000000000000000, 0.6666666666666667407, 1.000000000000000000, 0.6666666666666672958, 0.5000000000000006661, 0.5000000000000000000 ) ) 
 REPRESENTATION_ITEM ( '' )  );
#196 = ORIENTED_EDGE ( 'NONE', *, *, #2233, .F. ) ;
#197 = SURFACE_SIDE_STYLE ('',( #2047 ) ) ;
#198 = EDGE_CURVE ( 'NONE', #3271, #3498, #2272, .T. ) ;
#199 = ORIENTED_EDGE ( 'NONE', *, *, #862, .T. ) ;
#200 = LINE ( 'NONE', #546, #1909 ) ;
#201 = PRESENTATION_LAYER_ASSIGNMENT (  '', '', ( #2737 ) ) ;
#202 =( GEOMETRIC_REPRESENTATION_CONTEXT ( 3 ) GLOBAL_UNCERTAINTY_ASSIGNED_CONTEXT ( ( #547 ) ) GLOBAL_UNIT_ASSIGNED_CONTEXT ( ( #879, #2741, #2442 ) ) REPRESENTATION_CONTEXT ( 'NONE', 'WORKASPACE' ) );
#203 = DIRECTION ( 'NONE',  ( 0.000000000000000000, 1.000000000000000000, 0.000000000000000000 ) ) ;
#204 = VECTOR ( 'NONE', #2176, 1000.000000000000000 ) ;
#205 = FILL_AREA_STYLE ('',( #2591 ) ) ;
#206 = EDGE_CURVE ( 'NONE', #1788, #3302, #935, .T. ) ;
#207 = ORIENTED_EDGE ( 'NONE', *, *, #1347, .F. ) ;
#208 = CARTESIAN_POINT ( 'NONE',  ( 0.7640562939950138466, 0.5345999999999999641, -0.3768750000000000155 ) ) ;
#209 = PLANE ( 'NONE',  #774 ) ;
#210 = VECTOR ( 'NONE', #897, 1000.000000000000000 ) ;
#211 = ORIENTED_EDGE ( 'NONE', *, *, #1645, .F. ) ;
#212 = EDGE_CURVE ( 'NONE', #1307, #2191, #3333, .T. ) ;
#213 = LINE ( 'NONE', #1343, #1472 ) ;
#214 = VERTEX_POINT ( 'NONE', #1147 ) ;
#215 = PRESENTATION_STYLE_ASSIGNMENT (( #2973 ) ) ;
#216 = UNCERTAINTY_MEASURE_WITH_UNIT (LENGTH_MEASURE( 1.000000000000000082E-05 ), #3343, 'distance_accuracy_value', 'NONE');
#217 = PLANE ( 'NONE',  #1846 ) ;
#218 = AXIS2_PLACEMENT_3D ( 'NONE', #1535, #1809, #2875 ) ;
#219 = VERTEX_POINT ( 'NONE', #3107 ) ;
#220 = CARTESIAN_POINT ( 'NONE',  ( 0.8173815710082488195, 0.5346999999999999531, -0.4865027169182388200 ) ) ;
#221 = DIRECTION ( 'NONE',  ( 1.000000000000000000, 0.000000000000000000, 0.000000000000000000 ) ) ;
#222 = DIRECTION ( 'NONE',  ( 1.000000000000000000, 0.000000000000000000, 0.000000000000000000 ) ) ;
#223 = DIRECTION ( 'NONE',  ( 0.000000000000000000, 1.000000000000000000, 0.000000000000000000 ) ) ;
#224 = CARTESIAN_POINT ( 'NONE',  ( 1.656129032258064404, 0.5038000000000001366, -0.9000000000000000222 ) ) ;
#225 = EDGE_CURVE ( 'NONE', #2319, #460, #2221, .T. ) ;
#226 = ORIENTED_EDGE ( 'NONE', *, *, #1840, .T. ) ;
#227 =( NAMED_UNIT ( * ) PLANE_ANGLE_UNIT ( ) SI_UNIT ( $, .RADIAN. ) );
#228 = FACE_OUTER_BOUND ( 'NONE', #270, .T. ) ;
#229 = CARTESIAN_POINT ( 'NONE',  ( 1.678064516129031958, -0.01539999999999995713, -0.9000000000000000222 ) ) ;
#230 = VERTEX_POINT ( 'NONE', #2239 ) ;
#231 = SURFACE_SIDE_STYLE ('',( #3476 ) ) ;
#232 = VECTOR ( 'NONE', #1831, 1000.000000000000000 ) ;
#233 = ORIENTED_EDGE ( 'NONE', *, *, #1243, .F. ) ;
#234 = ADVANCED_FACE ( 'NONE', ( #695 ), #98, .T. ) ;
#235 = LINE ( 'NONE', #1045, #1911 ) ;
#236 = VERTEX_POINT ( 'NONE', #3416 ) ;
#237 =( NAMED_UNIT ( * ) PLANE_ANGLE_UNIT ( ) SI_UNIT ( $, .RADIAN. ) );
#238 =( NAMED_UNIT ( * ) PLANE_ANGLE_UNIT ( ) SI_UNIT ( $, .RADIAN. ) );
#239 = CARTESIAN_POINT ( 'NONE',  ( 0.5657232049947971131, 0.5345999999999999641, -0.3768750000000000155 ) ) ;
#240 = FILL_AREA_STYLE_COLOUR ( '', #453 ) ;
#241 = CARTESIAN_POINT ( 'NONE',  ( 0.8646532991793240974, 0.5345999999999999641, -0.3768750000000000155 ) ) ;
#242 = AXIS2_PLACEMENT_3D ( 'NONE', #1101, #298, #1173 ) ;
#243 = ORIENTED_EDGE ( 'NONE', *, *, #1828, .T. ) ;
#244 = ORIENTED_EDGE ( 'NONE', *, *, #1819, .T. ) ;
#245 = EDGE_CURVE ( 'NONE', #578, #249, #1252, .T. ) ;
#246 = CARTESIAN_POINT ( 'NONE',  ( 1.067805097762828392, 0.5346999999999999531, -0.4517119266896063023 ) ) ;
#247 = CARTESIAN_POINT ( 'NONE',  ( 0.3780645161290323020, 0.5191999999999998838, -0.9000000000000000222 ) ) ;
#248 = UNCERTAINTY_MEASURE_WITH_UNIT (LENGTH_MEASURE( 1.000000000000000082E-05 ), #3199, 'distance_accuracy_value', 'NONE');
#249 = VERTEX_POINT ( 'NONE', #2881 ) ;
#250 = SURFACE_STYLE_USAGE ( .BOTH. , #1276 ) ;
#251 = CARTESIAN_POINT ( 'NONE',  ( 0.8646532991793234313, 0.5345999999999999641, -0.5265488533792125336 ) ) ;
#252 = EDGE_CURVE ( 'NONE', #2319, #1845, #760, .T. ) ;
#253 = ORIENTED_EDGE ( 'NONE', *, *, #344, .T. ) ;
#254 = DIRECTION ( 'NONE',  ( 0.000000000000000000, 1.000000000000000000, 0.000000000000000000 ) ) ;
#255 = LINE ( 'NONE', #3159, #1050 ) ;
#256 = SURFACE_SIDE_STYLE ('',( #2673 ) ) ;
#257 = DIRECTION ( 'NONE',  ( 0.000000000000000000, 0.000000000000000000, 1.000000000000000000 ) ) ;
#258 = AXIS2_PLACEMENT_3D ( 'NONE', #717, #747, #2356 ) ;
#259 = VERTEX_POINT ( 'NONE', #778 ) ;
#260 = ORIENTED_EDGE ( 'NONE', *, *, #161, .F. ) ;
#261 = FACE_OUTER_BOUND ( 'NONE', #3318, .T. ) ;
#262 = DIRECTION ( 'NONE',  ( 3.089178984103918623E-16, 1.000000000000000000, -0.000000000000000000 ) ) ;
#263 = ORIENTED_EDGE ( 'NONE', *, *, #378, .F. ) ;
#264 = DIRECTION ( 'NONE',  ( 0.000000000000000000, 0.000000000000000000, 1.000000000000000000 ) ) ;
#265 = ORIENTED_EDGE ( 'NONE', *, *, #2556, .T. ) ;
#266 = SURFACE_SIDE_STYLE ('',( #1601 ) ) ;
#267 = PLANE ( 'NONE',  #3376 ) ;
#268 = ADVANCED_FACE ( 'NONE', ( #2370 ), #3140, .T. ) ;
#269 = EDGE_CURVE ( 'NONE', #3412, #2568, #1556, .T. ) ;
#270 = EDGE_LOOP ( 'NONE', ( #867, #811, #2603, #3261 ) ) ;
#271 = CARTESIAN_POINT ( 'NONE',  ( 0.9967286168785487455, 0.5345999999999998531, -0.3020380733103935622 ) ) ;
#272 = FACE_OUTER_BOUND ( 'NONE', #1007, .T. ) ;
#273 = AXIS2_PLACEMENT_3D ( 'NONE', #1929, #3026, #301 ) ;
#274 = PLANE ( 'NONE',  #2977 ) ;
#275 = LINE ( 'NONE', #1441, #739 ) ;
#276 = EDGE_CURVE ( 'NONE', #564, #2745, #1827, .T. ) ;
#277 = CARTESIAN_POINT ( 'NONE',  ( 0.8124387813336694242, 0.5346999999999999531, -0.4333628294352412369 ) ) ;
#278 = DIRECTION ( 'NONE',  ( 0.000000000000000000, 1.000000000000000000, 0.000000000000000000 ) ) ;
#279 = VERTEX_POINT ( 'NONE', #2902 ) ;
#280 = ORIENTED_EDGE ( 'NONE', *, *, #293, .T. ) ;
#281 = CARTESIAN_POINT ( 'NONE',  ( 1.099936050430404988, 0.5346999999999998421, -0.4291579893033363735 ) ) ;
#282 = PRESENTATION_STYLE_ASSIGNMENT (( #1079 ) ) ;
#283 = EDGE_LOOP ( 'NONE', ( #2502, #99, #2436, #1867, #3337, #2345, #3447, #605 ) ) ;
#284 = FILL_AREA_STYLE ('',( #3478 ) ) ;
#285 = CARTESIAN_POINT ( 'NONE',  ( 0.9921934257978403116, 0.5345999999999999641, -0.4878935680071291858 ) ) ;
#286 = CARTESIAN_POINT ( 'NONE',  ( 0.000000000000000000, 0.000000000000000000, 0.000000000000000000 ) ) ;
#287 = DIRECTION ( 'NONE',  ( -0.9198631005175387232, 0.000000000000000000, -0.3922395649424729736 ) ) ;
#288 = DIRECTION ( 'NONE',  ( 1.000000000000000000, 0.000000000000000000, 0.000000000000000000 ) ) ;
#289 = CARTESIAN_POINT ( 'NONE',  ( 0.000000000000000000, 0.000000000000000000, -0.9000000000000000222 ) ) ;
#290 = CARTESIAN_POINT ( 'NONE',  ( 0.8173428384180084771, 0.5345999999999999641, -0.3768749999999999045 ) ) ;
#291 = LINE ( 'NONE', #241, #1581 ) ;
#292 = ORIENTED_EDGE ( 'NONE', *, *, #2361, .F. ) ;
#293 = EDGE_CURVE ( 'NONE', #885, #3136, #493, .T. ) ;
#294 = ORIENTED_EDGE ( 'NONE', *, *, #1273, .F. ) ;
#295 = PRESENTATION_LAYER_ASSIGNMENT (  '', '', ( #469 ) ) ;
#296 = DIRECTION ( 'NONE',  ( -0.3340201812137824078, -0.000000000000000000, -0.9425659226504594645 ) ) ;
#297 = ORIENTED_EDGE ( 'NONE', *, *, #2453, .T. ) ;
#298 = DIRECTION ( 'NONE',  ( 0.000000000000000000, 1.000000000000000000, 0.000000000000000000 ) ) ;
#299 = FACE_OUTER_BOUND ( 'NONE', #2618, .T. ) ;
#300 = PRESENTATION_LAYER_ASSIGNMENT (  '', '', ( #1824 ) ) ;
#301 = DIRECTION ( 'NONE',  ( 1.000000000000000000, 0.000000000000000000, -0.000000000000000000 ) ) ;
#302 = VERTEX_POINT ( 'NONE', #1502 ) ;
#303 = ADVANCED_FACE ( 'NONE', ( #1573 ), #1642, .T. ) ;
#304 = LINE ( 'NONE', #80, #2795 ) ;
#305 = DIRECTION ( 'NONE',  ( 1.000000000000000000, 0.000000000000000000, 0.000000000000000000 ) ) ;
#306 = VERTEX_POINT ( 'NONE', #2925 ) ;
#307 = VERTEX_POINT ( 'NONE', #817 ) ;
#308 = CARTESIAN_POINT ( 'NONE',  ( 1.067805097762828392, 0.5346999999999999531, -0.4178810206102016589 ) ) ;
#309 = CARTESIAN_POINT ( 'NONE',  ( 0.9261082054436873268, 0.5345999999999999641, -0.4682489808992192359 ) ) ;
#310 = UNCERTAINTY_MEASURE_WITH_UNIT (LENGTH_MEASURE( 1.000000000000000082E-05 ), #2141, 'distance_accuracy_value', 'NONE');
#311 = EDGE_CURVE ( 'NONE', #1411, #1447, #1335, .T. ) ;
#312 = ORIENTED_EDGE ( 'NONE', *, *, #3223, .T. ) ;
#313 = PLANE ( 'NONE',  #1207 ) ;
#314 = VECTOR ( 'NONE', #869, 1000.000000000000000 ) ;
#315 = DIRECTION ( 'NONE',  ( 0.000000000000000000, 0.000000000000000000, 1.000000000000000000 ) ) ;
#316 = VECTOR ( 'NONE', #813, 1000.000000000000000 ) ;
#317 = MECHANICAL_DESIGN_GEOMETRIC_PRESENTATION_REPRESENTATION (  '', ( #1737 ), #2564 ) ;
#318 = CARTESIAN_POINT ( 'NONE',  ( 0.7699585178275605291, 0.5345999999999998531, -0.5265488533777158420 ) ) ;
#319 = EDGE_CURVE ( 'NONE', #1043, #2322, #73, .T. ) ;
#320 = PLANE ( 'NONE',  #273 ) ;
#321 = DIRECTION ( 'NONE',  ( 0.000000000000000000, 0.000000000000000000, 1.000000000000000000 ) ) ;
#322 = SURFACE_SIDE_STYLE ('',( #1950 ) ) ;
#323 = CARTESIAN_POINT ( 'NONE',  ( 1.099936050430405210, 0.5346999999999998421, -0.4742658640758759536 ) ) ;
#324 = MECHANICAL_DESIGN_GEOMETRIC_PRESENTATION_REPRESENTATION (  '', ( #2641 ), #3322 ) ;
#325 = VECTOR ( 'NONE', #3449, 1000.000000000000000 ) ;
#326 = DIRECTION ( 'NONE',  ( 1.000000000000000000, 0.000000000000000000, 0.000000000000000000 ) ) ;
#327 = VECTOR ( 'NONE', #986, 1000.000000000000000 ) ;
#328 = SURFACE_STYLE_USAGE ( .BOTH. , #3104 ) ;
#329 = CARTESIAN_POINT ( 'NONE',  ( 1.035674145095251575, 0.5345999999999999641, -0.4517119266896063023 ) ) ;
#330 = DIRECTION ( 'NONE',  ( 0.000000000000000000, 0.000000000000000000, -1.000000000000000000 ) ) ;
#331 = ORIENTED_EDGE ( 'NONE', *, *, #22, .F. ) ;
#332 = VECTOR ( 'NONE', #91, 1000.000000000000000 ) ;
#333 = ORIENTED_EDGE ( 'NONE', *, *, #1347, .T. ) ;
#334 = CLOSED_SHELL ( 'NONE', ( #100, #2149, #2440, #1381, #2265, #1666, #1250, #2965, #2188, #827, #1267 ) ) ;
#335 = DIRECTION ( 'NONE',  ( 1.000000000000000000, 3.089178984103918623E-16, 0.000000000000000000 ) ) ;
#336 = DIRECTION ( 'NONE',  ( 0.000000000000000000, 1.000000000000000000, 0.000000000000000000 ) ) ;
#337 = EDGE_CURVE ( 'NONE', #387, #3141, #2450, .T. ) ;
#338 = ORIENTED_EDGE ( 'NONE', *, *, #581, .F. ) ;
#339 = ORIENTED_EDGE ( 'NONE', *, *, #1722, .F. ) ;
#340 =( NAMED_UNIT ( * ) PLANE_ANGLE_UNIT ( ) SI_UNIT ( $, .RADIAN. ) );
#341 = FACE_OUTER_BOUND ( 'NONE', #1325, .T. ) ;
#342 = SURFACE_STYLE_FILL_AREA ( #616 ) ;
#343 = SURFACE_STYLE_FILL_AREA ( #1617 ) ;
#344 = EDGE_CURVE ( 'NONE', #1121, #3002, #275, .T. ) ;
#345 = DIRECTION ( 'NONE',  ( -1.000000000000000000, 0.000000000000000000, 0.000000000000000000 ) ) ;
#346 =( NAMED_UNIT ( * ) SI_UNIT ( $, .STERADIAN. ) SOLID_ANGLE_UNIT ( ) );
#347 = LINE ( 'NONE', #3276, #777 ) ;
#348 = CARTESIAN_POINT ( 'NONE',  ( 1.278064516129032047, 0.000000000000000000, 0.000000000000000000 ) ) ;
#349 = FACE_OUTER_BOUND ( 'NONE', #794, .T. ) ;
#350 = LINE ( 'NONE', #1482, #467 ) ;
#351 = ORIENTED_EDGE ( 'NONE', *, *, #726, .F. ) ;
#352 = ORIENTED_EDGE ( 'NONE', *, *, #1189, .T. ) ;
#353 = DIRECTION ( 'NONE',  ( -0.3472853065715590937, 0.000000000000000000, 0.9377595191942859065 ) ) ;
#354 = ORIENTED_EDGE ( 'NONE', *, *, #1893, .F. ) ;
#355 = VECTOR ( 'NONE', #1561, 1000.000000000000000 ) ;
#356 = DIRECTION ( 'NONE',  ( 0.000000000000000000, 1.000000000000000000, 0.000000000000000000 ) ) ;
#357 = CARTESIAN_POINT ( 'NONE',  ( 0.7110158790730440881, 0.5345999999999999641, -0.5265488533792125336 ) ) ;
#358 = DIRECTION ( 'NONE',  ( 0.000000000000000000, 0.000000000000000000, -1.000000000000000000 ) ) ;
#359 = LINE ( 'NONE', #3374, #447 ) ;
#360 = COLOUR_RGB ( '',0.7921568627450980005, 0.8196078431372548767, 0.9333333333333333481 ) ;
#361 = LINE ( 'NONE', #3209, #635 ) ;
#362 = VECTOR ( 'NONE', #169, 1000.000000000000000 ) ;
#363 = UNCERTAINTY_MEASURE_WITH_UNIT (LENGTH_MEASURE( 1.000000000000000082E-05 ), #2877, 'distance_accuracy_value', 'NONE');
#364 = EDGE_CURVE ( 'NONE', #1363, #713, #361, .T. ) ;
#365 = DIRECTION ( 'NONE',  ( 0.000000000000000000, 0.000000000000000000, 1.000000000000000000 ) ) ;
#366 =( LENGTH_UNIT ( ) NAMED_UNIT ( * ) SI_UNIT ( .MILLI., .METRE. ) );
#367 = DIRECTION ( 'NONE',  ( 1.000000000000000000, 0.000000000000000000, 0.000000000000000000 ) ) ;
#368 = VERTEX_POINT ( 'NONE', #1843 ) ;
#369 = EDGE_LOOP ( 'NONE', ( #3303, #1886, #1033, #1278, #1717, #2463, #870, #2092 ) ) ;
#370 = FACE_OUTER_BOUND ( 'NONE', #60, .T. ) ;
#371 = VERTEX_POINT ( 'NONE', #2423 ) ;
#372 = CARTESIAN_POINT ( 'NONE',  ( 0.9261082054436873268, 0.5345999999999999641, -0.4139433132780292457 ) ) ;
#373 = PRESENTATION_STYLE_ASSIGNMENT (( #3095 ) ) ;
#374 = FACE_OUTER_BOUND ( 'NONE', #1094, .T. ) ;
#375 = SURFACE_SIDE_STYLE ('',( #703 ) ) ;
#376 = AXIS2_PLACEMENT_3D ( 'NONE', #576, #1944, #1651 ) ;
#377 = LINE ( 'NONE', #111, #507 ) ;
#378 = EDGE_CURVE ( 'NONE', #987, #2745, #799, .T. ) ;
#379 = ADVANCED_FACE ( 'NONE', ( #640 ), #2959, .T. ) ;
#380 = VECTOR ( 'NONE', #3238, 1000.000000000000000 ) ;
#381 = PRESENTATION_STYLE_ASSIGNMENT (( #1646 ) ) ;
#382 = DIRECTION ( 'NONE',  ( 3.160821637233196450E-16, -1.000000000000000000, -0.000000000000000000 ) ) ;
#383 = CARTESIAN_POINT ( 'NONE',  ( 0.8844775060546001821, 0.5346999999999999531, -0.3768750000000000155 ) ) ;
#384 = ORIENTED_EDGE ( 'NONE', *, *, #3443, .F. ) ;
#385 = ADVANCED_FACE ( 'NONE', ( #894 ), #1899, .T. ) ;
#386 = STYLED_ITEM ( 'NONE', ( #2067 ), #1583 ) ;
#387 = VERTEX_POINT ( 'NONE', #3050 ) ;
#388 = PLANE ( 'NONE',  #1991 ) ;
#389 = VECTOR ( 'NONE', #699, 1000.000000000000000 ) ;
#390 = CARTESIAN_POINT ( 'NONE',  ( 1.278064516129032047, 0.5191999999999999948, -0.9000000000000000222 ) ) ;
#391 = CARTESIAN_POINT ( 'NONE',  ( 0.6823747358842887634, 0.5345999999999999641, -0.4344952741022945486 ) ) ;
#392 = SURFACE_STYLE_FILL_AREA ( #1806 ) ;
#393 = LINE ( 'NONE', #70, #3158 ) ;
#394 = CARTESIAN_POINT ( 'NONE',  ( -0.02193548387096774452, -0.01539999999999995713, -0.9000000000000000222 ) ) ;
#395 = UNCERTAINTY_MEASURE_WITH_UNIT (LENGTH_MEASURE( 1.000000000000000082E-05 ), #2342, 'distance_accuracy_value', 'NONE');
#396 = EDGE_CURVE ( 'NONE', #3457, #3022, #2657, .T. ) ;
#397 = DIRECTION ( 'NONE',  ( -3.089178984103918623E-16, 1.000000000000000000, 0.000000000000000000 ) ) ;
#398 = LINE ( 'NONE', #865, #3012 ) ;
#399 = DIRECTION ( 'NONE',  ( 0.000000000000000000, 1.000000000000000000, 0.000000000000000000 ) ) ;
#400 = ORIENTED_EDGE ( 'NONE', *, *, #464, .F. ) ;
#401 =( BOUNDED_SURFACE ( )  B_SPLINE_SURFACE ( 3, 1, ( 
 ( #38, #1953 ),
 ( #3033, #863 ),
 ( #1373, #2200 ),
 ( #290, #1129 ) ),
 .UNSPECIFIED., .F., .F., .F. ) 
 B_SPLINE_SURFACE_WITH_KNOTS ( ( 4, 4 ),
 ( 2, 2 ),
 ( 0.000000000000000000, 0.2499999999999655831 ),
 ( 0.000000000000000000, 1.000000000000000000 ),
 .UNSPECIFIED. ) 
 GEOMETRIC_REPRESENTATION_ITEM ( )  RATIONAL_B_SPLINE_SURFACE ( (
 ( 1.000000000000000000, 1.000000000000000000),
 ( 0.6666666666667125929, 0.6666666666667125929),
 ( 0.5000000000000459632, 0.5000000000000459632),
 ( 0.5000000000000000000, 0.5000000000000000000) ) ) 
 REPRESENTATION_ITEM ( '' )  SURFACE ( )  );
#402 = ORIENTED_EDGE ( 'NONE', *, *, #3169, .T. ) ;
#403 = CARTESIAN_POINT ( 'NONE',  ( 0.3780645161290323020, 0.000000000000000000, 0.000000000000000000 ) ) ;
#404 = EDGE_CURVE ( 'NONE', #1519, #1231, #516, .T. ) ;
#405 = FILL_AREA_STYLE_COLOUR ( '', #2996 ) ;
#406 =( LENGTH_UNIT ( ) NAMED_UNIT ( * ) SI_UNIT ( .MILLI., .METRE. ) );
#407 = DIRECTION ( 'NONE',  ( 0.000000000000000000, 0.000000000000000000, 1.000000000000000000 ) ) ;
#408 = DIRECTION ( 'NONE',  ( -1.000000000000000000, 0.000000000000000000, 0.000000000000000000 ) ) ;
#409 = VECTOR ( 'NONE', #2872, 1000.000000000000000 ) ;
#410 = PRESENTATION_STYLE_ASSIGNMENT (( #2827 ) ) ;
#411 = CARTESIAN_POINT ( 'NONE',  ( 0.9921934257978403116, 0.5345999999999999641, -0.5265488533792125336 ) ) ;
#412 =( GEOMETRIC_REPRESENTATION_CONTEXT ( 3 ) GLOBAL_UNCERTAINTY_ASSIGNED_CONTEXT ( ( #310 ) ) GLOBAL_UNIT_ASSIGNED_CONTEXT ( ( #2141, #749, #1820 ) ) REPRESENTATION_CONTEXT ( 'NONE', 'WORKASPACE' ) );
#413 = LINE ( 'NONE', #3294, #620 ) ;
#414 =( NAMED_UNIT ( * ) SI_UNIT ( $, .STERADIAN. ) SOLID_ANGLE_UNIT ( ) );
#415 = LINE ( 'NONE', #2781, #190 ) ;
#416 =( NAMED_UNIT ( * ) PLANE_ANGLE_UNIT ( ) SI_UNIT ( $, .RADIAN. ) );
#417 = CARTESIAN_POINT ( 'NONE',  ( 0.6823747358842887634, 0.5346999999999999531, -0.4344952741022945486 ) ) ;
#418 = ORIENTED_EDGE ( 'NONE', *, *, #2780, .T. ) ;
#419 = ORIENTED_EDGE ( 'NONE', *, *, #2620, .T. ) ;
#420 = PLANE ( 'NONE',  #1259 ) ;
#421 = EDGE_CURVE ( 'NONE', #3214, #2711, #2323, .T. ) ;
#422 = PLANE ( 'NONE',  #1924 ) ;
#423 = CARTESIAN_POINT ( 'NONE',  ( 0.7847311474879193893, 0.5346999999999999531, -0.4481618511249680359 ) ) ;
#424 = CARTESIAN_POINT ( 'NONE',  ( 0.7025950329167406361, 0.5345999999999999641, -0.4344952741022945486 ) ) ;
#425 = LINE ( 'NONE', #3280, #1066 ) ;
#426 = ADVANCED_FACE ( 'NONE', ( #1470 ), #422, .T. ) ;
#427 = CARTESIAN_POINT ( 'NONE',  ( 1.035674145095251575, 0.5345999999999999641, -0.4517119266896063023 ) ) ;
#428 = DIRECTION ( 'NONE',  ( -1.000000000000000000, 0.000000000000000000, 0.000000000000000000 ) ) ;
#429 = UNCERTAINTY_MEASURE_WITH_UNIT (LENGTH_MEASURE( 1.000000000000000082E-05 ), #3287, 'distance_accuracy_value', 'NONE');
#430 = VECTOR ( 'NONE', #886, 1000.000000000000000 ) ;
#431 = EDGE_LOOP ( 'NONE', ( #64, #131, #83, #3395, #2649, #2968, #2768, #2631 ) ) ;
#432 = VECTOR ( 'NONE', #1622, 1000.000000000000000 ) ;
#433 = DIRECTION ( 'NONE',  ( 0.000000000000000000, 0.000000000000000000, 1.000000000000000000 ) ) ;
#434 = VECTOR ( 'NONE', #1948, 1000.000000000000000 ) ;
#435 = CARTESIAN_POINT ( 'NONE',  ( 1.099936050430405210, 0.5345999999999998531, -0.4517119266896063023 ) ) ;
#436 = ORIENTED_EDGE ( 'NONE', *, *, #884, .T. ) ;
#437 = MECHANICAL_DESIGN_GEOMETRIC_PRESENTATION_REPRESENTATION (  '', ( #1458 ), #3150 ) ;
#438 = VERTEX_POINT ( 'NONE', #2263 ) ;
#439 = DIRECTION ( 'NONE',  ( 0.000000000000000000, -1.000000000000000000, 0.000000000000000000 ) ) ;
#440 = ORIENTED_EDGE ( 'NONE', *, *, #1099, .F. ) ;
#441 = DIRECTION ( 'NONE',  ( 0.000000000000000000, 0.000000000000000000, 1.000000000000000000 ) ) ;
#442 = CARTESIAN_POINT ( 'NONE',  ( 0.8244779899190651795, 0.5346999999999999531, -0.4181541956139930294 ) ) ;
#443 = EDGE_CURVE ( 'NONE', #3002, #936, #1865, .T. ) ;
#444 =( NAMED_UNIT ( * ) SI_UNIT ( $, .STERADIAN. ) SOLID_ANGLE_UNIT ( ) );
#445 = VECTOR ( 'NONE', #1261, 1000.000000000000000 ) ;
#446 =( BOUNDED_CURVE ( )  B_SPLINE_CURVE ( 3, ( #2173, #3040, #9, #2447 ),
 .UNSPECIFIED., .F., .F. ) 
 B_SPLINE_CURVE_WITH_KNOTS ( ( 4, 4 ),
 ( 0.5357290076124407996, 1.000000000000000000 ),
 .UNSPECIFIED. ) 
 CURVE ( )  GEOMETRIC_REPRESENTATION_ITEM ( )  RATIONAL_B_SPLINE_CURVE ( ( 0.9558867503804138188, 0.7795185758902161144, 0.7942229924300782118, 1.000000000000000000 ) ) 
 REPRESENTATION_ITEM ( '' )  );
#447 = VECTOR ( 'NONE', #655, 1000.000000000000000 ) ;
#448 =( LENGTH_UNIT ( ) NAMED_UNIT ( * ) SI_UNIT ( .MILLI., .METRE. ) );
#449 = CARTESIAN_POINT ( 'NONE',  ( 0.8646532991793240974, 0.5345999999999999641, -0.4692009540048023841 ) ) ;
#450 = CARTESIAN_POINT ( 'NONE',  ( 0.6181513541287398938, 0.5346999999999999531, -0.5265488533792125336 ) ) ;
#451 = EDGE_CURVE ( 'NONE', #3111, #2732, #683, .T. ) ;
#452 = ORIENTED_EDGE ( 'NONE', *, *, #364, .T. ) ;
#453 = COLOUR_RGB ( '',0.8980392156862745390, 0.9215686274509803377, 0.9294117647058823817 ) ;
#454 = LINE ( 'NONE', #741, #943 ) ;
#455 = DIRECTION ( 'NONE',  ( -1.000000000000000000, 0.000000000000000000, -0.000000000000000000 ) ) ;
#456 = VERTEX_POINT ( 'NONE', #1239 ) ;
#457 = APPLICATION_PROTOCOL_DEFINITION ( 'draft international standard', 'automotive_design', 1998, #2913 ) ;
#458 = VERTEX_POINT ( 'NONE', #993 ) ;
#459 = DIRECTION ( 'NONE',  ( 0.000000000000000000, 1.000000000000000000, 0.000000000000000000 ) ) ;
#460 = VERTEX_POINT ( 'NONE', #730 ) ;
#461 = SURFACE_STYLE_USAGE ( .BOTH. , #2093 ) ;
#462 = LINE ( 'NONE', #2374, #355 ) ;
#463 = CARTESIAN_POINT ( 'NONE',  ( 0.7983215644324613836, 0.5345999999999999641, -0.4865027169182387645 ) ) ;
#464 = EDGE_CURVE ( 'NONE', #3498, #1344, #2524, .T. ) ;
#465 = PRODUCT_DEFINITION_CONTEXT ( 'detailed design', #2913, 'design' ) ;
#466 = UNCERTAINTY_MEASURE_WITH_UNIT (LENGTH_MEASURE( 1.000000000000000082E-05 ), #971, 'distance_accuracy_value', 'NONE');
#467 = VECTOR ( 'NONE', #1731, 1000.000000000000000 ) ;
#468 = DIRECTION ( 'NONE',  ( -0.3922395649424730291, 0.000000000000000000, -0.9198631005175387232 ) ) ;
#469 = STYLED_ITEM ( 'NONE', ( #3306 ), #1744 ) ;
#470 = EDGE_LOOP ( 'NONE', ( #2678, #1262, #3366, #2818 ) ) ;
#471 = CARTESIAN_POINT ( 'NONE',  ( 1.138881578647107595, 0.5346999999999998421, -0.3020380733103935622 ) ) ;
#472 = EDGE_CURVE ( 'NONE', #16, #2871, #2304, .T. ) ;
#473 = PRESENTATION_LAYER_ASSIGNMENT (  '', '', ( #2321 ) ) ;
#474 = DIRECTION ( 'NONE',  ( 0.000000000000000000, 0.000000000000000000, -1.000000000000000000 ) ) ;
#475 = PRESENTATION_STYLE_ASSIGNMENT (( #2331 ) ) ;
#476 =( LENGTH_UNIT ( ) NAMED_UNIT ( * ) SI_UNIT ( .MILLI., .METRE. ) );
#477 =( GEOMETRIC_REPRESENTATION_CONTEXT ( 3 ) GLOBAL_UNCERTAINTY_ASSIGNED_CONTEXT ( ( #3386 ) ) GLOBAL_UNIT_ASSIGNED_CONTEXT ( ( #366, #952, #3414 ) ) REPRESENTATION_CONTEXT ( 'NONE', 'WORKASPACE' ) );
#478 = ORIENTED_EDGE ( 'NONE', *, *, #2148, .T. ) ;
#479 = LINE ( 'NONE', #403, #1550 ) ;
#480 = ORIENTED_EDGE ( 'NONE', *, *, #700, .F. ) ;
#481 = VERTEX_POINT ( 'NONE', #1789 ) ;
#482 = VERTEX_POINT ( 'NONE', #1257 ) ;
#483 = CARTESIAN_POINT ( 'NONE',  ( 1.196129032258064440, 0.5191999999999999948, -0.9000000000000000222 ) ) ;
#484 = FACE_OUTER_BOUND ( 'NONE', #837, .T. ) ;
#485 = VERTEX_POINT ( 'NONE', #106 ) ;
#486 = FILL_AREA_STYLE ('',( #2654 ) ) ;
#487 = EDGE_CURVE ( 'NONE', #2085, #1978, #925, .T. ) ;
#488 = MANIFOLD_SOLID_BREP ( 'Scale1[3]', #2757 ) ;
#489 = VECTOR ( 'NONE', #537, 1000.000000000000000 ) ;
#490 = DIRECTION ( 'NONE',  ( 0.000000000000000000, 1.000000000000000000, 0.000000000000000000 ) ) ;
#491 = CARTESIAN_POINT ( 'NONE',  ( 0.6823747358842887634, 0.5346999999999999531, -0.4344952741022945486 ) ) ;
#492 = STYLED_ITEM ( 'NONE', ( #1196 ), #951 ) ;
#493 = LINE ( 'NONE', #742, #1072 ) ;
#494 = VECTOR ( 'NONE', #3008, 1000.000000000000000 ) ;
#495 = DIRECTION ( 'NONE',  ( -1.000000000000000000, 0.000000000000000000, 0.000000000000000000 ) ) ;
#496 = MANIFOLD_SOLID_BREP ( 'Scale1[4]', #2299 ) ;
#497 = ORIENTED_EDGE ( 'NONE', *, *, #1076, .F. ) ;
#498 = FILL_AREA_STYLE ('',( #1304 ) ) ;
#499 = EDGE_CURVE ( 'NONE', #2191, #3498, #2820, .T. ) ;
#500 = LINE ( 'NONE', #1508, #924 ) ;
#501 = CARTESIAN_POINT ( 'NONE',  ( 0.5579175669401520432, 0.5346999999999999531, -0.5265488533792125336 ) ) ;
#502 = AXIS2_PLACEMENT_3D ( 'NONE', #2761, #345, #1142 ) ;
#503 = VERTEX_POINT ( 'NONE', #1008 ) ;
#504 = CARTESIAN_POINT ( 'NONE',  ( 1.051739621429039984, 0.5345999999999998531, -0.4855428327690108348 ) ) ;
#505 = ORIENTED_EDGE ( 'NONE', *, *, #637, .F. ) ;
#506 = VECTOR ( 'NONE', #1837, 1000.000000000000000 ) ;
#507 = VECTOR ( 'NONE', #1195, 1000.000000000000000 ) ;
#508 = LINE ( 'NONE', #2650, #3047 ) ;
#509 = CARTESIAN_POINT ( 'NONE',  ( 0.6739538897279853114, 0.5346999999999999531, -0.5265488533792125336 ) ) ;
#510 = MECHANICAL_DESIGN_GEOMETRIC_PRESENTATION_REPRESENTATION (  '', ( #2019 ), #1062 ) ;
#511 = ORIENTED_EDGE ( 'NONE', *, *, #2874, .F. ) ;
#512 = LINE ( 'NONE', #796, #1691 ) ;
#513 = MANIFOLD_SOLID_BREP ( 'Scale1[1]', #795 ) ;
#514 = DIRECTION ( 'NONE',  ( 1.000000000000000000, 0.000000000000000000, 0.000000000000000000 ) ) ;
#515 = FACE_OUTER_BOUND ( 'NONE', #1543, .T. ) ;
#516 = LINE ( 'NONE', #3113, #1478 ) ;
#517 = PLANE ( 'NONE',  #1345 ) ;
#518 = ORIENTED_EDGE ( 'NONE', *, *, #2279, .F. ) ;
#519 = ORIENTED_EDGE ( 'NONE', *, *, #206, .T. ) ;
#520 = PRESENTATION_STYLE_ASSIGNMENT (( #1078 ) ) ;
#521 = CARTESIAN_POINT ( 'NONE',  ( 1.138881578647107817, 0.5346999999999999531, -0.4517119266896063023 ) ) ;
#522 = EDGE_CURVE ( 'NONE', #866, #1077, #814, .T. ) ;
#523 = ORIENTED_EDGE ( 'NONE', *, *, #2857, .F. ) ;
#524 = LINE ( 'NONE', #1615, #2079 ) ;
#525 = VECTOR ( 'NONE', #2249, 1000.000000000000000 ) ;
#526 = FACE_OUTER_BOUND ( 'NONE', #1027, .T. ) ;
#527 = CARTESIAN_POINT ( 'NONE',  ( 0.4599999999999999090, 0.5191999999999998838, -0.9000000000000000222 ) ) ;
#528 = ORIENTED_EDGE ( 'NONE', *, *, #2475, .T. ) ;
#529 = CARTESIAN_POINT ( 'NONE',  ( 1.196129032258064440, 0.000000000000000000, 0.000000000000000000 ) ) ;
#530 = LINE ( 'NONE', #3466, #2635 ) ;
#531 =( NAMED_UNIT ( * ) PLANE_ANGLE_UNIT ( ) SI_UNIT ( $, .RADIAN. ) );
#532 = DIRECTION ( 'NONE',  ( 0.4573491243099514492, 0.000000000000000000, -0.8892872305913992470 ) ) ;
#533 = VERTEX_POINT ( 'NONE', #3232 ) ;
#534 = ORIENTED_EDGE ( 'NONE', *, *, #364, .F. ) ;
#535 = VECTOR ( 'NONE', #643, 1000.000000000000000 ) ;
#536 = LINE ( 'NONE', #3491, #2946 ) ;
#537 = DIRECTION ( 'NONE',  ( 0.000000000000000000, 0.000000000000000000, 1.000000000000000000 ) ) ;
#538 = EDGE_CURVE ( 'NONE', #6, #1652, #2393, .T. ) ;
#539 = ORIENTED_EDGE ( 'NONE', *, *, #2817, .F. ) ;
#540 = ORIENTED_EDGE ( 'NONE', *, *, #633, .T. ) ;
#541 = DIRECTION ( 'NONE',  ( 0.000000000000000000, 0.000000000000000000, -1.000000000000000000 ) ) ;
#542 = UNCERTAINTY_MEASURE_WITH_UNIT (LENGTH_MEASURE( 1.000000000000000082E-05 ), #476, 'distance_accuracy_value', 'NONE');
#543 =( BOUNDED_CURVE ( )  B_SPLINE_CURVE ( 3, ( #720, #2364, #1567, #3135, #2327, #3154, #1551 ),
 .UNSPECIFIED., .F., .F. ) 
 B_SPLINE_CURVE_WITH_KNOTS ( ( 4, 3, 4 ),
 ( 0.2499999999999999445, 0.5000000000000000000, 0.7500000000000002220 ),
 .UNSPECIFIED. ) 
 CURVE ( )  GEOMETRIC_REPRESENTATION_ITEM ( )  RATIONAL_B_SPLINE_CURVE ( ( 0.5000000000000000000, 0.5000000000000000000, 0.6666666666666666297, 1.000000000000000000, 0.6666666666666664076, 0.4999999999999997780, 0.5000000000000000000 ) ) 
 REPRESENTATION_ITEM ( '' )  );
#544 = ORIENTED_EDGE ( 'NONE', *, *, #1484, .F. ) ;
#545 = EDGE_CURVE ( 'NONE', #1922, #3432, #1326, .T. ) ;
#546 = CARTESIAN_POINT ( 'NONE',  ( 0.8244779899190651795, 0.5345999999999999641, -0.4333628294352412369 ) ) ;
#547 = UNCERTAINTY_MEASURE_WITH_UNIT (LENGTH_MEASURE( 1.000000000000000082E-05 ), #879, 'distance_accuracy_value', 'NONE');
#548 = MANIFOLD_SOLID_BREP ( 'Lead1', #2927 ) ;
#549 = CARTESIAN_POINT ( 'NONE',  ( 0.8646532991793234313, 0.5345999999999999641, -0.5265488533792125336 ) ) ;
#550 = CARTESIAN_POINT ( 'NONE',  ( 0.9967286168785491896, 0.5345999999999999641, -0.4018206422298686298 ) ) ;
#551 = DIRECTION ( 'NONE',  ( -1.000000000000000000, 0.000000000000000000, 0.000000000000000000 ) ) ;
#552 = CARTESIAN_POINT ( 'NONE',  ( 0.4599999999999999645, 0.5038000000000001366, -0.9000000000000000222 ) ) ;
#553 = LINE ( 'NONE', #2690, #1633 ) ;
#554 = AXIS2_PLACEMENT_3D ( 'NONE', #566, #1897, #2421 ) ;
#555 = ORIENTED_EDGE ( 'NONE', *, *, #3169, .F. ) ;
#556 = ORIENTED_EDGE ( 'NONE', *, *, #2129, .T. ) ;
#557 = DIRECTION ( 'NONE',  ( 0.000000000000000000, 1.000000000000000000, -0.000000000000000000 ) ) ;
#558 = UNCERTAINTY_MEASURE_WITH_UNIT (LENGTH_MEASURE( 1.000000000000000082E-05 ), #3338, 'distance_accuracy_value', 'NONE');
#559 = EDGE_LOOP ( 'NONE', ( #2609, #505, #1839, #2892 ) ) ;
#560 = FILL_AREA_STYLE_COLOUR ( '', #689 ) ;
#561 = VECTOR ( 'NONE', #691, 1000.000000000000000 ) ;
#562 = ORIENTED_EDGE ( 'NONE', *, *, #3486, .T. ) ;
#563 = FACE_OUTER_BOUND ( 'NONE', #2024, .T. ) ;
#564 = VERTEX_POINT ( 'NONE', #787 ) ;
#565 = VECTOR ( 'NONE', #124, 1000.000000000000000 ) ;
#566 = CARTESIAN_POINT ( 'NONE',  ( -0.009816291558974827788, 0.5345999999999999641, -0.03411630942139767808 ) ) ;
#567 = VECTOR ( 'NONE', #305, 1000.000000000000000 ) ;
#568 = EDGE_CURVE ( 'NONE', #2771, #3490, #524, .T. ) ;
#569 = FILL_AREA_STYLE_COLOUR ( '', #2856 ) ;
#570 =( LENGTH_UNIT ( ) NAMED_UNIT ( * ) SI_UNIT ( .MILLI., .METRE. ) );
#571 = CARTESIAN_POINT ( 'NONE',  ( 0.7845366261063886348, 0.5347000000000000641, -0.4316293235662193584 ) ) ;
#572 = SURFACE_SIDE_STYLE ('',( #1164 ) ) ;
#573 = DIRECTION ( 'NONE',  ( 0.8930942291723016346, 0.000000000000000000, -0.4498696453631123027 ) ) ;
#574 = VERTEX_POINT ( 'NONE', #2358 ) ;
#575 = ORIENTED_EDGE ( 'NONE', *, *, #1709, .F. ) ;
#576 = CARTESIAN_POINT ( 'NONE',  ( 0.7245942471361694892, 0.5345999999999999641, -0.3768750000000000155 ) ) ;
#577 = VECTOR ( 'NONE', #2157, 1000.000000000000000 ) ;
#578 = VERTEX_POINT ( 'NONE', #2969 ) ;
#579 = CARTESIAN_POINT ( 'NONE',  ( 0.8173815710097810383, 0.5346999999999999531, -0.4519200433913762582 ) ) ;
#580 = PLANE ( 'NONE',  #1513 ) ;
#581 = EDGE_CURVE ( 'NONE', #590, #187, #213, .T. ) ;
#582 = DIRECTION ( 'NONE',  ( 0.000000000000000000, 0.000000000000000000, -1.000000000000000000 ) ) ;
#583 = ORIENTED_EDGE ( 'NONE', *, *, #1099, .T. ) ;
#584 = SURFACE_STYLE_USAGE ( .BOTH. , #1674 ) ;
#585 = MANIFOLD_SOLID_BREP ( 'Boss-Extrude4', #2588 ) ;
#586 = ADVANCED_FACE ( 'NONE', ( #2097 ), #2341, .T. ) ;
#587 = CARTESIAN_POINT ( 'NONE',  ( 0.9261082054436873268, 0.5345999999999999641, -0.4878935680071291858 ) ) ;
#588 = PLANE ( 'NONE',  #2512 ) ;
#589 = LINE ( 'NONE', #3359, #1011 ) ;
#590 = VERTEX_POINT ( 'NONE', #1927 ) ;
#591 = VERTEX_POINT ( 'NONE', #13 ) ;
#592 =( GEOMETRIC_REPRESENTATION_CONTEXT ( 3 ) GLOBAL_UNCERTAINTY_ASSIGNED_CONTEXT ( ( #3392 ) ) GLOBAL_UNIT_ASSIGNED_CONTEXT ( ( #1205, #940, #701 ) ) REPRESENTATION_CONTEXT ( 'NONE', 'WORKASPACE' ) );
#593 = ADVANCED_FACE ( 'NONE', ( #341 ), #2230, .T. ) ;
#594 = LINE ( 'NONE', #2411, #704 ) ;
#595 = CARTESIAN_POINT ( 'NONE',  ( 0.9849538863347389039, 0.5346999999999999531, -0.4682489808992192359 ) ) ;
#596 = EDGE_LOOP ( 'NONE', ( #338, #207, #1505, #402 ) ) ;
#597 = PRESENTATION_LAYER_ASSIGNMENT (  '', '', ( #2779 ) ) ;
#598 = MANIFOLD_SOLID_BREP ( 'Scale1[2]', #1855 ) ;
#599 = CARTESIAN_POINT ( 'NONE',  ( 1.138881578647107817, 0.5345999999999999641, -0.4517119266896063023 ) ) ;
#600 = LINE ( 'NONE', #15, #1349 ) ;
#601 = EDGE_CURVE ( 'NONE', #1868, #485, #3248, .T. ) ;
#602 = LINE ( 'NONE', #19, #1880 ) ;
#603 = CARTESIAN_POINT ( 'NONE',  ( 0.8173428384180279060, 0.5346999999999999531, -0.3768750000000000155 ) ) ;
#604 = CARTESIAN_POINT ( 'NONE',  ( 0.8646532991793240974, 0.5346999999999999531, -0.4692009540048023841 ) ) ;
#605 = ORIENTED_EDGE ( 'NONE', *, *, #50, .T. ) ;
#606 = ORIENTED_EDGE ( 'NONE', *, *, #2297, .F. ) ;
#607 = CARTESIAN_POINT ( 'NONE',  ( 0.000000000000000000, 0.000000000000000000, 0.000000000000000000 ) ) ;
#608 = CARTESIAN_POINT ( 'NONE',  ( 0.6103457160740941578, 0.5345999999999999641, -0.4281482597897918185 ) ) ;
#609 = ORIENTED_EDGE ( 'NONE', *, *, #1443, .T. ) ;
#610 = VERTEX_POINT ( 'NONE', #3284 ) ;
#611 = CARTESIAN_POINT ( 'NONE',  ( 0.000000000000000000, 0.000000000000000000, -0.9000000000000000222 ) ) ;
#612 = VECTOR ( 'NONE', #2, 1000.000000000000000 ) ;
#613 = ADVANCED_FACE ( 'NONE', ( #634 ), #1910, .T. ) ;
#614 = CARTESIAN_POINT ( 'NONE',  ( 1.678064516129031958, 0.000000000000000000, -0.9000000000000000222 ) ) ;
#615 = PRESENTATION_LAYER_ASSIGNMENT (  '', '', ( #492 ) ) ;
#616 = FILL_AREA_STYLE ('',( #2195 ) ) ;
#617 = FACE_OUTER_BOUND ( 'NONE', #1582, .T. ) ;
#618 =( NAMED_UNIT ( * ) PLANE_ANGLE_UNIT ( ) SI_UNIT ( $, .RADIAN. ) );
#619 = DIRECTION ( 'NONE',  ( 0.000000000000000000, 0.000000000000000000, -1.000000000000000000 ) ) ;
#620 = VECTOR ( 'NONE', #56, 1000.000000000000000 ) ;
#621 = LINE ( 'NONE', #833, #145 ) ;
#622 = ADVANCED_FACE ( 'NONE', ( #1437, #2506 ), #1653, .F. ) ;
#623 = VECTOR ( 'NONE', #1217, 1000.000000000000000 ) ;
#624 = PRESENTATION_STYLE_ASSIGNMENT (( #328 ) ) ;
#625 = CARTESIAN_POINT ( 'NONE',  ( 0.6103457160740941578, 0.5345999999999999641, -0.4281482597897918185 ) ) ;
#626 = DIRECTION ( 'NONE',  ( 0.000000000000000000, 0.000000000000000000, 1.000000000000000000 ) ) ;
#627 = EDGE_LOOP ( 'NONE', ( #339, #294, #992, #2683 ) ) ;
#628 = EDGE_LOOP ( 'NONE', ( #3220, #1979 ) ) ;
#629 = CARTESIAN_POINT ( 'NONE',  ( -0.009816291558974827788, 0.5345999999999999641, -0.03411630942139767808 ) ) ;
#630 = VERTEX_POINT ( 'NONE', #1382 ) ;
#631 = ORIENTED_EDGE ( 'NONE', *, *, #807, .T. ) ;
#632 =( NAMED_UNIT ( * ) PLANE_ANGLE_UNIT ( ) SI_UNIT ( $, .RADIAN. ) );
#633 = EDGE_CURVE ( 'NONE', #249, #3352, #910, .T. ) ;
#634 = FACE_OUTER_BOUND ( 'NONE', #40, .T. ) ;
#635 = VECTOR ( 'NONE', #1881, 1000.000000000000000 ) ;
#636 = FILL_AREA_STYLE ('',( #651 ) ) ;
#637 = EDGE_CURVE ( 'NONE', #1732, #2273, #2246, .T. ) ;
#638 = PLANE ( 'NONE',  #2567 ) ;
#639 = PLANE ( 'NONE',  #3485 ) ;
#640 = FACE_OUTER_BOUND ( 'NONE', #2964, .T. ) ;
#641 = DIRECTION ( 'NONE',  ( 0.000000000000000000, 1.000000000000000000, 0.000000000000000000 ) ) ;
#642 = PLANE ( 'NONE',  #3458 ) ;
#643 = DIRECTION ( 'NONE',  ( -1.000000000000000000, 0.000000000000000000, 0.000000000000000000 ) ) ;
#644 = PLANE ( 'NONE',  #1578 ) ;
#645 = ORIENTED_EDGE ( 'NONE', *, *, #3075, .T. ) ;
#646 = VERTEX_POINT ( 'NONE', #3061 ) ;
#647 = CARTESIAN_POINT ( 'NONE',  ( 0.7110158790730440881, 0.5345999999999999641, -0.5265488533792125336 ) ) ;
#648 = EDGE_LOOP ( 'NONE', ( #2131, #2730 ) ) ;
#649 = SURFACE_STYLE_FILL_AREA ( #2487 ) ;
#650 = LINE ( 'NONE', #2451, #2042 ) ;
#651 = FILL_AREA_STYLE_COLOUR ( '', #3452 ) ;
#652 = EDGE_CURVE ( 'NONE', #16, #2934, #650, .T. ) ;
#653 = EDGE_CURVE ( 'NONE', #821, #1186, #856, .T. ) ;
#654 = DIRECTION ( 'NONE',  ( 0.000000000000000000, 1.000000000000000000, 0.000000000000000000 ) ) ;
#655 = DIRECTION ( 'NONE',  ( 1.000000000000000000, 0.000000000000000000, 0.000000000000000000 ) ) ;
#656 = DIRECTION ( 'NONE',  ( -0.000000000000000000, -1.000000000000000000, -0.000000000000000000 ) ) ;
#657 = STYLED_ITEM ( 'NONE', ( #1426 ), #3014 ) ;
#658 = MECHANICAL_DESIGN_GEOMETRIC_PRESENTATION_REPRESENTATION (  '', ( #76 ), #1037 ) ;
#659 = EDGE_CURVE ( 'NONE', #574, #165, #2471, .T. ) ;
#660 = UNCERTAINTY_MEASURE_WITH_UNIT (LENGTH_MEASURE( 1.000000000000000082E-05 ), #775, 'distance_accuracy_value', 'NONE');
#661 = CARTESIAN_POINT ( 'NONE',  ( 1.656129032258064404, 0.000000000000000000, 0.000000000000000000 ) ) ;
#662 = CARTESIAN_POINT ( 'NONE',  ( 1.656129032258064404, 0.000000000000000000, 0.000000000000000000 ) ) ;
#663 = ORIENTED_EDGE ( 'NONE', *, *, #3361, .F. ) ;
#664 =( BOUNDED_SURFACE ( )  B_SPLINE_SURFACE ( 3, 1, ( 
 ( #2400, #755 ),
 ( #2919, #2125 ),
 ( #1034, #1605 ),
 ( #2619, #220 ) ),
 .UNSPECIFIED., .F., .F., .F. ) 
 B_SPLINE_SURFACE_WITH_KNOTS ( ( 4, 4 ),
 ( 2, 2 ),
 ( 0.000000000000000000, 0.2499999999941676654 ),
 ( 0.000000000000000000, 1.000000000000000000 ),
 .UNSPECIFIED. ) 
 GEOMETRIC_REPRESENTATION_ITEM ( )  RATIONAL_B_SPLINE_SURFACE ( (
 ( 1.000000000000000000, 1.000000000000000000),
 ( 0.6666666666744431868, 0.6666666666744431868),
 ( 0.5000000000077764462, 0.5000000000077764462),
 ( 0.5000000000000000000, 0.5000000000000000000) ) ) 
 REPRESENTATION_ITEM ( '' )  SURFACE ( )  );
#665 = EDGE_LOOP ( 'NONE', ( #841, #2481, #583, #2419 ) ) ;
#666 = DIRECTION ( 'NONE',  ( 3.160821637233196450E-16, -1.000000000000000000, 0.000000000000000000 ) ) ;
#667 = CARTESIAN_POINT ( 'NONE',  ( 0.8244779899190651795, 0.5345999999999999641, -0.4181541956139930294 ) ) ;
#668 = CARTESIAN_POINT ( 'NONE',  ( -4.757335635520023933E-18, -0.01539999999999996406, 0.000000000000000000 ) ) ;
#669 = CARTESIAN_POINT ( 'NONE',  ( 0.000000000000000000, 0.5038000000000001366, -0.9000000000000000222 ) ) ;
#670 = AXIS2_PLACEMENT_3D ( 'NONE', #2748, #336, #2484 ) ;
#671 = SURFACE_STYLE_USAGE ( .BOTH. , #1476 ) ;
#672 = COLOUR_RGB ( '',0.8980392156862745390, 0.9215686274509803377, 0.9294117647058823817 ) ;
#673 = CARTESIAN_POINT ( 'NONE',  ( 1.035674145095251797, 0.5346999999999998421, -0.5193737388484154227 ) ) ;
#674 = DIRECTION ( 'NONE',  ( 0.000000000000000000, 1.000000000000000000, 0.000000000000000000 ) ) ;
#675 = AXIS2_PLACEMENT_3D ( 'NONE', #3085, #397, #335 ) ;
#676 = EDGE_CURVE ( 'NONE', #1292, #2749, #873, .T. ) ;
#677 = SURFACE_STYLE_FILL_AREA ( #1182 ) ;
#678 = DIRECTION ( 'NONE',  ( -1.000000000000000000, 0.000000000000000000, -1.611334238267514251E-15 ) ) ;
#679 = CARTESIAN_POINT ( 'NONE',  ( 0.6185244016848174820, 0.5345999999999999641, -0.3768750000000000155 ) ) ;
#680 = ORIENTED_EDGE ( 'NONE', *, *, #1826, .T. ) ;
#681 = EDGE_LOOP ( 'NONE', ( #2155, #1483, #1769, #2948 ) ) ;
#682 = AXIS2_PLACEMENT_3D ( 'NONE', #2084, #2936, #3168 ) ;
#683 =( BOUNDED_CURVE ( )  B_SPLINE_CURVE ( 3, ( #667, #2537, #1756, #1489, #135, #1772, #1453 ),
 .UNSPECIFIED., .F., .F. ) 
 B_SPLINE_CURVE_WITH_KNOTS ( ( 4, 3, 4 ),
 ( 0.000000000000000000, 0.5000000000000000000, 0.5357290076124407996 ),
 .UNSPECIFIED. ) 
 CURVE ( )  GEOMETRIC_REPRESENTATION_ITEM ( )  RATIONAL_B_SPLINE_CURVE ( ( 1.000000000000000000, 0.7783869647857027951, 0.7783869647857027951, 1.000000000000000000, 0.9841639723556245833, 0.9694595558157624859, 0.9558867503804138188 ) ) 
 REPRESENTATION_ITEM ( '' )  );
#684 = CARTESIAN_POINT ( 'NONE',  ( 0.3780645161290323020, 0.5345999999999999641, -0.9000000000000000222 ) ) ;
#685 = CARTESIAN_POINT ( 'NONE',  ( 0.8173815710097810383, 0.5345999999999999641, -0.4865027169182385980 ) ) ;
#686 = CARTESIAN_POINT ( 'NONE',  ( 0.9261082054436873268, 0.5345999999999999641, -0.4350052048712551023 ) ) ;
#687 = DIRECTION ( 'NONE',  ( 0.000000000000000000, 1.000000000000000000, 0.000000000000000000 ) ) ;
#688 = SURFACE_STYLE_FILL_AREA ( #3134 ) ;
#689 = COLOUR_RGB ( '',0.7921568627450980005, 0.8196078431372548767, 0.9333333333333333481 ) ;
#690 = PLANE ( 'NONE',  #1750 ) ;
#691 = DIRECTION ( 'NONE',  ( 0.000000000000000000, 1.000000000000000000, 0.000000000000000000 ) ) ;
#692 = FILL_AREA_STYLE_COLOUR ( '', #2004 ) ;
#693 = DIRECTION ( 'NONE',  ( 0.000000000000000000, 1.000000000000000000, 0.000000000000000000 ) ) ;
#694 = VECTOR ( 'NONE', #2026, 1000.000000000000114 ) ;
#695 = FACE_OUTER_BOUND ( 'NONE', #2161, .T. ) ;
#696 = VERTEX_POINT ( 'NONE', #3450 ) ;
#697 = EDGE_CURVE ( 'NONE', #2521, #2116, #2637, .T. ) ;
#698 = ORIENTED_EDGE ( 'NONE', *, *, #2328, .T. ) ;
#699 = DIRECTION ( 'NONE',  ( 0.000000000000000000, -1.000000000000000000, 0.000000000000000000 ) ) ;
#700 = EDGE_CURVE ( 'NONE', #152, #2784, #2655, .T. ) ;
#701 =( NAMED_UNIT ( * ) SI_UNIT ( $, .STERADIAN. ) SOLID_ANGLE_UNIT ( ) );
#702 = CARTESIAN_POINT ( 'NONE',  ( 0.3780645161290323020, 0.000000000000000000, -0.9000000000000000222 ) ) ;
#703 = SURFACE_STYLE_FILL_AREA ( #109 ) ;
#704 = VECTOR ( 'NONE', #2430, 1000.000000000000000 ) ;
#705 = VECTOR ( 'NONE', #1538, 1000.000000000000000 ) ;
#706 = LINE ( 'NONE', #1777, #506 ) ;
#707 = ORIENTED_EDGE ( 'NONE', *, *, #2211, .F. ) ;
#708 = PRODUCT_DEFINITION_FORMATION_WITH_SPECIFIED_SOURCE ( 'ANY', '', #2770, .NOT_KNOWN. ) ;
#709 = LINE ( 'NONE', #1779, #1002 ) ;
#710 = CARTESIAN_POINT ( 'NONE',  ( 1.099936050430405210, 0.5347000000000000641, -0.4517119266896063023 ) ) ;
#711 = ORIENTED_EDGE ( 'NONE', *, *, #1162, .F. ) ;
#712 = EDGE_CURVE ( 'NONE', #909, #989, #1318, .T. ) ;
#713 = VERTEX_POINT ( 'NONE', #3172 ) ;
#714 = CARTESIAN_POINT ( 'NONE',  ( 1.196129032258064440, 0.5038000000000001366, -0.9000000000000000222 ) ) ;
#715 = ORIENTED_EDGE ( 'NONE', *, *, #849, .T. ) ;
#716 = CARTESIAN_POINT ( 'NONE',  ( 0.7462663575337484811, 0.5346999999999999531, -0.4517119266896063023 ) ) ;
#717 = CARTESIAN_POINT ( 'NONE',  ( 0.8646532991793234313, 0.5345999999999999641, -0.5265488533792125336 ) ) ;
#718 = EDGE_CURVE ( 'NONE', #2711, #2382, #1048, .T. ) ;
#719 = UNCERTAINTY_MEASURE_WITH_UNIT (LENGTH_MEASURE( 1.000000000000000082E-05 ), #570, 'distance_accuracy_value', 'NONE');
#720 = CARTESIAN_POINT ( 'NONE',  ( 1.138881578647107817, 0.5346999999999999531, -0.4517119266896063023 ) ) ;
#721 = ORIENTED_EDGE ( 'NONE', *, *, #1754, .T. ) ;
#722 = DIRECTION ( 'NONE',  ( -1.000000000000000000, -1.204669080539449837E-16, -0.000000000000000000 ) ) ;
#723 = CARTESIAN_POINT ( 'NONE',  ( 0.6103457160740941578, 0.5345999999999999641, -0.4281482597897918185 ) ) ;
#724 = CARTESIAN_POINT ( 'NONE',  ( 1.196129032258064440, 0.5191999999999999948, -0.9000000000000000222 ) ) ;
#725 = EDGE_LOOP ( 'NONE', ( #3021, #174 ) ) ;
#726 = EDGE_CURVE ( 'NONE', #3335, #3074, #3138, .T. ) ;
#727 = ORIENTED_EDGE ( 'NONE', *, *, #718, .T. ) ;
#728 = PLANE ( 'NONE',  #733 ) ;
#729 = ORIENTED_EDGE ( 'NONE', *, *, #2488, .F. ) ;
#730 = CARTESIAN_POINT ( 'NONE',  ( 0.7245942471361694892, 0.5346999999999999531, -0.3768750000000000155 ) ) ;
#731 = DIRECTION ( 'NONE',  ( 0.000000000000000000, 0.000000000000000000, -1.000000000000000000 ) ) ;
#732 =( NAMED_UNIT ( * ) PLANE_ANGLE_UNIT ( ) SI_UNIT ( $, .RADIAN. ) );
#733 = AXIS2_PLACEMENT_3D ( 'NONE', #2852, #1526, #172 ) ;
#734 = MECHANICAL_DESIGN_GEOMETRIC_PRESENTATION_REPRESENTATION (  '', ( #1237 ), #1803 ) ;
#735 = ADVANCED_FACE ( 'NONE', ( #2601 ), #3413, .T. ) ;
#736 =( NAMED_UNIT ( * ) PLANE_ANGLE_UNIT ( ) SI_UNIT ( $, .RADIAN. ) );
#737 = DIRECTION ( 'NONE',  ( 1.000000000000000000, 3.089178984103918623E-16, 0.000000000000000000 ) ) ;
#738 = ORIENTED_EDGE ( 'NONE', *, *, #1568, .T. ) ;
#739 = VECTOR ( 'NONE', #1160, 1000.000000000000000 ) ;
#740 = CARTESIAN_POINT ( 'NONE',  ( 0.9967286168785487455, 0.5346999999999998421, -0.3020380733103935622 ) ) ;
#741 = CARTESIAN_POINT ( 'NONE',  ( 0.9261082054436873268, 0.5345999999999999641, -0.4682489808992192359 ) ) ;
#742 = CARTESIAN_POINT ( 'NONE',  ( 0.4599999999999999645, 0.000000000000000000, -0.9000000000000000222 ) ) ;
#743 = ORIENTED_EDGE ( 'NONE', *, *, #72, .F. ) ;
#744 = DIRECTION ( 'NONE',  ( 0.9198631005175387232, 0.000000000000000000, -0.3922395649424729736 ) ) ;
#745 = VERTEX_POINT ( 'NONE', #1268 ) ;
#746 =( NAMED_UNIT ( * ) PLANE_ANGLE_UNIT ( ) SI_UNIT ( $, .RADIAN. ) );
#747 = DIRECTION ( 'NONE',  ( 1.611334238267514646E-15, 0.000000000000000000, -1.000000000000000000 ) ) ;
#748 = ORIENTED_EDGE ( 'NONE', *, *, #1863, .T. ) ;
#749 =( NAMED_UNIT ( * ) PLANE_ANGLE_UNIT ( ) SI_UNIT ( $, .RADIAN. ) );
#750 = ADVANCED_FACE ( 'NONE', ( #185, #2126 ), #2384, .F. ) ;
#751 = EDGE_CURVE ( 'NONE', #2711, #306, #255, .T. ) ;
#752 = LINE ( 'NONE', #2380, #3371 ) ;
#753 = VECTOR ( 'NONE', #2713, 1000.000000000000000 ) ;
#754 = ORIENTED_EDGE ( 'NONE', *, *, #3291, .F. ) ;
#755 = CARTESIAN_POINT ( 'NONE',  ( 0.7845366261063888569, 0.5346999999999999531, -0.4519200433913762582 ) ) ;
#756 =( GEOMETRIC_REPRESENTATION_CONTEXT ( 3 ) GLOBAL_UNCERTAINTY_ASSIGNED_CONTEXT ( ( #558 ) ) GLOBAL_UNIT_ASSIGNED_CONTEXT ( ( #3338, #3092, #1993 ) ) REPRESENTATION_CONTEXT ( 'NONE', 'WORKASPACE' ) );
#757 = SURFACE_SIDE_STYLE ('',( #2878 ) ) ;
#758 = ADVANCED_FACE ( 'NONE', ( #1555 ), #2347, .F. ) ;
#759 =( NAMED_UNIT ( * ) SI_UNIT ( $, .STERADIAN. ) SOLID_ANGLE_UNIT ( ) );
#760 = LINE ( 'NONE', #1782, #2294 ) ;
#761 = MECHANICAL_DESIGN_GEOMETRIC_PRESENTATION_REPRESENTATION (  '', ( #1824 ), #2105 ) ;
#762 = SURFACE_STYLE_FILL_AREA ( #205 ) ;
#763 = VERTEX_POINT ( 'NONE', #2052 ) ;
#764 = LINE ( 'NONE', #2644, #409 ) ;
#765 = SURFACE_STYLE_USAGE ( .BOTH. , #3217 ) ;
#766 = ORIENTED_EDGE ( 'NONE', *, *, #780, .F. ) ;
#767 =( BOUNDED_CURVE ( )  B_SPLINE_CURVE ( 3, ( #1919, #323, #1676, #2477, #1143, #2215, #819 ),
 .UNSPECIFIED., .F., .F. ) 
 B_SPLINE_CURVE_WITH_KNOTS ( ( 4, 3, 4 ),
 ( 0.2499999999999995282, 0.5000000000000000000, 0.7500000000000000000 ),
 .UNSPECIFIED. ) 
 CURVE ( )  GEOMETRIC_REPRESENTATION_ITEM ( )  RATIONAL_B_SPLINE_CURVE ( ( 0.5000000000000000000, 0.4999999999999994449, 0.6666666666666660745, 1.000000000000000000, 0.6666666666666667407, 0.5000000000000000000, 0.5000000000000000000 ) ) 
 REPRESENTATION_ITEM ( '' )  );
#768 = ORIENTED_EDGE ( 'NONE', *, *, #198, .F. ) ;
#769 = DIRECTION ( 'NONE',  ( 0.000000000000000000, 1.000000000000000000, 0.000000000000000000 ) ) ;
#770 = EDGE_CURVE ( 'NONE', #2322, #1922, #2864, .T. ) ;
#771 = DIRECTION ( 'NONE',  ( 3.160821637233196943E-16, -1.000000000000000000, 0.000000000000000000 ) ) ;
#772 = VERTEX_POINT ( 'NONE', #2068 ) ;
#773 = SURFACE_STYLE_USAGE ( .BOTH. , #1570 ) ;
#774 = AXIS2_PLACEMENT_3D ( 'NONE', #1306, #1289, #3265 ) ;
#775 =( LENGTH_UNIT ( ) NAMED_UNIT ( * ) SI_UNIT ( .MILLI., .METRE. ) );
#776 = FACE_OUTER_BOUND ( 'NONE', #3418, .T. ) ;
#777 = VECTOR ( 'NONE', #3013, 1000.000000000000000 ) ;
#778 = CARTESIAN_POINT ( 'NONE',  ( 0.7025950329167406361, 0.5346999999999997311, -0.4344952741022945486 ) ) ;
#779 = STYLED_ITEM ( 'NONE', ( #215 ), #2903 ) ;
#780 = EDGE_CURVE ( 'NONE', #3302, #1468, #454, .T. ) ;
#781 = FACE_OUTER_BOUND ( 'NONE', #2415, .T. ) ;
#782 = ORIENTED_EDGE ( 'NONE', *, *, #2725, .F. ) ;
#783 = VERTEX_POINT ( 'NONE', #2976 ) ;
#784 = CARTESIAN_POINT ( 'NONE',  ( 0.7845366261063888569, 0.5346999999999999531, -0.4519200433913761472 ) ) ;
#785 = DIRECTION ( 'NONE',  ( 1.000000000000000000, 0.000000000000000000, 0.000000000000000000 ) ) ;
#786 = ORIENTED_EDGE ( 'NONE', *, *, #601, .T. ) ;
#787 = CARTESIAN_POINT ( 'NONE',  ( 0.6924848844005146997, 0.5346999999999999531, -0.4582051529417540681 ) ) ;
#788 = ORIENTED_EDGE ( 'NONE', *, *, #652, .T. ) ;
#789 = COLOUR_RGB ( '',0.1019607843137254888, 0.1019607843137254888, 0.1019607843137254888 ) ;
#790 =( NAMED_UNIT ( * ) PLANE_ANGLE_UNIT ( ) SI_UNIT ( $, .RADIAN. ) );
#791 = COLOUR_RGB ( '',0.1019607843137254888, 0.1019607843137254888, 0.1019607843137254888 ) ;
#792 = CARTESIAN_POINT ( 'NONE',  ( -0.000000000000000000, 0.000000000000000000, -0.9000000000000000222 ) ) ;
#793 = VECTOR ( 'NONE', #942, 1000.000000000000000 ) ;
#794 = EDGE_LOOP ( 'NONE', ( #2315, #1587, #2675, #2681, #1649, #312, #2632, #2392 ) ) ;
#795 = CLOSED_SHELL ( 'NONE', ( #1729, #1557, #593, #622, #1995, #1197 ) ) ;
#796 = CARTESIAN_POINT ( 'NONE',  ( 1.035674145095251575, 0.5345999999999999641, -0.4517119266896063023 ) ) ;
#797 =( NAMED_UNIT ( * ) SI_UNIT ( $, .STERADIAN. ) SOLID_ANGLE_UNIT ( ) );
#798 = CARTESIAN_POINT ( 'NONE',  ( 0.9967286168785491896, 0.5345999999999999641, -0.4517119266896062468 ) ) ;
#799 = LINE ( 'NONE', #1864, #2869 ) ;
#800 = EDGE_CURVE ( 'NONE', #1350, #2534, #17, .T. ) ;
#801 = CARTESIAN_POINT ( 'NONE',  ( 0.6609518911788154760, 0.5345999999999999641, -0.5265488533792125336 ) ) ;
#802 = ORIENTED_EDGE ( 'NONE', *, *, #1792, .T. ) ;
#803 = VERTEX_POINT ( 'NONE', #830 ) ;
#804 = DIRECTION ( 'NONE',  ( 1.000000000000000000, 0.000000000000000000, 0.000000000000000000 ) ) ;
#805 = FILL_AREA_STYLE_COLOUR ( '', #2003 ) ;
#806 = EDGE_LOOP ( 'NONE', ( #1616, #2849, #1817, #1796 ) ) ;
#807 = EDGE_CURVE ( 'NONE', #503, #2749, #1367, .T. ) ;
#808 = ORIENTED_EDGE ( 'NONE', *, *, #2974, .T. ) ;
#809 =( NAMED_UNIT ( * ) PLANE_ANGLE_UNIT ( ) SI_UNIT ( $, .RADIAN. ) );
#810 = DIRECTION ( 'NONE',  ( 0.4573491243099514492, 0.000000000000000000, 0.8892872305913992470 ) ) ;
#811 = ORIENTED_EDGE ( 'NONE', *, *, #3253, .F. ) ;
#812 = CARTESIAN_POINT ( 'NONE',  ( 0.6185244016848174820, 0.5345999999999999641, -0.3768750000000000155 ) ) ;
#813 = DIRECTION ( 'NONE',  ( 0.000000000000000000, 0.000000000000000000, -1.000000000000000000 ) ) ;
#814 =( BOUNDED_CURVE ( )  B_SPLINE_CURVE ( 3, ( #1632, #1081, #1856, #1598, #504, #1872, #2949 ),
 .UNSPECIFIED., .F., .F. ) 
 B_SPLINE_CURVE_WITH_KNOTS ( ( 4, 3, 4 ),
 ( 0.2499999999999995282, 0.5000000000000000000, 0.7500000000000000000 ),
 .UNSPECIFIED. ) 
 CURVE ( )  GEOMETRIC_REPRESENTATION_ITEM ( )  RATIONAL_B_SPLINE_CURVE ( ( 0.5000000000000000000, 0.4999999999999994449, 0.6666666666666660745, 1.000000000000000000, 0.6666666666666667407, 0.5000000000000000000, 0.5000000000000000000 ) ) 
 REPRESENTATION_ITEM ( '' )  );
#815 = MECHANICAL_DESIGN_GEOMETRIC_PRESENTATION_REPRESENTATION (  '', ( #1931 ), #1818 ) ;
#816 = FACE_OUTER_BOUND ( 'NONE', #3225, .T. ) ;
#817 = CARTESIAN_POINT ( 'NONE',  ( 0.8124387813336694242, 0.5346999999999999531, -0.4333628294352412369 ) ) ;
#818 = AXIS2_PLACEMENT_3D ( 'NONE', #3023, #1417, #938 ) ;
#819 = CARTESIAN_POINT ( 'NONE',  ( 1.035674145095251575, 0.5346999999999999531, -0.4517119266896063023 ) ) ;
#820 = CARTESIAN_POINT ( 'NONE',  ( 0.5579175669401520432, 0.5345999999999999641, -0.5265488533792125336 ) ) ;
#821 = VERTEX_POINT ( 'NONE', #847 ) ;
#822 = ORIENTED_EDGE ( 'NONE', *, *, #1504, .F. ) ;
#823 = VECTOR ( 'NONE', #3364, 1000.000000000000000 ) ;
#824 =( NAMED_UNIT ( * ) SI_UNIT ( $, .STERADIAN. ) SOLID_ANGLE_UNIT ( ) );
#825 = VERTEX_POINT ( 'NONE', #1915 ) ;
#826 = ORIENTED_EDGE ( 'NONE', *, *, #2896, .F. ) ;
#827 = ADVANCED_FACE ( 'NONE', ( #2163 ), #3237, .T. ) ;
#828 = EDGE_LOOP ( 'NONE', ( #1100, #1923, #1811, #2659 ) ) ;
#829 = DIRECTION ( 'NONE',  ( 0.000000000000000000, 0.000000000000000000, 1.000000000000000000 ) ) ;
#830 = CARTESIAN_POINT ( 'NONE',  ( 0.6609518911788154760, 0.5345999999999999641, -0.5265488533792125336 ) ) ;
#831 = SURFACE_STYLE_USAGE ( .BOTH. , #256 ) ;
#832 = CARTESIAN_POINT ( 'NONE',  ( 0.7110158790730440881, 0.5346999999999999531, -0.5265488533792125336 ) ) ;
#833 = CARTESIAN_POINT ( 'NONE',  ( -4.757335635520023933E-18, -0.01539999999999996406, -0.9000000000000000222 ) ) ;
#834 = CARTESIAN_POINT ( 'NONE',  ( 0.8844775060546001821, 0.5345999999999999641, -0.5265488533792125336 ) ) ;
#835 = AXIS2_PLACEMENT_3D ( 'NONE', #2368, #1035, #514 ) ;
#836 = STYLED_ITEM ( 'NONE', ( #3409 ), #3103 ) ;
#837 = EDGE_LOOP ( 'NONE', ( #3090, #2222, #478, #1415 ) ) ;
#838 = EDGE_LOOP ( 'NONE', ( #3389, #923, #2033, #972 ) ) ;
#839 = EDGE_CURVE ( 'NONE', #460, #3057, #1640, .T. ) ;
#840 = FACE_OUTER_BOUND ( 'NONE', #3203, .T. ) ;
#841 = ORIENTED_EDGE ( 'NONE', *, *, #1334, .F. ) ;
#842 = FILL_AREA_STYLE_COLOUR ( '', #3325 ) ;
#843 = ADVANCED_FACE ( 'NONE', ( #272 ), #1352, .F. ) ;
#844 = CARTESIAN_POINT ( 'NONE',  ( 0.9921934257978403116, 0.5345999999999999641, -0.4139433132780292457 ) ) ;
#845 = PRESENTATION_LAYER_ASSIGNMENT (  '', '', ( #386 ) ) ;
#846 =( NAMED_UNIT ( * ) SI_UNIT ( $, .STERADIAN. ) SOLID_ANGLE_UNIT ( ) );
#847 = CARTESIAN_POINT ( 'NONE',  ( 0.5151170298900759059, 0.5345999999999999641, -0.5265488533792125336 ) ) ;
#848 = VECTOR ( 'NONE', #2032, 1000.000000000000000 ) ;
#849 = EDGE_CURVE ( 'NONE', #533, #1599, #2995, .T. ) ;
#850 = CARTESIAN_POINT ( 'NONE',  ( 0.7845366261063888569, 0.5347000000000000641, -0.4519200433913762582 ) ) ;
#851 = DIRECTION ( 'NONE',  ( -0.8930942291723016346, 0.000000000000000000, -0.4498696453631123027 ) ) ;
#852 = ORIENTED_EDGE ( 'NONE', *, *, #1189, .F. ) ;
#853 = ORIENTED_EDGE ( 'NONE', *, *, #568, .T. ) ;
#854 = CARTESIAN_POINT ( 'NONE',  ( -0.02193548387096774452, 0.000000000000000000, 0.000000000000000000 ) ) ;
#855 = EDGE_LOOP ( 'NONE', ( #3156, #2861, #1075, #883 ) ) ;
#856 = LINE ( 'NONE', #47, #2214 ) ;
#857 = FACE_OUTER_BOUND ( 'NONE', #2746, .T. ) ;
#858 = PRESENTATION_LAYER_ASSIGNMENT (  '', '', ( #2483 ) ) ;
#859 = ADVANCED_FACE ( 'NONE', ( #3255 ), #2401, .T. ) ;
#860 = VERTEX_POINT ( 'NONE', #3221 ) ;
#861 = CARTESIAN_POINT ( 'NONE',  ( 1.278064516129032047, 0.5191999999999999948, 0.000000000000000000 ) ) ;
#862 = EDGE_CURVE ( 'NONE', #936, #533, #173, .T. ) ;
#863 = CARTESIAN_POINT ( 'NONE',  ( 0.7462663575337485922, 0.5347000000000000641, -0.4142934633448108195 ) ) ;
#864 = LINE ( 'NONE', #3000, #567 ) ;
#865 = CARTESIAN_POINT ( 'NONE',  ( 0.8124387813336694242, 0.5346999999999999531, -0.4692009540048023841 ) ) ;
#866 = VERTEX_POINT ( 'NONE', #2957 ) ;
#867 = ORIENTED_EDGE ( 'NONE', *, *, #1419, .F. ) ;
#868 = CARTESIAN_POINT ( 'NONE',  ( 0.8844775060546001821, 0.5345999999999999641, -0.3768750000000000155 ) ) ;
#869 = DIRECTION ( 'NONE',  ( 0.000000000000000000, 1.000000000000000000, 0.000000000000000000 ) ) ;
#870 = ORIENTED_EDGE ( 'NONE', *, *, #2895, .F. ) ;
#871 = EDGE_LOOP ( 'NONE', ( #3351, #1188, #562, #748 ) ) ;
#872 = PLANE ( 'NONE',  #818 ) ;
#873 = LINE ( 'NONE', #614, #705 ) ;
#874 = CARTESIAN_POINT ( 'NONE',  ( 1.196129032258064440, 0.5038000000000001366, 0.000000000000000000 ) ) ;
#875 = SURFACE_STYLE_USAGE ( .BOTH. , #1348 ) ;
#876 = ADVANCED_FACE ( 'NONE', ( #2708 ), #588, .T. ) ;
#877 = DIRECTION ( 'NONE',  ( -1.000000000000000000, 0.000000000000000000, 0.000000000000000000 ) ) ;
#878 = LINE ( 'NONE', #2997, #2889 ) ;
#879 =( LENGTH_UNIT ( ) NAMED_UNIT ( * ) SI_UNIT ( .MILLI., .METRE. ) );
#880 = CARTESIAN_POINT ( 'NONE',  ( 0.9849538863347389039, 0.5345999999999999641, -0.4350052048712551023 ) ) ;
#881 = CARTESIAN_POINT ( 'NONE',  ( 0.9261082054436873268, 0.5345999999999999641, -0.4139433132780292457 ) ) ;
#882 = LINE ( 'NONE', #3072, #2888 ) ;
#883 = ORIENTED_EDGE ( 'NONE', *, *, #991, .T. ) ;
#884 = EDGE_CURVE ( 'NONE', #307, #1576, #2961, .T. ) ;
#885 = VERTEX_POINT ( 'NONE', #3259 ) ;
#886 = DIRECTION ( 'NONE',  ( 0.000000000000000000, 1.000000000000000000, 0.000000000000000000 ) ) ;
#887 = EDGE_LOOP ( 'NONE', ( #1854, #211, #1219, #3385 ) ) ;
#888 = ORIENTED_EDGE ( 'NONE', *, *, #2035, .F. ) ;
#889 = SURFACE_STYLE_USAGE ( .BOTH. , #1398 ) ;
#890 = AXIS2_PLACEMENT_3D ( 'NONE', #2076, #262, #3180 ) ;
#891 =( LENGTH_UNIT ( ) NAMED_UNIT ( * ) SI_UNIT ( .MILLI., .METRE. ) );
#892 =( GEOMETRIC_REPRESENTATION_CONTEXT ( 3 ) GLOBAL_UNCERTAINTY_ASSIGNED_CONTEXT ( ( #2083 ) ) GLOBAL_UNIT_ASSIGNED_CONTEXT ( ( #1083, #790, #1858 ) ) REPRESENTATION_CONTEXT ( 'NONE', 'WORKASPACE' ) );
#893 = DIRECTION ( 'NONE',  ( 1.000000000000000000, 0.000000000000000000, 0.000000000000000000 ) ) ;
#894 = FACE_OUTER_BOUND ( 'NONE', #1057, .T. ) ;
#895 = AXIS2_PLACEMENT_3D ( 'NONE', #1249, #1943, #932 ) ;
#896 = LINE ( 'NONE', #1442, #3483 ) ;
#897 = DIRECTION ( 'NONE',  ( 3.160821637233196450E-16, -1.000000000000000000, -0.000000000000000000 ) ) ;
#898 = CARTESIAN_POINT ( 'NONE',  ( 1.656129032258064404, 0.5038000000000001366, -0.9000000000000000222 ) ) ;
#899 = VECTOR ( 'NONE', #2916, 1000.000000000000000 ) ;
#900 = DIRECTION ( 'NONE',  ( 1.000000000000000000, 0.000000000000000000, -0.000000000000000000 ) ) ;
#901 = DIRECTION ( 'NONE',  ( 0.3889793462475059083, 0.000000000000000000, 0.9212464752675382229 ) ) ;
#902 = PLANE ( 'NONE',  #3208 ) ;
#903 = ORIENTED_EDGE ( 'NONE', *, *, #2706, .F. ) ;
#904 = ADVANCED_FACE ( 'NONE', ( #3293 ), #401, .T. ) ;
#905 =( GEOMETRIC_REPRESENTATION_CONTEXT ( 3 ) GLOBAL_UNCERTAINTY_ASSIGNED_CONTEXT ( ( #216 ) ) GLOBAL_UNIT_ASSIGNED_CONTEXT ( ( #3343, #3079, #964 ) ) REPRESENTATION_CONTEXT ( 'NONE', 'WORKASPACE' ) );
#906 = EDGE_CURVE ( 'NONE', #6, #2972, #2425, .T. ) ;
#907 = VERTEX_POINT ( 'NONE', #1936 ) ;
#908 = LINE ( 'NONE', #3020, #430 ) ;
#909 = VERTEX_POINT ( 'NONE', #1407 ) ;
#910 = LINE ( 'NONE', #3006, #3124 ) ;
#911 = VECTOR ( 'NONE', #203, 1000.000000000000000 ) ;
#912 =( NAMED_UNIT ( * ) PLANE_ANGLE_UNIT ( ) SI_UNIT ( $, .RADIAN. ) );
#913 = CARTESIAN_POINT ( 'NONE',  ( 0.8173428384180279060, 0.5346999999999999531, -0.5265488533792125336 ) ) ;
#914 = EDGE_CURVE ( 'NONE', #1560, #2432, #347, .T. ) ;
#915 = CARTESIAN_POINT ( 'NONE',  ( 0.4599999999999999090, 0.5191999999999998838, -0.9000000000000000222 ) ) ;
#916 = SURFACE_STYLE_USAGE ( .BOTH. , #1225 ) ;
#917 = PLANE ( 'NONE',  #3403 ) ;
#918 = CARTESIAN_POINT ( 'NONE',  ( 1.196129032258064440, 0.5038000000000001366, -0.9000000000000000222 ) ) ;
#919 = FACE_OUTER_BOUND ( 'NONE', #2300, .T. ) ;
#920 = ORIENTED_EDGE ( 'NONE', *, *, #443, .T. ) ;
#921 = ORIENTED_EDGE ( 'NONE', *, *, #2216, .T. ) ;
#922 = VECTOR ( 'NONE', #408, 1000.000000000000000 ) ;
#923 = ORIENTED_EDGE ( 'NONE', *, *, #3459, .F. ) ;
#924 = VECTOR ( 'NONE', #2890, 1000.000000000000000 ) ;
#925 = LINE ( 'NONE', #2007, #2205 ) ;
#926 = CARTESIAN_POINT ( 'NONE',  ( 0.4599999999999999645, 0.000000000000000000, -0.9000000000000000222 ) ) ;
#927 = PRESENTATION_STYLE_ASSIGNMENT (( #3133 ) ) ;
#928 = CARTESIAN_POINT ( 'NONE',  ( 0.000000000000000000, 0.000000000000000000, -0.9000000000000000222 ) ) ;
#929 = EDGE_CURVE ( 'NONE', #2534, #2816, #304, .T. ) ;
#930 = VECTOR ( 'NONE', #382, 1000.000000000000000 ) ;
#931 = UNCERTAINTY_MEASURE_WITH_UNIT (LENGTH_MEASURE( 1.000000000000000082E-05 ), #3096, 'distance_accuracy_value', 'NONE');
#932 = DIRECTION ( 'NONE',  ( -1.000000000000000000, 0.000000000000000000, 0.000000000000000000 ) ) ;
#933 =( LENGTH_UNIT ( ) NAMED_UNIT ( * ) SI_UNIT ( .MILLI., .METRE. ) );
#934 = DIRECTION ( 'NONE',  ( 0.000000000000000000, 1.000000000000000000, 0.000000000000000000 ) ) ;
#935 = LINE ( 'NONE', #3365, #623 ) ;
#936 = VERTEX_POINT ( 'NONE', #55 ) ;
#937 = VERTEX_POINT ( 'NONE', #1091 ) ;
#938 = DIRECTION ( 'NONE',  ( 1.000000000000000000, 0.000000000000000000, -0.000000000000000000 ) ) ;
#939 = EDGE_CURVE ( 'NONE', #2750, #1732, #621, .T. ) ;
#940 =( NAMED_UNIT ( * ) PLANE_ANGLE_UNIT ( ) SI_UNIT ( $, .RADIAN. ) );
#941 =( NAMED_UNIT ( * ) PLANE_ANGLE_UNIT ( ) SI_UNIT ( $, .RADIAN. ) );
#942 = DIRECTION ( 'NONE',  ( 0.000000000000000000, 0.000000000000000000, 1.000000000000000000 ) ) ;
#943 = VECTOR ( 'NONE', #474, 1000.000000000000000 ) ;
#944 = LINE ( 'NONE', #1985, #2882 ) ;
#945 = COLOUR_RGB ( '',0.1019607843137254888, 0.1019607843137254888, 0.1019607843137254888 ) ;
#946 = PLANE ( 'NONE',  #102 ) ;
#947 = CARTESIAN_POINT ( 'NONE',  ( 0.8173428384180279060, 0.5345999999999999641, -0.3768750000000000155 ) ) ;
#948 = ADVANCED_FACE ( 'NONE', ( #2217 ), #1901, .F. ) ;
#949 = DIRECTION ( 'NONE',  ( 0.000000000000000000, 0.000000000000000000, 1.000000000000000000 ) ) ;
#950 = COLOUR_RGB ( '',0.8980392156862745390, 0.9215686274509803377, 0.9294117647058823817 ) ;
#951 = ADVANCED_FACE ( 'NONE', ( #3105 ), #917, .F. ) ;
#952 =( NAMED_UNIT ( * ) PLANE_ANGLE_UNIT ( ) SI_UNIT ( $, .RADIAN. ) );
#953 = DIRECTION ( 'NONE',  ( 0.000000000000000000, 1.000000000000000000, 0.000000000000000000 ) ) ;
#954 = EDGE_LOOP ( 'NONE', ( #104, #1585, #2202, #1167 ) ) ;
#955 = AXIS2_PLACEMENT_3D ( 'NONE', #1390, #851, #968 ) ;
#956 = STYLED_ITEM ( 'NONE', ( #410 ), #1736 ) ;
#957 = ORIENTED_EDGE ( 'NONE', *, *, #1247, .F. ) ;
#958 = FACE_OUTER_BOUND ( 'NONE', #2518, .T. ) ;
#959 = STYLED_ITEM ( 'NONE', ( #2842 ), #2821 ) ;
#960 = CARTESIAN_POINT ( 'NONE',  ( 0.9921934257978403116, 0.5345999999999999641, -0.4139433132780292457 ) ) ;
#961 = VECTOR ( 'NONE', #3357, 1000.000000000000000 ) ;
#962 = PLANE ( 'NONE',  #2830 ) ;
#963 = PLANE ( 'NONE',  #3247 ) ;
#964 =( NAMED_UNIT ( * ) SI_UNIT ( $, .STERADIAN. ) SOLID_ANGLE_UNIT ( ) );
#965 = FILL_AREA_STYLE_COLOUR ( '', #1577 ) ;
#966 = UNCERTAINTY_MEASURE_WITH_UNIT (LENGTH_MEASURE( 1.000000000000000082E-05 ), #2759, 'distance_accuracy_value', 'NONE');
#967 = ADVANCED_FACE ( 'NONE', ( #1500 ), #642, .T. ) ;
#968 = DIRECTION ( 'NONE',  ( -0.4498696453631123027, 0.000000000000000000, 0.8930942291723016346 ) ) ;
#969 = LINE ( 'NONE', #2034, #2523 ) ;
#970 = FACE_OUTER_BOUND ( 'NONE', #2259, .T. ) ;
#971 =( LENGTH_UNIT ( ) NAMED_UNIT ( * ) SI_UNIT ( .MILLI., .METRE. ) );
#972 = ORIENTED_EDGE ( 'NONE', *, *, #2381, .T. ) ;
#973 = EDGE_CURVE ( 'NONE', #821, #458, #415, .T. ) ;
#974 = VERTEX_POINT ( 'NONE', #3015 ) ;
#975 = DIRECTION ( 'NONE',  ( 0.9212464752675382229, 0.000000000000000000, 0.3889793462475059083 ) ) ;
#976 = ORIENTED_EDGE ( 'NONE', *, *, #404, .F. ) ;
#977 = CARTESIAN_POINT ( 'NONE',  ( 0.6185244016848174820, 0.5346999999999999531, -0.3768750000000000155 ) ) ;
#978 = DIRECTION ( 'NONE',  ( -3.160821637233196943E-16, -1.000000000000000000, 0.000000000000000000 ) ) ;
#979 = PRESENTATION_LAYER_ASSIGNMENT (  '', '', ( #2096 ) ) ;
#980 = VECTOR ( 'NONE', #221, 1000.000000000000000 ) ;
#981 = LINE ( 'NONE', #2597, #2921 ) ;
#982 = EDGE_CURVE ( 'NONE', #1868, #3335, #1216, .T. ) ;
#983 = ORIENTED_EDGE ( 'NONE', *, *, #2406, .T. ) ;
#984 = LINE ( 'NONE', #2224, #1795 ) ;
#985 = CARTESIAN_POINT ( 'NONE',  ( -0.009816291558974827788, 0.5346999999999997311, -0.03411630942139767808 ) ) ;
#986 = DIRECTION ( 'NONE',  ( 0.000000000000000000, 0.000000000000000000, -1.000000000000000000 ) ) ;
#987 = VERTEX_POINT ( 'NONE', #1955 ) ;
#988 = UNCERTAINTY_MEASURE_WITH_UNIT (LENGTH_MEASURE( 1.000000000000000082E-05 ), #3173, 'distance_accuracy_value', 'NONE');
#989 = VERTEX_POINT ( 'NONE', #661 ) ;
#990 = DIRECTION ( 'NONE',  ( -1.000000000000000000, 0.000000000000000000, 0.000000000000000000 ) ) ;
#991 = EDGE_CURVE ( 'NONE', #1926, #2207, #3332, .T. ) ;
#992 = ORIENTED_EDGE ( 'NONE', *, *, #311, .T. ) ;
#993 = CARTESIAN_POINT ( 'NONE',  ( 0.5657232049947971131, 0.5345999999999999641, -0.4281482597897918185 ) ) ;
#994 = CARTESIAN_POINT ( 'NONE',  ( 0.8124387813336694242, 0.5345999999999999641, -0.4692009540048023841 ) ) ;
#995 = AXIS2_PLACEMENT_3D ( 'NONE', #985, #1589, #1020 ) ;
#996 = LINE ( 'NONE', #2064, #2807 ) ;
#997 = ORIENTED_EDGE ( 'NONE', *, *, #1532, .F. ) ;
#998 = SURFACE_STYLE_FILL_AREA ( #486 ) ;
#999 = FILL_AREA_STYLE_COLOUR ( '', #3029 ) ;
#1000 = SURFACE_SIDE_STYLE ('',( #1766 ) ) ;
#1001 = SURFACE_SIDE_STYLE ('',( #1521 ) ) ;
#1002 = VECTOR ( 'NONE', #433, 1000.000000000000000 ) ;
#1003 = ORIENTED_EDGE ( 'NONE', *, *, #2646, .T. ) ;
#1004 = CARTESIAN_POINT ( 'NONE',  ( 1.278064516129032047, 0.5346000000000000751, 0.000000000000000000 ) ) ;
#1005 = EDGE_CURVE ( 'NONE', #3352, #1017, #2000, .T. ) ;
#1006 = EDGE_CURVE ( 'NONE', #3271, #1411, #1678, .T. ) ;
#1007 = EDGE_LOOP ( 'NONE', ( #2303, #263, #1670, #1735 ) ) ;
#1008 = CARTESIAN_POINT ( 'NONE',  ( 1.196129032258064440, 0.5191999999999999948, -0.9000000000000000222 ) ) ;
#1009 = CARTESIAN_POINT ( 'NONE',  ( 1.656129032258064404, 0.000000000000000000, -0.9000000000000000222 ) ) ;
#1010 = SURFACE_STYLE_FILL_AREA ( #1026 ) ;
#1011 = VECTOR ( 'NONE', #2728, 1000.000000000000000 ) ;
#1012 = ORIENTED_EDGE ( 'NONE', *, *, #1006, .F. ) ;
#1013 = FILL_AREA_STYLE_COLOUR ( '', #1918 ) ;
#1014 =( BOUNDED_CURVE ( )  B_SPLINE_CURVE ( 3, ( #2355, #3408, #3455, #2114 ),
 .UNSPECIFIED., .F., .T. ) 
 B_SPLINE_CURVE_WITH_KNOTS ( ( 4, 4 ),
 ( 0.000000000000000000, 0.5000000000000001110 ),
 .UNSPECIFIED. ) 
 CURVE ( )  GEOMETRIC_REPRESENTATION_ITEM ( )  RATIONAL_B_SPLINE_CURVE ( ( 1.000000000000000000, 0.6666666666666666297, 0.5000000000000000000, 0.5000000000000000000 ) ) 
 REPRESENTATION_ITEM ( '' )  );
#1015 = EDGE_CURVE ( 'NONE', #2676, #783, #2271, .T. ) ;
#1016 = PLANE ( 'NONE',  #682 ) ;
#1017 = VERTEX_POINT ( 'NONE', #2238 ) ;
#1018 = CARTESIAN_POINT ( 'NONE',  ( 0.9967286168785487455, 0.5346999999999999531, -0.4517119266896063023 ) ) ;
#1019 = MECHANICAL_DESIGN_GEOMETRIC_PRESENTATION_REPRESENTATION (  '', ( #2255 ), #412 ) ;
#1020 = DIRECTION ( 'NONE',  ( 0.000000000000000000, 0.000000000000000000, -1.000000000000000000 ) ) ;
#1021 = CARTESIAN_POINT ( 'NONE',  ( 0.000000000000000000, 0.000000000000000000, -0.9000000000000000222 ) ) ;
#1022 = VECTOR ( 'NONE', #441, 1000.000000000000000 ) ;
#1023 = ORIENTED_EDGE ( 'NONE', *, *, #2742, .T. ) ;
#1024 = PRESENTATION_STYLE_ASSIGNMENT (( #461 ) ) ;
#1025 = CARTESIAN_POINT ( 'NONE',  ( 0.9921934257978403116, 0.5346999999999999531, -0.4139433132780292457 ) ) ;
#1026 = FILL_AREA_STYLE ('',( #805 ) ) ;
#1027 = EDGE_LOOP ( 'NONE', ( #511, #3266, #1562, #2983 ) ) ;
#1028 = ORIENTED_EDGE ( 'NONE', *, *, #2353, .F. ) ;
#1029 =( LENGTH_UNIT ( ) NAMED_UNIT ( * ) SI_UNIT ( .MILLI., .METRE. ) );
#1030 = LINE ( 'NONE', #527, #1970 ) ;
#1031 = EDGE_CURVE ( 'NONE', #2257, #2310, #1198, .T. ) ;
#1032 = AXIS2_PLACEMENT_3D ( 'NONE', #3422, #3132, #1274 ) ;
#1033 = ORIENTED_EDGE ( 'NONE', *, *, #53, .F. ) ;
#1034 = CARTESIAN_POINT ( 'NONE',  ( 0.7954849410735052029, 0.5346000000000000751, -0.4865027169171631249 ) ) ;
#1035 = DIRECTION ( 'NONE',  ( 0.000000000000000000, 0.000000000000000000, 1.000000000000000000 ) ) ;
#1036 = CARTESIAN_POINT ( 'NONE',  ( 1.067805097762828392, 0.5345999999999999641, -0.3768749999999999045 ) ) ;
#1037 =( GEOMETRIC_REPRESENTATION_CONTEXT ( 3 ) GLOBAL_UNCERTAINTY_ASSIGNED_CONTEXT ( ( #3110 ) ) GLOBAL_UNIT_ASSIGNED_CONTEXT ( ( #933, #2812, #1480 ) ) REPRESENTATION_CONTEXT ( 'NONE', 'WORKASPACE' ) );
#1038 = DIRECTION ( 'NONE',  ( 0.000000000000000000, 1.000000000000000000, 0.000000000000000000 ) ) ;
#1039 = ORIENTED_EDGE ( 'NONE', *, *, #659, .T. ) ;
#1040 = FACE_OUTER_BOUND ( 'NONE', #1171, .T. ) ;
#1041 = ORIENTED_EDGE ( 'NONE', *, *, #2850, .T. ) ;
#1042 = PRESENTATION_STYLE_ASSIGNMENT (( #250 ) ) ;
#1043 = VERTEX_POINT ( 'NONE', #918 ) ;
#1044 = PLANE ( 'NONE',  #29 ) ;
#1045 = CARTESIAN_POINT ( 'NONE',  ( -0.02193548387096774452, 0.000000000000000000, -0.9000000000000000222 ) ) ;
#1046 = ORIENTED_EDGE ( 'NONE', *, *, #451, .T. ) ;
#1047 = CARTESIAN_POINT ( 'NONE',  ( 1.656129032258064404, 0.000000000000000000, 0.000000000000000000 ) ) ;
#1048 = LINE ( 'NONE', #2920, #1434 ) ;
#1049 = CARTESIAN_POINT ( 'NONE',  ( 0.7156330219495348199, 0.5346999999999999531, -0.3980984844777932796 ) ) ;
#1050 = VECTOR ( 'NONE', #490, 1000.000000000000000 ) ;
#1051 = CARTESIAN_POINT ( 'NONE',  ( 1.067805097762828392, 0.5346999999999999531, -0.3768749999999999045 ) ) ;
#1052 = VECTOR ( 'NONE', #1439, 1000.000000000000000 ) ;
#1053 = EDGE_CURVE ( 'NONE', #1017, #307, #398, .T. ) ;
#1054 = FACE_OUTER_BOUND ( 'NONE', #855, .T. ) ;
#1055 = VECTOR ( 'NONE', #3189, 1000.000000000000000 ) ;
#1056 = VERTEX_POINT ( 'NONE', #1409 ) ;
#1057 = EDGE_LOOP ( 'NONE', ( #2144, #2582, #1060, #418 ) ) ;
#1058 = FILL_AREA_STYLE_COLOUR ( '', #1488 ) ;
#1059 = FACE_OUTER_BOUND ( 'NONE', #2054, .T. ) ;
#1060 = ORIENTED_EDGE ( 'NONE', *, *, #2933, .T. ) ;
#1061 =( NAMED_UNIT ( * ) PLANE_ANGLE_UNIT ( ) SI_UNIT ( $, .RADIAN. ) );
#1062 =( GEOMETRIC_REPRESENTATION_CONTEXT ( 3 ) GLOBAL_UNCERTAINTY_ASSIGNED_CONTEXT ( ( #142 ) ) GLOBAL_UNIT_ASSIGNED_CONTEXT ( ( #1764, #1937, #2578 ) ) REPRESENTATION_CONTEXT ( 'NONE', 'WORKASPACE' ) );
#1063 = MECHANICAL_DESIGN_GEOMETRIC_PRESENTATION_REPRESENTATION (  '', ( #3258 ), #2922 ) ;
#1064 = DIRECTION ( 'NONE',  ( -1.000000000000000000, 0.000000000000000000, -0.000000000000000000 ) ) ;
#1065 = VECTOR ( 'NONE', #953, 1000.000000000000000 ) ;
#1066 = VECTOR ( 'NONE', #2379, 1000.000000000000000 ) ;
#1067 = ORIENTED_EDGE ( 'NONE', *, *, #751, .F. ) ;
#1068 = COLOUR_RGB ( '',0.8980392156862745390, 0.9215686274509803377, 0.9294117647058823817 ) ;
#1069 = LINE ( 'NONE', #2346, #2192 ) ;
#1070 = DIRECTION ( 'NONE',  ( 0.000000000000000000, 0.000000000000000000, -1.000000000000000000 ) ) ;
#1071 = DIRECTION ( 'NONE',  ( -0.000000000000000000, 0.000000000000000000, -1.000000000000000000 ) ) ;
#1072 = VECTOR ( 'NONE', #1301, 1000.000000000000000 ) ;
#1073 = CARTESIAN_POINT ( 'NONE',  ( 0.000000000000000000, 0.000000000000000000, -0.9000000000000000222 ) ) ;
#1074 = PLANE ( 'NONE',  #1690 ) ;
#1075 = ORIENTED_EDGE ( 'NONE', *, *, #1638, .T. ) ;
#1076 = EDGE_CURVE ( 'NONE', #1447, #2319, #1988, .T. ) ;
#1077 = VERTEX_POINT ( 'NONE', #329 ) ;
#1078 = SURFACE_STYLE_USAGE ( .BOTH. , #1869 ) ;
#1079 = SURFACE_STYLE_USAGE ( .BOTH. , #3165 ) ;
#1080 = EDGE_LOOP ( 'NONE', ( #400, #768, #2876, #3444 ) ) ;
#1081 = CARTESIAN_POINT ( 'NONE',  ( 1.099936050430405210, 0.5345999999999998531, -0.4742658640758759536 ) ) ;
#1082 = ORIENTED_EDGE ( 'NONE', *, *, #12, .T. ) ;
#1083 =( LENGTH_UNIT ( ) NAMED_UNIT ( * ) SI_UNIT ( .MILLI., .METRE. ) );
#1084 =( NAMED_UNIT ( * ) PLANE_ANGLE_UNIT ( ) SI_UNIT ( $, .RADIAN. ) );
#1085 = ORIENTED_EDGE ( 'NONE', *, *, #1467, .F. ) ;
#1086 = CARTESIAN_POINT ( 'NONE',  ( 0.8646532991793240974, 0.5346999999999999531, -0.3768750000000000155 ) ) ;
#1087 = MECHANICAL_DESIGN_GEOMETRIC_PRESENTATION_REPRESENTATION (  '', ( #469 ), #592 ) ;
#1088 = ADVANCED_FACE ( 'NONE', ( #3088, #1938 ), #128, .T. ) ;
#1089 = MECHANICAL_DESIGN_GEOMETRIC_PRESENTATION_REPRESENTATION (  '', ( #2321 ), #3346 ) ;
#1090 = LINE ( 'NONE', #2980, #3469 ) ;
#1091 = CARTESIAN_POINT ( 'NONE',  ( 0.9967286168785491896, 0.5345999999999999641, -0.4517119266896062468 ) ) ;
#1092 = DIRECTION ( 'NONE',  ( 0.000000000000000000, 1.000000000000000000, 0.000000000000000000 ) ) ;
#1093 = ORIENTED_EDGE ( 'NONE', *, *, #2279, .T. ) ;
#1094 = EDGE_LOOP ( 'NONE', ( #2884, #518, #1315, #2911 ) ) ;
#1095 = VECTOR ( 'NONE', #428, 1000.000000000000000 ) ;
#1096 = VECTOR ( 'NONE', #1229, 1000.000000000000000 ) ;
#1097 = CARTESIAN_POINT ( 'NONE',  ( 1.051739621429039984, 0.5346999999999999531, -0.4178810206102017144 ) ) ;
#1098 = DIRECTION ( 'NONE',  ( -0.4498696453631123027, 0.000000000000000000, 0.8930942291723016346 ) ) ;
#1099 = EDGE_CURVE ( 'NONE', #1384, #3471, #81, .T. ) ;
#1100 = ORIENTED_EDGE ( 'NONE', *, *, #1826, .F. ) ;
#1101 = CARTESIAN_POINT ( 'NONE',  ( 1.067805097762828392, 0.5345999999999999641, -0.4517119266896063023 ) ) ;
#1102 =( NAMED_UNIT ( * ) SI_UNIT ( $, .STERADIAN. ) SOLID_ANGLE_UNIT ( ) );
#1103 = LINE ( 'NONE', #844, #1584 ) ;
#1104 =( NAMED_UNIT ( * ) PLANE_ANGLE_UNIT ( ) SI_UNIT ( $, .RADIAN. ) );
#1105 = CARTESIAN_POINT ( 'NONE',  ( 0.6823747358842887634, 0.5345999999999999641, -0.4344952741022945486 ) ) ;
#1106 = CARTESIAN_POINT ( 'NONE',  ( 1.138881578647107817, 0.5345999999999999641, -0.4517119266896063023 ) ) ;
#1107 = AXIS2_PLACEMENT_3D ( 'NONE', #2611, #137, #978 ) ;
#1108 = CARTESIAN_POINT ( 'NONE',  ( 0.7990064446198870129, 0.5346999999999999531, -0.4122195212091497307 ) ) ;
#1109 = DIRECTION ( 'NONE',  ( 0.000000000000000000, 0.000000000000000000, -1.000000000000000000 ) ) ;
#1110 = CARTESIAN_POINT ( 'NONE',  ( 0.9921934257978403116, 0.5345999999999999641, -0.5265488533792125336 ) ) ;
#1111 = VECTOR ( 'NONE', #1607, 1000.000000000000000 ) ;
#1112 = ORIENTED_EDGE ( 'NONE', *, *, #862, .F. ) ;
#1113 = EDGE_LOOP ( 'NONE', ( #1908, #997, #822, #3454, #3194, #497, #3494, #1012 ) ) ;
#1114 = CARTESIAN_POINT ( 'NONE',  ( 0.000000000000000000, 0.5191999999999999948, -0.9000000000000000222 ) ) ;
#1115 = CARTESIAN_POINT ( 'NONE',  ( 0.9921934257978403116, 0.5345999999999999641, -0.3768750000000000155 ) ) ;
#1116 = EDGE_CURVE ( 'NONE', #1845, #3057, #3315, .T. ) ;
#1117 = EDGE_LOOP ( 'NONE', ( #384, #555, #2444, #2589 ) ) ;
#1118 = DIRECTION ( 'NONE',  ( 0.000000000000000000, 0.000000000000000000, 1.000000000000000000 ) ) ;
#1119 = VECTOR ( 'NONE', #1479, 1000.000000000000000 ) ;
#1120 = PLANE ( 'NONE',  #1107 ) ;
#1121 = VERTEX_POINT ( 'NONE', #3348 ) ;
#1122 = EDGE_CURVE ( 'NONE', #3214, #279, #2515, .T. ) ;
#1123 = PRESENTATION_LAYER_ASSIGNMENT (  '', '', ( #2581 ) ) ;
#1124 = VECTOR ( 'NONE', #82, 1000.000000000000000 ) ;
#1125 = SURFACE_STYLE_FILL_AREA ( #1914 ) ;
#1126 = VECTOR ( 'NONE', #2743, 1000.000000000000000 ) ;
#1127 =( GEOMETRIC_REPRESENTATION_CONTEXT ( 3 ) GLOBAL_UNCERTAINTY_ASSIGNED_CONTEXT ( ( #1836 ) ) GLOBAL_UNIT_ASSIGNED_CONTEXT ( ( #1457, #1194, #2540 ) ) REPRESENTATION_CONTEXT ( 'NONE', 'WORKASPACE' ) );
#1128 = CARTESIAN_POINT ( 'NONE',  ( 1.678064516129031958, 0.5191999999999999948, 0.000000000000000000 ) ) ;
#1129 = CARTESIAN_POINT ( 'NONE',  ( 0.8173428384180084771, 0.5347000000000000641, -0.3768749999999999045 ) ) ;
#1130 = ORIENTED_EDGE ( 'NONE', *, *, #538, .T. ) ;
#1131 = ORIENTED_EDGE ( 'NONE', *, *, #3253, .T. ) ;
#1132 = PLANE ( 'NONE',  #1659 ) ;
#1133 = FACE_OUTER_BOUND ( 'NONE', #2227, .T. ) ;
#1134 = ORIENTED_EDGE ( 'NONE', *, *, #72, .T. ) ;
#1135 =( LENGTH_UNIT ( ) NAMED_UNIT ( * ) SI_UNIT ( .MILLI., .METRE. ) );
#1136 = EDGE_CURVE ( 'NONE', #2816, #3002, #57, .T. ) ;
#1137 = CARTESIAN_POINT ( 'NONE',  ( 0.3780645161290323020, 0.5191999999999998838, 0.000000000000000000 ) ) ;
#1138 = DIRECTION ( 'NONE',  ( 1.000000000000000000, 0.000000000000000000, 0.000000000000000000 ) ) ;
#1139 = COLOUR_RGB ( '',0.7921568627450980005, 0.8196078431372548767, 0.9333333333333333481 ) ;
#1140 = SURFACE_SIDE_STYLE ('',( #2457 ) ) ;
#1141 = ADVANCED_FACE ( 'NONE', ( #349 ), #1751, .F. ) ;
#1142 = DIRECTION ( 'NONE',  ( 0.000000000000000000, 0.000000000000000000, 1.000000000000000000 ) ) ;
#1143 = CARTESIAN_POINT ( 'NONE',  ( 1.051739621429039984, 0.5346999999999999531, -0.4855428327690108348 ) ) ;
#1144 = DIRECTION ( 'NONE',  ( -1.000000000000000000, 3.089178984103918623E-16, 0.000000000000000000 ) ) ;
#1145 = LINE ( 'NONE', #2218, #2528 ) ;
#1146 = SURFACE_STYLE_FILL_AREA ( #1714 ) ;
#1147 = CARTESIAN_POINT ( 'NONE',  ( 1.138881578647107817, 0.5345999999999999641, -0.4517119266896063023 ) ) ;
#1148 = EDGE_LOOP ( 'NONE', ( #1397, #1542, #2329, #1112 ) ) ;
#1149 = ORIENTED_EDGE ( 'NONE', *, *, #337, .F. ) ;
#1150 = STYLED_ITEM ( 'NONE', ( #105 ), #1999 ) ;
#1151 = DIRECTION ( 'NONE',  ( 0.000000000000000000, 0.000000000000000000, 1.000000000000000000 ) ) ;
#1152 = LINE ( 'NONE', #2225, #2625 ) ;
#1153 = VECTOR ( 'NONE', #1571, 1000.000000000000000 ) ;
#1154 = ORIENTED_EDGE ( 'NONE', *, *, #245, .F. ) ;
#1155 = ORIENTED_EDGE ( 'NONE', *, *, #780, .T. ) ;
#1156 = PRESENTATION_STYLE_ASSIGNMENT (( #65 ) ) ;
#1157 = CARTESIAN_POINT ( 'NONE',  ( 0.7462663575337484811, 0.5346999999999998421, -0.4891303900335675636 ) ) ;
#1158 = PRODUCT_DEFINITION ( 'UNKNOWN', '', #708, #465 ) ;
#1159 = DIRECTION ( 'NONE',  ( 0.000000000000000000, 0.000000000000000000, -1.000000000000000000 ) ) ;
#1160 = DIRECTION ( 'NONE',  ( 0.000000000000000000, 1.000000000000000000, 0.000000000000000000 ) ) ;
#1161 = DIRECTION ( 'NONE',  ( 3.520136923654273707E-15, -1.000000000000000000, 0.000000000000000000 ) ) ;
#1162 = EDGE_CURVE ( 'NONE', #2745, #259, #1572, .T. ) ;
#1163 = DIRECTION ( 'NONE',  ( 0.000000000000000000, -0.000000000000000000, -1.000000000000000000 ) ) ;
#1164 = SURFACE_STYLE_FILL_AREA ( #2763 ) ;
#1165 = DIRECTION ( 'NONE',  ( 0.4573491243099514492, 0.000000000000000000, 0.8892872305913992470 ) ) ;
#1166 = DIRECTION ( 'NONE',  ( -0.9212464752675382229, 0.000000000000000000, 0.3889793462475059083 ) ) ;
#1167 = ORIENTED_EDGE ( 'NONE', *, *, #1771, .T. ) ;
#1168 = ORIENTED_EDGE ( 'NONE', *, *, #1965, .T. ) ;
#1169 = ADVANCED_FACE ( 'NONE', ( #2053 ), #149, .T. ) ;
#1170 = CARTESIAN_POINT ( 'NONE',  ( 0.6181513541287398938, 0.5346999999999999531, -0.5265488533792125336 ) ) ;
#1171 = EDGE_LOOP ( 'NONE', ( #3495, #1085, #3130, #556 ) ) ;
#1172 = VECTOR ( 'NONE', #3281, 1000.000000000000000 ) ;
#1173 = DIRECTION ( 'NONE',  ( 0.000000000000000000, 0.000000000000000000, 1.000000000000000000 ) ) ;
#1174 = CARTESIAN_POINT ( 'NONE',  ( 0.5657232049947971131, 0.5345999999999999641, -0.4281482597897918185 ) ) ;
#1175 = FACE_OUTER_BOUND ( 'NONE', #2427, .T. ) ;
#1176 = CARTESIAN_POINT ( 'NONE',  ( 0.4599999999999999645, 0.5038000000000001366, 0.000000000000000000 ) ) ;
#1177 = AXIS2_PLACEMENT_3D ( 'NONE', #239, #1862, #288 ) ;
#1178 = CARTESIAN_POINT ( 'NONE',  ( 0.6693367468514946905, 0.5345999999999999641, -0.3980984844777932796 ) ) ;
#1179 = UNCERTAINTY_MEASURE_WITH_UNIT (LENGTH_MEASURE( 1.000000000000000082E-05 ), #1260, 'distance_accuracy_value', 'NONE');
#1180 = EDGE_CURVE ( 'NONE', #1576, #1962, #2298, .T. ) ;
#1181 = VECTOR ( 'NONE', #771, 1000.000000000000000 ) ;
#1182 = FILL_AREA_STYLE ('',( #692 ) ) ;
#1183 = FILL_AREA_STYLE_COLOUR ( '', #3099 ) ;
#1184 = ORIENTED_EDGE ( 'NONE', *, *, #225, .F. ) ;
#1185 = AXIS2_PLACEMENT_3D ( 'NONE', #3098, #1159, #2277 ) ;
#1186 = VERTEX_POINT ( 'NONE', #1540 ) ;
#1187 = SURFACE_SIDE_STYLE ('',( #103 ) ) ;
#1188 = ORIENTED_EDGE ( 'NONE', *, *, #633, .F. ) ;
#1189 = EDGE_CURVE ( 'NONE', #456, #763, #2901, .T. ) ;
#1190 = SURFACE_SIDE_STYLE ('',( #3094 ) ) ;
#1191 = AXIS2_PLACEMENT_3D ( 'NONE', #724, #1799, #3190 ) ;
#1192 = VECTOR ( 'NONE', #2679, 1000.000000000000000 ) ;
#1193 = CARTESIAN_POINT ( 'NONE',  ( 0.7462663575337484811, 0.5345999999999998531, -0.4891303900335675636 ) ) ;
#1194 =( NAMED_UNIT ( * ) PLANE_ANGLE_UNIT ( ) SI_UNIT ( $, .RADIAN. ) );
#1195 = DIRECTION ( 'NONE',  ( 1.000000000000000000, 0.000000000000000000, 0.000000000000000000 ) ) ;
#1196 = PRESENTATION_STYLE_ASSIGNMENT (( #1444 ) ) ;
#1197 = ADVANCED_FACE ( 'NONE', ( #3383 ), #2330, .F. ) ;
#1198 = LINE ( 'NONE', #2744, #2325 ) ;
#1199 = LINE ( 'NONE', #2501, #2924 ) ;
#1200 = EDGE_LOOP ( 'NONE', ( #2592, #2074, #1155, #2914 ) ) ;
#1201 = ORIENTED_EDGE ( 'NONE', *, *, #973, .F. ) ;
#1202 = FACE_OUTER_BOUND ( 'NONE', #1117, .T. ) ;
#1203 = AXIS2_PLACEMENT_3D ( 'NONE', #1114, #1340, #1668 ) ;
#1204 = FILL_AREA_STYLE ('',( #2551 ) ) ;
#1205 =( LENGTH_UNIT ( ) NAMED_UNIT ( * ) SI_UNIT ( .MILLI., .METRE. ) );
#1206 = EDGE_CURVE ( 'NONE', #86, #574, #2880, .T. ) ;
#1207 = AXIS2_PLACEMENT_3D ( 'NONE', #1802, #990, #2550 ) ;
#1208 = PLANE ( 'NONE',  #1185 ) ;
#1209 = VECTOR ( 'NONE', #1516, 1000.000000000000000 ) ;
#1210 = DIRECTION ( 'NONE',  ( 1.000000000000000000, -0.000000000000000000, 0.000000000000000000 ) ) ;
#1211 = EDGE_CURVE ( 'NONE', #2930, #482, #3106, .T. ) ;
#1212 = LINE ( 'NONE', #2774, #2493 ) ;
#1213 = CARTESIAN_POINT ( 'NONE',  ( -1.592421940838084637E-16, 0.5038000000000001366, -0.9000000000000000222 ) ) ;
#1214 = CARTESIAN_POINT ( 'NONE',  ( 0.4599999999999999645, 0.5038000000000001366, -0.9000000000000000222 ) ) ;
#1215 =( LENGTH_UNIT ( ) NAMED_UNIT ( * ) SI_UNIT ( .MILLI., .METRE. ) );
#1216 = LINE ( 'NONE', #625, #1497 ) ;
#1217 = DIRECTION ( 'NONE',  ( -1.000000000000000000, 0.000000000000000000, 0.000000000000000000 ) ) ;
#1218 = ORIENTED_EDGE ( 'NONE', *, *, #1122, .T. ) ;
#1219 = ORIENTED_EDGE ( 'NONE', *, *, #1575, .T. ) ;
#1220 = CARTESIAN_POINT ( 'NONE',  ( 1.656129032258064404, 0.000000000000000000, -0.9000000000000000222 ) ) ;
#1221 = FILL_AREA_STYLE ('',( #405 ) ) ;
#1222 =( LENGTH_UNIT ( ) NAMED_UNIT ( * ) SI_UNIT ( .MILLI., .METRE. ) );
#1223 = ADVANCED_FACE ( 'NONE', ( #970 ), #1501, .T. ) ;
#1224 = STYLED_ITEM ( 'NONE', ( #1346 ), #2929 ) ;
#1225 = SURFACE_SIDE_STYLE ('',( #3358 ) ) ;
#1226 = CARTESIAN_POINT ( 'NONE',  ( 0.6823747358842887634, 0.5345999999999999641, -0.4344952741022945486 ) ) ;
#1227 = EDGE_CURVE ( 'NONE', #1384, #783, #530, .T. ) ;
#1228 = SURFACE_STYLE_FILL_AREA ( #2561 ) ;
#1229 = DIRECTION ( 'NONE',  ( 1.000000000000000000, 0.000000000000000000, 0.000000000000000000 ) ) ;
#1230 = SURFACE_SIDE_STYLE ('',( #2090 ) ) ;
#1231 = VERTEX_POINT ( 'NONE', #1641 ) ;
#1232 = VECTOR ( 'NONE', #737, 1000.000000000000000 ) ;
#1233 = AXIS2_PLACEMENT_3D ( 'NONE', #3236, #51, #1161 ) ;
#1234 = AXIS2_PLACEMENT_3D ( 'NONE', #2815, #1958, #3036 ) ;
#1235 = ORIENTED_EDGE ( 'NONE', *, *, #1266, .F. ) ;
#1236 = PLANE ( 'NONE',  #1403 ) ;
#1237 = STYLED_ITEM ( 'NONE', ( #2210 ), #2698 ) ;
#1238 = ORIENTED_EDGE ( 'NONE', *, *, #168, .T. ) ;
#1239 = CARTESIAN_POINT ( 'NONE',  ( 1.656129032258064404, 0.000000000000000000, -0.9000000000000000222 ) ) ;
#1240 = CLOSED_SHELL ( 'NONE', ( #2020, #234, #379, #3479, #3065, #1291, #948, #1425, #758, #1636 ) ) ;
#1241 = DIRECTION ( 'NONE',  ( 1.000000000000000000, 0.000000000000000000, 0.000000000000000000 ) ) ;
#1242 = PLANE ( 'NONE',  #258 ) ;
#1243 = EDGE_CURVE ( 'NONE', #937, #214, #3312, .T. ) ;
#1244 = CARTESIAN_POINT ( 'NONE',  ( 0.6609518911788154760, 0.5346999999999999531, -0.5265488533792125336 ) ) ;
#1245 = FILL_AREA_STYLE ('',( #2576 ) ) ;
#1246 = DIRECTION ( 'NONE',  ( -1.000000000000000000, -0.000000000000000000, -0.000000000000000000 ) ) ;
#1247 = EDGE_CURVE ( 'NONE', #3136, #2036, #3451, .T. ) ;
#1248 = ORIENTED_EDGE ( 'NONE', *, *, #3205, .F. ) ;
#1249 = CARTESIAN_POINT ( 'NONE',  ( 0.6181513541287398938, 0.5345999999999999641, -0.5265488533792125336 ) ) ;
#1250 = ADVANCED_FACE ( 'NONE', ( #2127 ), #2958, .T. ) ;
#1251 = CARTESIAN_POINT ( 'NONE',  ( 0.3780645161290323020, 0.5345999999999999641, -0.9000000000000000222 ) ) ;
#1252 = LINE ( 'NONE', #1541, #327 ) ;
#1253 = ORIENTED_EDGE ( 'NONE', *, *, #421, .T. ) ;
#1254 = VERTEX_POINT ( 'NONE', #1049 ) ;
#1255 = LINE ( 'NONE', #2320, #2752 ) ;
#1256 = ORIENTED_EDGE ( 'NONE', *, *, #451, .F. ) ;
#1257 = CARTESIAN_POINT ( 'NONE',  ( 0.5657232049947971131, 0.5346999999999999531, -0.3768750000000000155 ) ) ;
#1258 = CARTESIAN_POINT ( 'NONE',  ( 1.103343338204967994, 0.5345999999999998531, -0.5265488533792125336 ) ) ;
#1259 = AXIS2_PLACEMENT_3D ( 'NONE', #1506, #3419, #3112 ) ;
#1260 =( LENGTH_UNIT ( ) NAMED_UNIT ( * ) SI_UNIT ( .MILLI., .METRE. ) );
#1261 = DIRECTION ( 'NONE',  ( -1.000000000000000000, 0.000000000000000000, 0.000000000000000000 ) ) ;
#1262 = ORIENTED_EDGE ( 'NONE', *, *, #1206, .F. ) ;
#1263 =( GEOMETRIC_REPRESENTATION_CONTEXT ( 3 ) GLOBAL_UNCERTAINTY_ASSIGNED_CONTEXT ( ( #1808 ) ) GLOBAL_UNIT_ASSIGNED_CONTEXT ( ( #2082, #736, #78 ) ) REPRESENTATION_CONTEXT ( 'NONE', 'WORKASPACE' ) );
#1264 = AXIS2_PLACEMENT_3D ( 'NONE', #1021, #1813, #3139 ) ;
#1265 = PLANE ( 'NONE',  #895 ) ;
#1266 = EDGE_CURVE ( 'NONE', #2372, #3457, #2422, .T. ) ;
#1267 = ADVANCED_FACE ( 'NONE', ( #816 ), #3256, .F. ) ;
#1268 = CARTESIAN_POINT ( 'NONE',  ( 0.9921934257978403116, 0.5346999999999999531, -0.5265488533792125336 ) ) ;
#1269 = DIRECTION ( 'NONE',  ( 1.000000000000000000, 0.000000000000000000, 0.000000000000000000 ) ) ;
#1270 = VERTEX_POINT ( 'NONE', #2109 ) ;
#1271 = EDGE_LOOP ( 'NONE', ( #3170, #331, #1667, #1321 ) ) ;
#1272 = SURFACE_STYLE_FILL_AREA ( #498 ) ;
#1273 = EDGE_CURVE ( 'NONE', #1411, #1344, #3222, .T. ) ;
#1274 = DIRECTION ( 'NONE',  ( -1.000000000000000000, -1.204669080539449837E-16, 0.000000000000000000 ) ) ;
#1275 = CARTESIAN_POINT ( 'NONE',  ( 0.9967286168785487455, 0.5345999999999998531, -0.5016032111493438084 ) ) ;
#1276 = SURFACE_SIDE_STYLE ('',( #2414 ) ) ;
#1277 = AXIS2_PLACEMENT_3D ( 'NONE', #629, #2206, #1980 ) ;
#1278 = ORIENTED_EDGE ( 'NONE', *, *, #1787, .F. ) ;
#1279 = UNCERTAINTY_MEASURE_WITH_UNIT (LENGTH_MEASURE( 1.000000000000000082E-05 ), #2115, 'distance_accuracy_value', 'NONE');
#1280 = FACE_OUTER_BOUND ( 'NONE', #2133, .T. ) ;
#1281 = VECTOR ( 'NONE', #1832, 1000.000000000000000 ) ;
#1282 = ORIENTED_EDGE ( 'NONE', *, *, #2896, .T. ) ;
#1283 = DIRECTION ( 'NONE',  ( -0.3340201812137824078, 0.000000000000000000, -0.9425659226504594645 ) ) ;
#1284 = FILL_AREA_STYLE ('',( #2313 ) ) ;
#1285 = SURFACE_STYLE_USAGE ( .BOTH. , #1001 ) ;
#1286 =( NAMED_UNIT ( * ) PLANE_ANGLE_UNIT ( ) SI_UNIT ( $, .RADIAN. ) );
#1287 = ORIENTED_EDGE ( 'NONE', *, *, #2233, .T. ) ;
#1288 = PRESENTATION_LAYER_ASSIGNMENT (  '', '', ( #2805 ) ) ;
#1289 = DIRECTION ( 'NONE',  ( 0.000000000000000000, 0.000000000000000000, -1.000000000000000000 ) ) ;
#1290 = AXIS2_PLACEMENT_3D ( 'NONE', #2184, #1866, #3260 ) ;
#1291 = ADVANCED_FACE ( 'NONE', ( #776 ), #274, .F. ) ;
#1292 = VERTEX_POINT ( 'NONE', #2656 ) ;
#1293 = ORIENTED_EDGE ( 'NONE', *, *, #2571, .F. ) ;
#1294 = DIRECTION ( 'NONE',  ( 0.000000000000000000, 0.000000000000000000, -1.000000000000000000 ) ) ;
#1295 = DIRECTION ( 'NONE',  ( 0.000000000000000000, 0.000000000000000000, 1.000000000000000000 ) ) ;
#1296 = EDGE_LOOP ( 'NONE', ( #2240, #1702, #1023, #738 ) ) ;
#1297 = FACE_OUTER_BOUND ( 'NONE', #3470, .T. ) ;
#1298 = MECHANICAL_DESIGN_GEOMETRIC_PRESENTATION_REPRESENTATION (  '', ( #2359 ), #2700 ) ;
#1299 = CARTESIAN_POINT ( 'NONE',  ( 0.000000000000000000, 0.000000000000000000, 0.000000000000000000 ) ) ;
#1300 = CARTESIAN_POINT ( 'NONE',  ( 1.656129032258064404, 0.000000000000000000, -0.9000000000000000222 ) ) ;
#1301 = DIRECTION ( 'NONE',  ( 0.000000000000000000, 1.000000000000000000, -0.000000000000000000 ) ) ;
#1302 = CARTESIAN_POINT ( 'NONE',  ( 0.9261082054436873268, 0.5346999999999999531, -0.4682489808992192359 ) ) ;
#1303 = ORIENTED_EDGE ( 'NONE', *, *, #3448, .F. ) ;
#1304 = FILL_AREA_STYLE_COLOUR ( '', #2814 ) ;
#1305 =( NAMED_UNIT ( * ) SI_UNIT ( $, .STERADIAN. ) SOLID_ANGLE_UNIT ( ) );
#1306 = CARTESIAN_POINT ( 'NONE',  ( 0.000000000000000000, 0.000000000000000000, 0.000000000000000000 ) ) ;
#1307 = VERTEX_POINT ( 'NONE', #2978 ) ;
#1308 =( NAMED_UNIT ( * ) SI_UNIT ( $, .STERADIAN. ) SOLID_ANGLE_UNIT ( ) );
#1309 = EDGE_CURVE ( 'NONE', #165, #2372, #2147, .T. ) ;
#1310 = ORIENTED_EDGE ( 'NONE', *, *, #807, .F. ) ;
#1311 = FILL_AREA_STYLE_COLOUR ( '', #945 ) ;
#1312 = UNCERTAINTY_MEASURE_WITH_UNIT (LENGTH_MEASURE( 1.000000000000000082E-05 ), #3439, 'distance_accuracy_value', 'NONE');
#1313 = CARTESIAN_POINT ( 'NONE',  ( 0.4599999999999999645, 0.5038000000000001366, -0.9000000000000000222 ) ) ;
#1314 =( GEOMETRIC_REPRESENTATION_CONTEXT ( 3 ) GLOBAL_UNCERTAINTY_ASSIGNED_CONTEXT ( ( #1534 ) ) GLOBAL_UNIT_ASSIGNED_CONTEXT ( ( #1222, #912, #3354 ) ) REPRESENTATION_CONTEXT ( 'NONE', 'WORKASPACE' ) );
#1315 = ORIENTED_EDGE ( 'NONE', *, *, #1600, .T. ) ;
#1316 = ADVANCED_FACE ( 'NONE', ( #515 ), #1842, .F. ) ;
#1317 = DIRECTION ( 'NONE',  ( -3.160821637233196943E-16, -1.000000000000000000, 0.000000000000000000 ) ) ;
#1318 = LINE ( 'NONE', #1299, #2950 ) ;
#1319 = DIRECTION ( 'NONE',  ( 1.000000000000000000, 0.000000000000000000, 0.000000000000000000 ) ) ;
#1320 = DIRECTION ( 'NONE',  ( 0.000000000000000000, 0.000000000000000000, 1.000000000000000000 ) ) ;
#1321 = ORIENTED_EDGE ( 'NONE', *, *, #1356, .T. ) ;
#1322 = ORIENTED_EDGE ( 'NONE', *, *, #2098, .F. ) ;
#1323 = DIRECTION ( 'NONE',  ( 0.000000000000000000, 0.000000000000000000, 1.000000000000000000 ) ) ;
#1324 =( NAMED_UNIT ( * ) PLANE_ANGLE_UNIT ( ) SI_UNIT ( $, .RADIAN. ) );
#1325 = EDGE_LOOP ( 'NONE', ( #10, #2691, #3198, #3279 ) ) ;
#1326 = LINE ( 'NONE', #2117, #1192 ) ;
#1327 = ADVANCED_FACE ( 'NONE', ( #52 ), #2476, .T. ) ;
#1328 = PLANE ( 'NONE',  #2459 ) ;
#1329 = LINE ( 'NONE', #3185, #899 ) ;
#1330 = ORIENTED_EDGE ( 'NONE', *, *, #3465, .F. ) ;
#1331 = LINE ( 'NONE', #812, #325 ) ;
#1332 = VECTOR ( 'NONE', #1509, 1000.000000000000114 ) ;
#1333 = FILL_AREA_STYLE ('',( #999 ) ) ;
#1334 = EDGE_CURVE ( 'NONE', #783, #909, #2235, .T. ) ;
#1335 = LINE ( 'NONE', #2492, #3216 ) ;
#1336 = FACE_OUTER_BOUND ( 'NONE', #3160, .T. ) ;
#1337 = CARTESIAN_POINT ( 'NONE',  ( 0.5151170298900759059, 0.5345999999999999641, -0.5265488533792125336 ) ) ;
#1338 = EDGE_LOOP ( 'NONE', ( #1248, #3489, #226, #2963 ) ) ;
#1339 = ORIENTED_EDGE ( 'NONE', *, *, #472, .F. ) ;
#1340 = DIRECTION ( 'NONE',  ( 0.000000000000000000, 1.000000000000000000, -0.000000000000000000 ) ) ;
#1341 = DIRECTION ( 'NONE',  ( 0.000000000000000000, 0.000000000000000000, 1.000000000000000000 ) ) ;
#1342 = ORIENTED_EDGE ( 'NONE', *, *, #2874, .T. ) ;
#1343 = CARTESIAN_POINT ( 'NONE',  ( 1.656129032258064404, -0.01539999999999996406, 0.000000000000000000 ) ) ;
#1344 = VERTEX_POINT ( 'NONE', #2213 ) ;
#1345 = AXIS2_PLACEMENT_3D ( 'NONE', #834, #2674, #257 ) ;
#1346 = PRESENTATION_STYLE_ASSIGNMENT (( #2667 ) ) ;
#1347 = EDGE_CURVE ( 'NONE', #1960, #590, #1973, .T. ) ;
#1348 = SURFACE_SIDE_STYLE ('',( #3270 ) ) ;
#1349 = VECTOR ( 'NONE', #810, 1000.000000000000000 ) ;
#1350 = VERTEX_POINT ( 'NONE', #3292 ) ;
#1351 = CARTESIAN_POINT ( 'NONE',  ( 0.6181513541287398938, 0.5345999999999999641, -0.5265488533792125336 ) ) ;
#1352 = PLANE ( 'NONE',  #2337 ) ;
#1353 = CARTESIAN_POINT ( 'NONE',  ( 1.138881578647107817, 0.5345999999999999641, -0.4018206422298687408 ) ) ;
#1354 = CARTESIAN_POINT ( 'NONE',  ( 1.032266857320688791, 0.5346999999999999531, -0.3768749999999998490 ) ) ;
#1355 = VECTOR ( 'NONE', #3328, 1000.000000000000000 ) ;
#1356 = EDGE_CURVE ( 'NONE', #825, #696, #36, .T. ) ;
#1357 = PRESENTATION_STYLE_ASSIGNMENT (( #3336 ) ) ;
#1358 = SURFACE_SIDE_STYLE ('',( #2168 ) ) ;
#1359 = CARTESIAN_POINT ( 'NONE',  ( 0.9261082054436873268, 0.5346999999999999531, -0.4878935680071291858 ) ) ;
#1360 = VERTEX_POINT ( 'NONE', #607 ) ;
#1361 = ORIENTED_EDGE ( 'NONE', *, *, #1136, .T. ) ;
#1362 = DIRECTION ( 'NONE',  ( 1.000000000000000000, 0.000000000000000000, 0.000000000000000000 ) ) ;
#1363 = VERTEX_POINT ( 'NONE', #1765 ) ;
#1364 = CARTESIAN_POINT ( 'NONE',  ( 1.138881578647107817, 0.5347000000000001751, -0.4517119266896063023 ) ) ;
#1365 = ORIENTED_EDGE ( 'NONE', *, *, #1754, .F. ) ;
#1366 = FILL_AREA_STYLE_COLOUR ( '', #3372 ) ;
#1367 = LINE ( 'NONE', #3499, #432 ) ;
#1368 = COLOUR_RGB ( '',0.1019607843137254888, 0.1019607843137254888, 0.1019607843137254888 ) ;
#1369 = CARTESIAN_POINT ( 'NONE',  ( 1.103343338204967994, 0.5345999999999998531, -0.3768749999999999045 ) ) ;
#1370 = EDGE_CURVE ( 'NONE', #302, #2521, #2560, .T. ) ;
#1371 = EDGE_CURVE ( 'NONE', #1056, #2750, #2584, .T. ) ;
#1372 =( BOUNDED_SURFACE ( )  B_SPLINE_SURFACE ( 3, 1, ( 
 ( #2014, #1998 ),
 ( #3080, #2308 ),
 ( #3390, #673 ),
 ( #1746, #2809 ) ),
 .UNSPECIFIED., .F., .F., .F. ) 
 B_SPLINE_SURFACE_WITH_KNOTS ( ( 4, 4 ),
 ( 2, 2 ),
 ( 0.4999999950004019311, 1.000000000000000000 ),
 ( 0.000000000000000000, 1.000000000000000000 ),
 .UNSPECIFIED. ) 
 GEOMETRIC_REPRESENTATION_ITEM ( )  RATIONAL_B_SPLINE_SURFACE ( (
 ( 1.000000000000000000, 1.000000000000000000),
 ( 0.3333333333333333703, 0.3333333333333333703),
 ( 0.3333333333333333703, 0.3333333333333333703),
 ( 1.000000000000000000, 1.000000000000000000) ) ) 
 REPRESENTATION_ITEM ( '' )  SURFACE ( )  );
#1373 = CARTESIAN_POINT ( 'NONE',  ( 0.7699585178284996667, 0.5345999999999999641, -0.3768750000000136158 ) ) ;
#1374 = DIRECTION ( 'NONE',  ( 0.000000000000000000, 0.000000000000000000, -1.000000000000000000 ) ) ;
#1375 = AXIS2_PLACEMENT_3D ( 'NONE', #898, #641, #1496 ) ;
#1376 = ORIENTED_EDGE ( 'NONE', *, *, #2620, .F. ) ;
#1377 = VERTEX_POINT ( 'NONE', #166 ) ;
#1378 = VECTOR ( 'NONE', #1520, 1000.000000000000000 ) ;
#1379 = CARTESIAN_POINT ( 'NONE',  ( 0.7110158790730440881, 0.5346999999999999531, -0.5265488533792125336 ) ) ;
#1380 = ORIENTED_EDGE ( 'NONE', *, *, #2725, .T. ) ;
#1381 = ADVANCED_FACE ( 'NONE', ( #61 ), #1265, .T. ) ;
#1382 = CARTESIAN_POINT ( 'NONE',  ( 0.5880344605344459685, 0.5346999999999999531, -0.4667599253043920315 ) ) ;
#1383 = CARTESIAN_POINT ( 'NONE',  ( 1.656129032258064404, 0.000000000000000000, -0.9000000000000000222 ) ) ;
#1384 = VERTEX_POINT ( 'NONE', #2051 ) ;
#1385 = PLANE ( 'NONE',  #1233 ) ;
#1386 = CARTESIAN_POINT ( 'NONE',  ( 1.278064516129032047, -0.01540000000000006988, -0.9000000000000000222 ) ) ;
#1387 = VECTOR ( 'NONE', #2595, 1000.000000000000000 ) ;
#1388 =( NAMED_UNIT ( * ) SI_UNIT ( $, .STERADIAN. ) SOLID_ANGLE_UNIT ( ) );
#1389 = FILL_AREA_STYLE_COLOUR ( '', #3472 ) ;
#1390 = CARTESIAN_POINT ( 'NONE',  ( 0.6181513541287398938, 0.5345999999999999641, -0.5265488533792125336 ) ) ;
#1391 = VECTOR ( 'NONE', #2672, 1000.000000000000000 ) ;
#1392 = PRESENTATION_LAYER_ASSIGNMENT (  '', '', ( #1737 ) ) ;
#1393 = ORIENTED_EDGE ( 'NONE', *, *, #1371, .F. ) ;
#1394 = ORIENTED_EDGE ( 'NONE', *, *, #22, .T. ) ;
#1395 = CARTESIAN_POINT ( 'NONE',  ( 0.8244779899190651795, 0.5346999999999999531, -0.4181541956139930294 ) ) ;
#1396 = CARTESIAN_POINT ( 'NONE',  ( 0.8646532991793234313, 0.5345999999999999641, -0.4865027169182385980 ) ) ;
#1397 = ORIENTED_EDGE ( 'NONE', *, *, #2475, .F. ) ;
#1398 = SURFACE_SIDE_STYLE ('',( #1436 ) ) ;
#1399 = CARTESIAN_POINT ( 'NONE',  ( 1.138881578647107595, 0.5345999999999998531, -0.6013857800688187094 ) ) ;
#1400 = AXIS2_PLACEMENT_3D ( 'NONE', #18, #3207, #2940 ) ;
#1401 = EDGE_CURVE ( 'NONE', #503, #1922, #146, .T. ) ;
#1402 = LINE ( 'NONE', #1383, #2910 ) ;
#1403 = AXIS2_PLACEMENT_3D ( 'NONE', #2302, #975, #2038 ) ;
#1404 = PLANE ( 'NONE',  #1461 ) ;
#1405 = DIRECTION ( 'NONE',  ( 0.000000000000000000, -1.000000000000000000, 0.000000000000000000 ) ) ;
#1406 = CARTESIAN_POINT ( 'NONE',  ( 0.7990064446198870129, 0.5345999999999999641, -0.4122195212091497307 ) ) ;
#1407 = CARTESIAN_POINT ( 'NONE',  ( 0.000000000000000000, 0.000000000000000000, 0.000000000000000000 ) ) ;
#1408 = DIRECTION ( 'NONE',  ( 0.000000000000000000, -0.000000000000000000, 1.000000000000000000 ) ) ;
#1409 = CARTESIAN_POINT ( 'NONE',  ( 0.3780645161290323020, 0.000000000000000000, -0.9000000000000000222 ) ) ;
#1410 = CARTESIAN_POINT ( 'NONE',  ( 0.3780645161290323020, 0.5191999999999998838, 0.000000000000000000 ) ) ;
#1411 = VERTEX_POINT ( 'NONE', #2846 ) ;
#1412 = ORIENTED_EDGE ( 'NONE', *, *, #2448, .F. ) ;
#1413 = CARTESIAN_POINT ( 'NONE',  ( 0.9261082054436873268, 0.5345999999999999641, -0.4682489808992192359 ) ) ;
#1414 = DIRECTION ( 'NONE',  ( 0.000000000000000000, 1.000000000000000000, 0.000000000000000000 ) ) ;
#1415 = ORIENTED_EDGE ( 'NONE', *, *, #1467, .T. ) ;
#1416 = ORIENTED_EDGE ( 'NONE', *, *, #1459, .T. ) ;
#1417 = DIRECTION ( 'NONE',  ( 0.000000000000000000, 0.000000000000000000, 1.000000000000000000 ) ) ;
#1418 = LINE ( 'NONE', #668, #3285 ) ;
#1419 = EDGE_CURVE ( 'NONE', #2077, #574, #984, .T. ) ;
#1420 = SURFACE_SIDE_STYLE ('',( #342 ) ) ;
#1421 = CARTESIAN_POINT ( 'NONE',  ( 0.9921934257978403116, 0.5345999999999999641, -0.4139433132780292457 ) ) ;
#1422 = DIRECTION ( 'NONE',  ( 1.000000000000000000, 0.000000000000000000, 0.000000000000000000 ) ) ;
#1423 = DIRECTION ( 'NONE',  ( -0.4498696453631123027, -0.000000000000000000, -0.8930942291723016346 ) ) ;
#1424 = CARTESIAN_POINT ( 'NONE',  ( 0.000000000000000000, 0.000000000000000000, 0.000000000000000000 ) ) ;
#1425 = ADVANCED_FACE ( 'NONE', ( #1682 ), #2295, .F. ) ;
#1426 = PRESENTATION_STYLE_ASSIGNMENT (( #2497 ) ) ;
#1427 = PRESENTATION_LAYER_ASSIGNMENT (  '', '', ( #1150 ) ) ;
#1428 = FILL_AREA_STYLE_COLOUR ( '', #1450 ) ;
#1429 = FILL_AREA_STYLE_COLOUR ( '', #2045 ) ;
#1430 = DIRECTION ( 'NONE',  ( -0.9377595191942859065, 0.000000000000000000, -0.3472853065715590937 ) ) ;
#1431 = ORIENTED_EDGE ( 'NONE', *, *, #3082, .F. ) ;
#1432 = ORIENTED_EDGE ( 'NONE', *, *, #2148, .F. ) ;
#1433 = LINE ( 'NONE', #1719, #3083 ) ;
#1434 = VECTOR ( 'NONE', #2621, 1000.000000000000000 ) ;
#1435 = ORIENTED_EDGE ( 'NONE', *, *, #344, .F. ) ;
#1436 = SURFACE_STYLE_FILL_AREA ( #3304 ) ;
#1437 = FACE_BOUND ( 'NONE', #648, .T. ) ;
#1438 = SURFACE_SIDE_STYLE ('',( #1490 ) ) ;
#1439 = DIRECTION ( 'NONE',  ( 0.4573491243099514492, 0.000000000000000000, -0.8892872305913992470 ) ) ;
#1440 = DIRECTION ( 'NONE',  ( 0.000000000000000000, 1.000000000000000000, 0.000000000000000000 ) ) ;
#1441 = CARTESIAN_POINT ( 'NONE',  ( 0.8173428384180279060, 0.5345999999999999641, -0.5265488533792125336 ) ) ;
#1442 = CARTESIAN_POINT ( 'NONE',  ( 0.5657232049947971131, 0.5345999999999999641, -0.4281482597897918185 ) ) ;
#1443 = EDGE_CURVE ( 'NONE', #3302, #2257, #3019, .T. ) ;
#1444 = SURFACE_STYLE_USAGE ( .BOTH. , #2530 ) ;
#1445 = DIRECTION ( 'NONE',  ( 0.000000000000000000, 0.000000000000000000, -1.000000000000000000 ) ) ;
#1446 = CARTESIAN_POINT ( 'NONE',  ( 0.6603755216648599102, 0.5345999999999999641, -0.3768750000000000155 ) ) ;
#1447 = VERTEX_POINT ( 'NONE', #126 ) ;
#1448 = ORIENTED_EDGE ( 'NONE', *, *, #198, .T. ) ;
#1449 = FILL_AREA_STYLE ('',( #2520 ) ) ;
#1450 = COLOUR_RGB ( '',0.1019607843137254888, 0.1019607843137254888, 0.1019607843137254888 ) ;
#1451 = ORIENTED_EDGE ( 'NONE', *, *, #3436, .T. ) ;
#1452 = SURFACE_SIDE_STYLE ('',( #649 ) ) ;
#1453 = CARTESIAN_POINT ( 'NONE',  ( 0.7845366261063888569, 0.5346000000000001862, -0.4519200433913761472 ) ) ;
#1454 =( NAMED_UNIT ( * ) SI_UNIT ( $, .STERADIAN. ) SOLID_ANGLE_UNIT ( ) );
#1455 = LINE ( 'NONE', #69, #1052 ) ;
#1456 = SURFACE_STYLE_USAGE ( .BOTH. , #375 ) ;
#1457 =( LENGTH_UNIT ( ) NAMED_UNIT ( * ) SI_UNIT ( .MILLI., .METRE. ) );
#1458 = STYLED_ITEM ( 'NONE', ( #2862 ), #1425 ) ;
#1459 = EDGE_CURVE ( 'NONE', #885, #1270, #1749, .T. ) ;
#1460 = DIRECTION ( 'NONE',  ( 0.000000000000000000, 0.000000000000000000, -1.000000000000000000 ) ) ;
#1461 = AXIS2_PLACEMENT_3D ( 'NONE', #3290, #829, #877 ) ;
#1462 = VECTOR ( 'NONE', #1246, 1000.000000000000000 ) ;
#1463 = SURFACE_SIDE_STYLE ('',( #1228 ) ) ;
#1464 = CARTESIAN_POINT ( 'NONE',  ( 0.5579175669401520432, 0.5345999999999999641, -0.5265488533792125336 ) ) ;
#1465 = CARTESIAN_POINT ( 'NONE',  ( 0.3780645161290323020, 0.5345999999999999641, -0.9000000000000000222 ) ) ;
#1466 = ORIENTED_EDGE ( 'NONE', *, *, #1266, .T. ) ;
#1467 = EDGE_CURVE ( 'NONE', #1377, #307, #2018, .T. ) ;
#1468 = VERTEX_POINT ( 'NONE', #3381 ) ;
#1469 = FACE_OUTER_BOUND ( 'NONE', #665, .T. ) ;
#1470 = FACE_OUTER_BOUND ( 'NONE', #1594, .T. ) ;
#1471 = EDGE_CURVE ( 'NONE', #3136, #610, #969, .T. ) ;
#1472 = VECTOR ( 'NONE', #2078, 1000.000000000000000 ) ;
#1473 = SURFACE_STYLE_FILL_AREA ( #636 ) ;
#1474 = CARTESIAN_POINT ( 'NONE',  ( 0.9967286168785491896, 0.5345999999999999641, -0.4517119266896062468 ) ) ;
#1475 = DIRECTION ( 'NONE',  ( 0.000000000000000000, 0.000000000000000000, 1.000000000000000000 ) ) ;
#1476 = SURFACE_SIDE_STYLE ('',( #2792 ) ) ;
#1477 = CARTESIAN_POINT ( 'NONE',  ( 1.099936050430404988, 0.5345999999999999641, -0.4517119266896061913 ) ) ;
#1478 = VECTOR ( 'NONE', #2854, 1000.000000000000000 ) ;
#1479 = DIRECTION ( 'NONE',  ( 3.520136923654273707E-15, -1.000000000000000000, -0.000000000000000000 ) ) ;
#1480 =( NAMED_UNIT ( * ) SI_UNIT ( $, .STERADIAN. ) SOLID_ANGLE_UNIT ( ) );
#1481 = DIRECTION ( 'NONE',  ( 0.000000000000000000, 0.000000000000000000, 1.000000000000000000 ) ) ;
#1482 = CARTESIAN_POINT ( 'NONE',  ( 0.6739538897279853114, 0.5346999999999999531, -0.5265488533792125336 ) ) ;
#1483 = ORIENTED_EDGE ( 'NONE', *, *, #3049, .F. ) ;
#1484 = EDGE_CURVE ( 'NONE', #1056, #2081, #709, .T. ) ;
#1485 = UNCERTAINTY_MEASURE_WITH_UNIT (LENGTH_MEASURE( 1.000000000000000082E-05 ), #127, 'distance_accuracy_value', 'NONE');
#1486 = ORIENTED_EDGE ( 'NONE', *, *, #2328, .F. ) ;
#1487 =( NAMED_UNIT ( * ) SI_UNIT ( $, .STERADIAN. ) SOLID_ANGLE_UNIT ( ) );
#1488 = COLOUR_RGB ( '',0.1019607843137254888, 0.1019607843137254888, 0.1019607843137254888 ) ;
#1489 = CARTESIAN_POINT ( 'NONE',  ( 0.7847311474879193893, 0.5345999999999999641, -0.4481618511249680359 ) ) ;
#1490 = SURFACE_STYLE_FILL_AREA ( #1758 ) ;
#1491 = EDGE_CURVE ( 'NONE', #1231, #763, #1876, .T. ) ;
#1492 = DIRECTION ( 'NONE',  ( -1.000000000000000000, 0.000000000000000000, 0.000000000000000000 ) ) ;
#1493 =( GEOMETRIC_REPRESENTATION_CONTEXT ( 3 ) GLOBAL_UNCERTAINTY_ASSIGNED_CONTEXT ( ( #395 ) ) GLOBAL_UNIT_ASSIGNED_CONTEXT ( ( #2342, #3391, #346 ) ) REPRESENTATION_CONTEXT ( 'NONE', 'WORKASPACE' ) );
#1494 = CARTESIAN_POINT ( 'NONE',  ( 0.3780645161290323020, 0.5191999999999998838, -0.9000000000000000222 ) ) ;
#1495 =( NAMED_UNIT ( * ) PLANE_ANGLE_UNIT ( ) SI_UNIT ( $, .RADIAN. ) );
#1496 = DIRECTION ( 'NONE',  ( 0.000000000000000000, 0.000000000000000000, 1.000000000000000000 ) ) ;
#1497 = VECTOR ( 'NONE', #1445, 1000.000000000000000 ) ;
#1498 = CARTESIAN_POINT ( 'NONE',  ( 0.8646532991793234313, 0.5346999999999999531, -0.5265488533792125336 ) ) ;
#1499 = CARTESIAN_POINT ( 'NONE',  ( 0.8844775060546001821, 0.5345999999999999641, -0.5265488533792125336 ) ) ;
#1500 = FACE_OUTER_BOUND ( 'NONE', #2340, .T. ) ;
#1501 = PLANE ( 'NONE',  #3031 ) ;
#1502 = CARTESIAN_POINT ( 'NONE',  ( 0.4599999999999999090, 0.5191999999999998838, -0.9000000000000000222 ) ) ;
#1503 = ORIENTED_EDGE ( 'NONE', *, *, #2933, .F. ) ;
#1504 = EDGE_CURVE ( 'NONE', #2845, #3412, #1069, .T. ) ;
#1505 = ORIENTED_EDGE ( 'NONE', *, *, #2488, .T. ) ;
#1506 = CARTESIAN_POINT ( 'NONE',  ( 0.4599999999999999090, 0.5191999999999998838, -0.9000000000000000222 ) ) ;
#1507 = CARTESIAN_POINT ( 'NONE',  ( 0.7462663575337483701, 0.5346999999999999531, -0.5016032111493438084 ) ) ;
#1508 = CARTESIAN_POINT ( 'NONE',  ( 0.6181513541287398938, 0.5345999999999999641, -0.5265488533792125336 ) ) ;
#1509 = DIRECTION ( 'NONE',  ( -0.3922395649424730291, 0.000000000000000000, -0.9198631005175387232 ) ) ;
#1510 = MECHANICAL_DESIGN_GEOMETRIC_PRESENTATION_REPRESENTATION (  '', ( #1563 ), #144 ) ;
#1511 = CARTESIAN_POINT ( 'NONE',  ( 1.656129032258064404, 0.5038000000000001366, 0.000000000000000000 ) ) ;
#1512 = AXIS2_PLACEMENT_3D ( 'NONE', #3481, #1070, #2146 ) ;
#1513 = AXIS2_PLACEMENT_3D ( 'NONE', #2735, #2507, #3326 ) ;
#1514 = ADVANCED_FACE ( 'NONE', ( #1297 ), #664, .F. ) ;
#1515 = CARTESIAN_POINT ( 'NONE',  ( 1.083870574096617023, 0.5345999999999999641, -0.4178810206102016589 ) ) ;
#1516 = DIRECTION ( 'NONE',  ( -1.000000000000000000, 0.000000000000000000, 0.000000000000000000 ) ) ;
#1517 = FILL_AREA_STYLE ('',( #3119 ) ) ;
#1518 = VECTOR ( 'NONE', #2495, 1000.000000000000000 ) ;
#1519 = VERTEX_POINT ( 'NONE', #2956 ) ;
#1520 = DIRECTION ( 'NONE',  ( 0.000000000000000000, 0.000000000000000000, 1.000000000000000000 ) ) ;
#1521 = SURFACE_STYLE_FILL_AREA ( #2848 ) ;
#1522 = ORIENTED_EDGE ( 'NONE', *, *, #1136, .F. ) ;
#1523 = VECTOR ( 'NONE', #2860, 1000.000000000000000 ) ;
#1524 = VECTOR ( 'NONE', #3171, 1000.000000000000000 ) ;
#1525 = EDGE_LOOP ( 'NONE', ( #802, #2002, #2399 ) ) ;
#1526 = DIRECTION ( 'NONE',  ( 1.000000000000000000, 0.000000000000000000, 0.000000000000000000 ) ) ;
#1527 = VECTOR ( 'NONE', #2362, 1000.000000000000000 ) ;
#1528 = ORIENTED_EDGE ( 'NONE', *, *, #2797, .F. ) ;
#1529 = SURFACE_SIDE_STYLE ('',( #155 ) ) ;
#1530 = CARTESIAN_POINT ( 'NONE',  ( 0.6103457160740941578, 0.5345999999999999641, -0.3768750000000000155 ) ) ;
#1531 =( GEOMETRIC_REPRESENTATION_CONTEXT ( 3 ) GLOBAL_UNCERTAINTY_ASSIGNED_CONTEXT ( ( #719 ) ) GLOBAL_UNIT_ASSIGNED_CONTEXT ( ( #570, #531, #3239 ) ) REPRESENTATION_CONTEXT ( 'NONE', 'WORKASPACE' ) );
#1532 = EDGE_CURVE ( 'NONE', #3412, #1307, #1331, .T. ) ;
#1533 = EDGE_CURVE ( 'NONE', #368, #3111, #200, .T. ) ;
#1534 = UNCERTAINTY_MEASURE_WITH_UNIT (LENGTH_MEASURE( 1.000000000000000082E-05 ), #1222, 'distance_accuracy_value', 'NONE');
#1535 = CARTESIAN_POINT ( 'NONE',  ( 0.8173815710097810383, 0.5345999999999999641, -0.4519200433913762582 ) ) ;
#1536 = ORIENTED_EDGE ( 'NONE', *, *, #3482, .F. ) ;
#1537 = SURFACE_STYLE_FILL_AREA ( #2829 ) ;
#1538 = DIRECTION ( 'NONE',  ( 0.000000000000000000, 1.000000000000000000, 0.000000000000000000 ) ) ;
#1539 = ADVANCED_FACE ( 'NONE', ( #3204 ), #2671, .T. ) ;
#1540 = CARTESIAN_POINT ( 'NONE',  ( 0.5151170298900759059, 0.5346999999999999531, -0.5265488533792125336 ) ) ;
#1541 = CARTESIAN_POINT ( 'NONE',  ( 0.8646532991793240974, 0.5345999999999999641, -0.4692009540048023841 ) ) ;
#1542 = ORIENTED_EDGE ( 'NONE', *, *, #1593, .T. ) ;
#1543 = EDGE_LOOP ( 'NONE', ( #3246, #544, #118, #2660 ) ) ;
#1544 = CARTESIAN_POINT ( 'NONE',  ( 0.7025950329167406361, 0.5345999999999999641, -0.4344952741022945486 ) ) ;
#1545 = ORIENTED_EDGE ( 'NONE', *, *, #2494, .T. ) ;
#1546 = PRESENTATION_STYLE_ASSIGNMENT (( #175 ) ) ;
#1547 = FILL_AREA_STYLE_COLOUR ( '', #1368 ) ;
#1548 = FILL_AREA_STYLE_COLOUR ( '', #2339 ) ;
#1549 = VECTOR ( 'NONE', #2839, 1000.000000000000000 ) ;
#1550 = VECTOR ( 'NONE', #439, 1000.000000000000000 ) ;
#1551 = CARTESIAN_POINT ( 'NONE',  ( 0.9967286168785491896, 0.5346999999999999531, -0.4517119266896062468 ) ) ;
#1552 = EDGE_LOOP ( 'NONE', ( #2647, #2837, #3212, #1394 ) ) ;
#1553 = PRESENTATION_LAYER_ASSIGNMENT (  '', '', ( #657 ) ) ;
#1554 = AXIS2_PLACEMENT_3D ( 'NONE', #2639, #222, #2587 ) ;
#1555 = FACE_OUTER_BOUND ( 'NONE', #2390, .T. ) ;
#1556 = LINE ( 'NONE', #3435, #911 ) ;
#1557 = ADVANCED_FACE ( 'NONE', ( #2106 ), #1762, .T. ) ;
#1558 = ORIENTED_EDGE ( 'NONE', *, *, #2536, .F. ) ;
#1559 = DIRECTION ( 'NONE',  ( -1.000000000000000000, 0.000000000000000000, 0.000000000000000000 ) ) ;
#1560 = VERTEX_POINT ( 'NONE', #1620 ) ;
#1561 = DIRECTION ( 'NONE',  ( -1.000000000000000000, 0.000000000000000000, 0.000000000000000000 ) ) ;
#1562 = ORIENTED_EDGE ( 'NONE', *, *, #2895, .T. ) ;
#1563 = STYLED_ITEM ( 'NONE', ( #1357 ), #3373 ) ;
#1564 = ORIENTED_EDGE ( 'NONE', *, *, #973, .T. ) ;
#1565 = CARTESIAN_POINT ( 'NONE',  ( 0.9921934257978403116, 0.5346999999999999531, -0.4139433132780292457 ) ) ;
#1566 = MECHANICAL_DESIGN_GEOMETRIC_PRESENTATION_REPRESENTATION (  '', ( #92 ), #202 ) ;
#1567 = CARTESIAN_POINT ( 'NONE',  ( 1.103343338204967994, 0.5346999999999999531, -0.5265488533792125336 ) ) ;
#1568 = EDGE_CURVE ( 'NONE', #974, #772, #2684, .T. ) ;
#1569 = EDGE_LOOP ( 'NONE', ( #1753, #2365, #1253, #2171 ) ) ;
#1570 = SURFACE_SIDE_STYLE ('',( #998 ) ) ;
#1571 = DIRECTION ( 'NONE',  ( 1.000000000000000000, 0.000000000000000000, 0.000000000000000000 ) ) ;
#1572 = LINE ( 'NONE', #491, #1096 ) ;
#1573 = FACE_OUTER_BOUND ( 'NONE', #1552, .T. ) ;
#1574 = LINE ( 'NONE', #224, #157 ) ;
#1575 = EDGE_CURVE ( 'NONE', #1077, #2274, #512, .T. ) ;
#1576 = VERTEX_POINT ( 'NONE', #1861 ) ;
#1577 = COLOUR_RGB ( '',0.7921568627450980005, 0.8196078431372548767, 0.9333333333333333481 ) ;
#1578 = AXIS2_PLACEMENT_3D ( 'NONE', #1715, #1430, #58 ) ;
#1579 = CARTESIAN_POINT ( 'NONE',  ( 0.8040282638309872443, 0.5346999999999999531, -0.4133895661101921193 ) ) ;
#1580 = LINE ( 'NONE', #247, #489 ) ;
#1581 = VECTOR ( 'NONE', #1829, 1000.000000000000000 ) ;
#1582 = EDGE_LOOP ( 'NONE', ( #1235, #2652, #1959, #2517 ) ) ;
#1583 = ADVANCED_FACE ( 'NONE', ( #3187 ), #1588, .T. ) ;
#1584 = VECTOR ( 'NONE', #1913, 1000.000000000000000 ) ;
#1585 = ORIENTED_EDGE ( 'NONE', *, *, #1116, .F. ) ;
#1586 = DIRECTION ( 'NONE',  ( -1.000000000000000000, 0.000000000000000000, 0.000000000000000000 ) ) ;
#1587 = ORIENTED_EDGE ( 'NONE', *, *, #1471, .F. ) ;
#1588 = PLANE ( 'NONE',  #3044 ) ;
#1589 = DIRECTION ( 'NONE',  ( 0.000000000000000000, -1.000000000000000000, 0.000000000000000000 ) ) ;
#1590 = FILL_AREA_STYLE ('',( #1608 ) ) ;
#1591 = CARTESIAN_POINT ( 'NONE',  ( 1.196129032258064440, 0.5038000000000001366, -0.9000000000000000222 ) ) ;
#1592 = CARTESIAN_POINT ( 'NONE',  ( 0.5579175669401520432, 0.5346999999999999531, -0.5265488533792125336 ) ) ;
#1593 = EDGE_CURVE ( 'NONE', #219, #646, #2111, .T. ) ;
#1594 = EDGE_LOOP ( 'NONE', ( #523, #1705, #1082, #1218 ) ) ;
#1595 = ORIENTED_EDGE ( 'NONE', *, *, #1180, .T. ) ;
#1596 =( LENGTH_UNIT ( ) NAMED_UNIT ( * ) SI_UNIT ( .MILLI., .METRE. ) );
#1597 = ORIENTED_EDGE ( 'NONE', *, *, #3267, .T. ) ;
#1598 = CARTESIAN_POINT ( 'NONE',  ( 1.067805097762828392, 0.5345999999999999641, -0.4855428327690108348 ) ) ;
#1599 = VERTEX_POINT ( 'NONE', #2723 ) ;
#1600 = EDGE_CURVE ( 'NONE', #458, #2930, #896, .T. ) ;
#1601 = SURFACE_STYLE_FILL_AREA ( #284 ) ;
#1602 = DIRECTION ( 'NONE',  ( 1.000000000000000000, -0.000000000000000000, -0.000000000000000000 ) ) ;
#1603 = MECHANICAL_DESIGN_GEOMETRIC_PRESENTATION_REPRESENTATION (  '', ( #956 ), #1987 ) ;
#1604 = EDGE_LOOP ( 'NONE', ( #1322, #2664, #1783, #333 ) ) ;
#1605 = CARTESIAN_POINT ( 'NONE',  ( 0.7954849410735052029, 0.5346999999999999531, -0.4865027169171631249 ) ) ;
#1606 = VECTOR ( 'NONE', #2208, 1000.000000000000000 ) ;
#1607 = DIRECTION ( 'NONE',  ( 0.000000000000000000, 1.000000000000000000, 0.000000000000000000 ) ) ;
#1608 = FILL_AREA_STYLE_COLOUR ( '', #2344 ) ;
#1609 = LINE ( 'NONE', #2905, #3100 ) ;
#1610 = ORIENTED_EDGE ( 'NONE', *, *, #2755, .F. ) ;
#1611 = ORIENTED_EDGE ( 'NONE', *, *, #1491, .F. ) ;
#1612 = PLANE ( 'NONE',  #1203 ) ;
#1613 = PRESENTATION_STYLE_ASSIGNMENT (( #765 ) ) ;
#1614 = ORIENTED_EDGE ( 'NONE', *, *, #1116, .T. ) ;
#1615 = CARTESIAN_POINT ( 'NONE',  ( -1.592421940838084637E-16, 0.5038000000000001366, -0.9000000000000000222 ) ) ;
#1616 = ORIENTED_EDGE ( 'NONE', *, *, #1180, .F. ) ;
#1617 = FILL_AREA_STYLE ('',( #842 ) ) ;
#1618 = ADVANCED_FACE ( 'NONE', ( #617 ), #1385, .T. ) ;
#1619 = ORIENTED_EDGE ( 'NONE', *, *, #3361, .T. ) ;
#1620 = CARTESIAN_POINT ( 'NONE',  ( 1.278064516129032047, 0.000000000000000000, -0.9000000000000000222 ) ) ;
#1621 = VECTOR ( 'NONE', #2703, 1000.000000000000000 ) ;
#1622 = DIRECTION ( 'NONE',  ( 1.000000000000000000, 0.000000000000000000, 0.000000000000000000 ) ) ;
#1623 = CARTESIAN_POINT ( 'NONE',  ( 0.6693367468514946905, 0.5345999999999999641, -0.3980984844777932796 ) ) ;
#1624 = CARTESIAN_POINT ( 'NONE',  ( 0.9921934257978403116, 0.5345999999999999641, -0.4878935680071291858 ) ) ;
#1625 = FILL_AREA_STYLE_COLOUR ( '', #2219 ) ;
#1626 = CARTESIAN_POINT ( 'NONE',  ( 0.9849538863347389039, 0.5346999999999999531, -0.4682489808992192359 ) ) ;
#1627 = ORIENTED_EDGE ( 'NONE', *, *, #396, .T. ) ;
#1628 = ORIENTED_EDGE ( 'NONE', *, *, #906, .F. ) ;
#1629 = CARTESIAN_POINT ( 'NONE',  ( 1.035674145095251575, 0.5346999999999999531, -0.4291579893033365956 ) ) ;
#1630 = ORIENTED_EDGE ( 'NONE', *, *, #1847, .T. ) ;
#1631 = VECTOR ( 'NONE', #2510, 1000.000000000000000 ) ;
#1632 = CARTESIAN_POINT ( 'NONE',  ( 1.099936050430404988, 0.5345999999999999641, -0.4517119266896061913 ) ) ;
#1633 = VECTOR ( 'NONE', #278, 1000.000000000000000 ) ;
#1634 = SURFACE_STYLE_FILL_AREA ( #2633 ) ;
#1635 =( NAMED_UNIT ( * ) SI_UNIT ( $, .STERADIAN. ) SOLID_ANGLE_UNIT ( ) );
#1636 = ADVANCED_FACE ( 'NONE', ( #2234 ), #1404, .T. ) ;
#1637 = VECTOR ( 'NONE', #1440, 1000.000000000000000 ) ;
#1638 = EDGE_CURVE ( 'NONE', #1720, #1926, #3028, .T. ) ;
#1639 = LINE ( 'NONE', #1892, #1695 ) ;
#1640 = LINE ( 'NONE', #2685, #1621 ) ;
#1641 = CARTESIAN_POINT ( 'NONE',  ( 1.656129032258064626, 0.5038000000000001366, 0.000000000000000000 ) ) ;
#1642 = PLANE ( 'NONE',  #2142 ) ;
#1643 =( GEOMETRIC_REPRESENTATION_CONTEXT ( 3 ) GLOBAL_UNCERTAINTY_ASSIGNED_CONTEXT ( ( #248 ) ) GLOBAL_UNIT_ASSIGNED_CONTEXT ( ( #3199, #1061, #1308 ) ) REPRESENTATION_CONTEXT ( 'NONE', 'WORKASPACE' ) );
#1644 = DIRECTION ( 'NONE',  ( 0.000000000000000000, 0.000000000000000000, 1.000000000000000000 ) ) ;
#1645 = EDGE_CURVE ( 'NONE', #1077, #866, #195, .T. ) ;
#1646 = SURFACE_STYLE_USAGE ( .BOTH. , #572 ) ;
#1647 = DIRECTION ( 'NONE',  ( -1.000000000000000000, 0.000000000000000000, 0.000000000000000000 ) ) ;
#1648 = EDGE_LOOP ( 'NONE', ( #2357, #1339, #788, #1131 ) ) ;
#1649 = ORIENTED_EDGE ( 'NONE', *, *, #2580, .T. ) ;
#1650 = CARTESIAN_POINT ( 'NONE',  ( 1.656129032258064404, 0.5038000000000001366, -0.9000000000000000222 ) ) ;
#1651 = DIRECTION ( 'NONE',  ( 1.000000000000000000, 0.000000000000000000, 0.000000000000000000 ) ) ;
#1652 = VERTEX_POINT ( 'NONE', #2280 ) ;
#1653 = PLANE ( 'NONE',  #242 ) ;
#1654 = DIRECTION ( 'NONE',  ( 0.000000000000000000, 0.000000000000000000, 1.000000000000000000 ) ) ;
#1655 = CARTESIAN_POINT ( 'NONE',  ( 1.656129032258064404, 0.5038000000000001366, 0.000000000000000000 ) ) ;
#1656 = ORIENTED_EDGE ( 'NONE', *, *, #1533, .F. ) ;
#1657 = EDGE_CURVE ( 'NONE', #803, #2834, #1793, .T. ) ;
#1658 = DIRECTION ( 'NONE',  ( -0.000000000000000000, 0.000000000000000000, 1.000000000000000000 ) ) ;
#1659 = AXIS2_PLACEMENT_3D ( 'NONE', #868, #3473, #804 ) ;
#1660 =( NAMED_UNIT ( * ) SI_UNIT ( $, .STERADIAN. ) SOLID_ANGLE_UNIT ( ) );
#1661 = APPLICATION_CONTEXT ( 'automotive_design' ) ;
#1662 = MECHANICAL_DESIGN_GEOMETRIC_PRESENTATION_REPRESENTATION (  '', ( #2779 ), #3398 ) ;
#1663 = DIRECTION ( 'NONE',  ( 0.000000000000000000, 0.000000000000000000, 1.000000000000000000 ) ) ;
#1664 = CARTESIAN_POINT ( 'NONE',  ( 0.9261082054436873268, 0.5346999999999999531, -0.4878935680071291858 ) ) ;
#1665 = EDGE_LOOP ( 'NONE', ( #663, #3460, #2203, #1885 ) ) ;
#1666 = ADVANCED_FACE ( 'NONE', ( #2575 ), #946, .T. ) ;
#1667 = ORIENTED_EDGE ( 'NONE', *, *, #3482, .T. ) ;
#1668 = DIRECTION ( 'NONE',  ( 0.000000000000000000, 0.000000000000000000, 1.000000000000000000 ) ) ;
#1669 = CARTESIAN_POINT ( 'NONE',  ( 0.6603755216648599102, 0.5345999999999999641, -0.3768750000000000155 ) ) ;
#1670 = ORIENTED_EDGE ( 'NONE', *, *, #2428, .F. ) ;
#1671 =( NAMED_UNIT ( * ) PLANE_ANGLE_UNIT ( ) SI_UNIT ( $, .RADIAN. ) );
#1672 = CARTESIAN_POINT ( 'NONE',  ( 0.9921934257978403116, 0.5345999999999999641, -0.3768750000000000155 ) ) ;
#1673 = CARTESIAN_POINT ( 'NONE',  ( 0.8646532991793240974, 0.5345999999999999641, -0.3768750000000000155 ) ) ;
#1674 = SURFACE_SIDE_STYLE ('',( #1125 ) ) ;
#1675 = CARTESIAN_POINT ( 'NONE',  ( 0.000000000000000000, 0.000000000000000000, -0.9000000000000000222 ) ) ;
#1676 = CARTESIAN_POINT ( 'NONE',  ( 1.083870574096616801, 0.5346999999999999531, -0.4855428327690107793 ) ) ;
#1677 = CARTESIAN_POINT ( 'NONE',  ( 0.4599999999999999090, 0.5191999999999998838, 0.000000000000000000 ) ) ;
#1678 = LINE ( 'NONE', #2283, #2275 ) ;
#1679 = MECHANICAL_DESIGN_GEOMETRIC_PRESENTATION_REPRESENTATION (  '', ( #3362 ), #2059 ) ;
#1680 = ORIENTED_EDGE ( 'NONE', *, *, #1471, .T. ) ;
#1681 = ORIENTED_EDGE ( 'NONE', *, *, #1504, .T. ) ;
#1682 = FACE_OUTER_BOUND ( 'NONE', #596, .T. ) ;
#1683 = PLANE ( 'NONE',  #670 ) ;
#1684 = ORIENTED_EDGE ( 'NONE', *, *, #269, .T. ) ;
#1685 = ORIENTED_EDGE ( 'NONE', *, *, #1792, .F. ) ;
#1686 = DIRECTION ( 'NONE',  ( 0.000000000000000000, 1.000000000000000000, 0.000000000000000000 ) ) ;
#1687 = CARTESIAN_POINT ( 'NONE',  ( 0.7462663575337484811, 0.5346999999999999531, -0.4517119266896063023 ) ) ;
#1688 = ADVANCED_FACE ( 'NONE', ( #1728 ), #2529, .T. ) ;
#1689 = CARTESIAN_POINT ( 'NONE',  ( 0.9921934257978403116, 0.5345999999999999641, -0.4139433132780292457 ) ) ;
#1690 = AXIS2_PLACEMENT_3D ( 'NONE', #820, #573, #1902 ) ;
#1691 = VECTOR ( 'NONE', #254, 1000.000000000000000 ) ;
#1692 = VECTOR ( 'NONE', #3316, 1000.000000000000000 ) ;
#1693 = CARTESIAN_POINT ( 'NONE',  ( 0.5579175669401520432, 0.5345999999999999641, -0.5265488533792125336 ) ) ;
#1694 = COLOUR_RGB ( '',0.1019607843137254888, 0.1019607843137254888, 0.1019607843137254888 ) ;
#1695 = VECTOR ( 'NONE', #2701, 1000.000000000000000 ) ;
#1696 =( NAMED_UNIT ( * ) PLANE_ANGLE_UNIT ( ) SI_UNIT ( $, .RADIAN. ) );
#1697 = DIRECTION ( 'NONE',  ( -1.000000000000000000, 0.000000000000000000, 0.000000000000000000 ) ) ;
#1698 = DIRECTION ( 'NONE',  ( -0.3922395649424730291, 0.000000000000000000, 0.9198631005175387232 ) ) ;
#1699 = DIRECTION ( 'NONE',  ( -1.000000000000000000, -0.000000000000000000, -0.000000000000000000 ) ) ;
#1700 = MECHANICAL_DESIGN_GEOMETRIC_PRESENTATION_REPRESENTATION (  '', ( #2753 ), #2417 ) ;
#1701 = CARTESIAN_POINT ( 'NONE',  ( 1.678064516129031958, -0.01539999999999995713, 0.000000000000000000 ) ) ;
#1702 = ORIENTED_EDGE ( 'NONE', *, *, #1657, .F. ) ;
#1703 = ORIENTED_EDGE ( 'NONE', *, *, #487, .F. ) ;
#1704 = DIRECTION ( 'NONE',  ( 1.000000000000000000, 0.000000000000000000, 0.000000000000000000 ) ) ;
#1705 = ORIENTED_EDGE ( 'NONE', *, *, #2780, .F. ) ;
#1706 = SURFACE_STYLE_USAGE ( .BOTH. , #3115 ) ;
#1707 = DIRECTION ( 'NONE',  ( -1.000000000000000000, 0.000000000000000000, 0.000000000000000000 ) ) ;
#1708 = PRODUCT_DEFINITION_SHAPE ( 'NONE', 'NONE',  #1158 ) ;
#1709 = EDGE_CURVE ( 'NONE', #1447, #1254, #2046, .T. ) ;
#1710 = PRESENTATION_STYLE_ASSIGNMENT (( #1894 ) ) ;
#1711 = MANIFOLD_SOLID_BREP ( 'Lead2', #1240 ) ;
#1712 = LINE ( 'NONE', #411, #1209 ) ;
#1713 = CARTESIAN_POINT ( 'NONE',  ( 0.000000000000000000, 0.000000000000000000, -0.9000000000000000222 ) ) ;
#1714 = FILL_AREA_STYLE ('',( #1429 ) ) ;
#1715 = CARTESIAN_POINT ( 'NONE',  ( 0.6185244016848174820, 0.5345999999999999641, -0.3768750000000000155 ) ) ;
#1716 = ORIENTED_EDGE ( 'NONE', *, *, #1748, .F. ) ;
#1717 = ORIENTED_EDGE ( 'NONE', *, *, #652, .F. ) ;
#1718 = PRESENTATION_LAYER_ASSIGNMENT (  '', '', ( #2721 ) ) ;
#1719 = CARTESIAN_POINT ( 'NONE',  ( 1.196129032258064440, 0.5191999999999999948, 0.000000000000000000 ) ) ;
#1720 = VERTEX_POINT ( 'NONE', #2793 ) ;
#1721 = SURFACE_SIDE_STYLE ('',( #2802 ) ) ;
#1722 = EDGE_CURVE ( 'NONE', #1344, #1254, #377, .T. ) ;
#1723 = DIRECTION ( 'NONE',  ( 0.000000000000000000, 1.000000000000000000, 0.000000000000000000 ) ) ;
#1724 = VECTOR ( 'NONE', #1699, 1000.000000000000000 ) ;
#1725 = CARTESIAN_POINT ( 'NONE',  ( 0.5657232049947971131, 0.5345999999999999641, -0.3768750000000000155 ) ) ;
#1726 = CARTESIAN_POINT ( 'NONE',  ( -1.592421940838084637E-16, 0.5038000000000001366, -0.9000000000000000222 ) ) ;
#1727 = LINE ( 'NONE', #2826, #922 ) ;
#1728 = FACE_OUTER_BOUND ( 'NONE', #627, .T. ) ;
#1729 = ADVANCED_FACE ( 'NONE', ( #2843 ), #1372, .F. ) ;
#1730 = CARTESIAN_POINT ( 'NONE',  ( -0.009816291558974827788, 0.5345999999999997421, -0.03411630942139767808 ) ) ;
#1731 = DIRECTION ( 'NONE',  ( -1.000000000000000000, 0.000000000000000000, 0.000000000000000000 ) ) ;
#1732 = VERTEX_POINT ( 'NONE', #394 ) ;
#1733 = PRESENTATION_LAYER_ASSIGNMENT (  '', '', ( #836 ) ) ;
#1734 = VECTOR ( 'NONE', #1109, 1000.000000000000000 ) ;
#1735 = ORIENTED_EDGE ( 'NONE', *, *, #2335, .T. ) ;
#1736 = MANIFOLD_SOLID_BREP ( 'Scale1[5]', #334 ) ;
#1737 = STYLED_ITEM ( 'NONE', ( #927 ), #3065 ) ;
#1738 =( LENGTH_UNIT ( ) NAMED_UNIT ( * ) SI_UNIT ( .MILLI., .METRE. ) );
#1739 =( BOUNDED_SURFACE ( )  B_SPLINE_SURFACE ( 3, 1, ( 
 ( #2183, #1952 ),
 ( #1406, #1108 ),
 ( #3257, #571 ),
 ( #1935, #850 ) ),
 .UNSPECIFIED., .F., .F., .F. ) 
 B_SPLINE_SURFACE_WITH_KNOTS ( ( 4, 4 ),
 ( 2, 2 ),
 ( 0.000000000000000000, 0.2773300308082284893 ),
 ( 0.000000000000000000, 1.000000000000000000 ),
 .UNSPECIFIED. ) 
 GEOMETRIC_REPRESENTATION_ITEM ( )  RATIONAL_B_SPLINE_SURFACE ( (
 ( 0.5059754446718297549, 0.5059754446718297549),
 ( 0.4655517738129719696, 0.4655517738129719696),
 ( 0.6302266255890287550, 0.6302266255890287550),
 ( 1.000000000000000000, 1.000000000000000000) ) ) 
 REPRESENTATION_ITEM ( '' )  SURFACE ( )  );
#1740 = CARTESIAN_POINT ( 'NONE',  ( 1.032266857320688791, 0.5346000000000000751, -0.5265488533792126447 ) ) ;
#1741 = PRODUCT_RELATED_PRODUCT_CATEGORY ( 'part', '', ( #2770 ) ) ;
#1742 = LINE ( 'NONE', #121, #2412 ) ;
#1743 = FILL_AREA_STYLE_COLOUR ( '', #1068 ) ;
#1744 = MANIFOLD_SOLID_BREP ( 'Base', #3379 ) ;
#1745 = PRESENTATION_LAYER_ASSIGNMENT (  '', '', ( #3313 ) ) ;
#1746 = CARTESIAN_POINT ( 'NONE',  ( 1.035674145095251575, 0.5345999999999998531, -0.4517119266896063023 ) ) ;
#1747 = UNCERTAINTY_MEASURE_WITH_UNIT (LENGTH_MEASURE( 1.000000000000000082E-05 ), #2740, 'distance_accuracy_value', 'NONE');
#1748 = EDGE_CURVE ( 'NONE', #306, #1830, #1212, .T. ) ;
#1749 = LINE ( 'NONE', #3363, #2065 ) ;
#1750 = AXIS2_PLACEMENT_3D ( 'NONE', #1213, #3277, #1408 ) ;
#1751 = PLANE ( 'NONE',  #1264 ) ;
#1752 = CARTESIAN_POINT ( 'NONE',  ( 0.9261082054436873268, 0.5345999999999999641, -0.4878935680071291858 ) ) ;
#1753 = ORIENTED_EDGE ( 'NONE', *, *, #95, .F. ) ;
#1754 = EDGE_CURVE ( 'NONE', #2930, #1868, #2008, .T. ) ;
#1755 = ORIENTED_EDGE ( 'NONE', *, *, #2211, .T. ) ;
#1756 = CARTESIAN_POINT ( 'NONE',  ( 0.7870072343476680610, 0.5345999999999999641, -0.4262399249798907164 ) ) ;
#1757 = STYLED_ITEM ( 'NONE', ( #3427 ), #548 ) ;
#1758 = FILL_AREA_STYLE ('',( #136 ) ) ;
#1759 = CARTESIAN_POINT ( 'NONE',  ( 1.138881578647107817, 0.5345999999999999641, -0.4517119266896063023 ) ) ;
#1760 = CARTESIAN_POINT ( 'NONE',  ( 1.196129032258064440, 0.5191999999999999948, -0.9000000000000000222 ) ) ;
#1761 = CARTESIAN_POINT ( 'NONE',  ( 0.9921934257978403116, 0.5345999999999999641, -0.5265488533792125336 ) ) ;
#1762 =( BOUNDED_SURFACE ( )  B_SPLINE_SURFACE ( 3, 1, ( 
 ( #2367, #1018 ),
 ( #271, #740 ),
 ( #3157, #471 ),
 ( #2087, #2899 ) ),
 .UNSPECIFIED., .F., .F., .F. ) 
 B_SPLINE_SURFACE_WITH_KNOTS ( ( 4, 4 ),
 ( 2, 2 ),
 ( 0.000000000000000000, 0.5000000008306083599 ),
 ( 0.000000000000000000, 1.000000000000000000 ),
 .UNSPECIFIED. ) 
 GEOMETRIC_REPRESENTATION_ITEM ( )  RATIONAL_B_SPLINE_SURFACE ( (
 ( 1.000000000000000000, 1.000000000000000000),
 ( 0.3333333333333333703, 0.3333333333333333703),
 ( 0.3333333333333333703, 0.3333333333333333703),
 ( 1.000000000000000000, 1.000000000000000000) ) ) 
 REPRESENTATION_ITEM ( '' )  SURFACE ( )  );
#1763 = SURFACE_SIDE_STYLE ('',( #688 ) ) ;
#1764 =( LENGTH_UNIT ( ) NAMED_UNIT ( * ) SI_UNIT ( .MILLI., .METRE. ) );
#1765 = CARTESIAN_POINT ( 'NONE',  ( 0.8173815710097810383, 0.5346999999999999531, -0.4865027169182385980 ) ) ;
#1766 = SURFACE_STYLE_FILL_AREA ( #1284 ) ;
#1767 = PLANE ( 'NONE',  #1234 ) ;
#1768 = ORIENTED_EDGE ( 'NONE', *, *, #3291, .T. ) ;
#1769 = ORIENTED_EDGE ( 'NONE', *, *, #487, .T. ) ;
#1770 = CARTESIAN_POINT ( 'NONE',  ( 0.4599999999999999645, 0.5191999999999999948, 0.000000000000000000 ) ) ;
#1771 = EDGE_CURVE ( 'NONE', #2845, #3426, #2789, .T. ) ;
#1772 = CARTESIAN_POINT ( 'NONE',  ( 0.7845366261063888569, 0.5346000000000000751, -0.4506547966225198931 ) ) ;
#1773 =( GEOMETRIC_REPRESENTATION_CONTEXT ( 3 ) GLOBAL_UNCERTAINTY_ASSIGNED_CONTEXT ( ( #1878 ) ) GLOBAL_UNIT_ASSIGNED_CONTEXT ( ( #891, #1671, #2489 ) ) REPRESENTATION_CONTEXT ( 'NONE', 'WORKASPACE' ) );
#1774 = DIRECTION ( 'NONE',  ( 1.000000000000000000, -0.000000000000000000, 0.000000000000000000 ) ) ;
#1775 = DIRECTION ( 'NONE',  ( 0.000000000000000000, 0.000000000000000000, 1.000000000000000000 ) ) ;
#1776 = CARTESIAN_POINT ( 'NONE',  ( 0.9967286168785487455, 0.5345999999999999641, -0.4517119266896063023 ) ) ;
#1777 = CARTESIAN_POINT ( 'NONE',  ( 0.3780645161290323020, -0.01540000000000006988, -0.9000000000000000222 ) ) ;
#1778 = ORIENTED_EDGE ( 'NONE', *, *, #30, .T. ) ;
#1779 = CARTESIAN_POINT ( 'NONE',  ( 0.3780645161290323020, 0.000000000000000000, -0.9000000000000000222 ) ) ;
#1780 = FILL_AREA_STYLE_COLOUR ( '', #2383 ) ;
#1781 = CARTESIAN_POINT ( 'NONE',  ( 1.035674145095251575, 0.5345999999999998531, -0.4517119266896063023 ) ) ;
#1782 = CARTESIAN_POINT ( 'NONE',  ( 0.7245942471361694892, 0.5345999999999999641, -0.3768750000000000155 ) ) ;
#1783 = ORIENTED_EDGE ( 'NONE', *, *, #1916, .T. ) ;
#1784 = ORIENTED_EDGE ( 'NONE', *, *, #252, .T. ) ;
#1785 = FACE_OUTER_BOUND ( 'NONE', #1200, .T. ) ;
#1786 = ADVANCED_FACE ( 'NONE', ( #89 ), #962, .T. ) ;
#1787 = EDGE_CURVE ( 'NONE', #2934, #86, #1994, .T. ) ;
#1788 = VERTEX_POINT ( 'NONE', #3370 ) ;
#1789 = CARTESIAN_POINT ( 'NONE',  ( 0.3780645161290323020, -0.01540000000000006988, 0.000000000000000000 ) ) ;
#1790 = LINE ( 'NONE', #1009, #2269 ) ;
#1791 = STYLED_ITEM ( 'NONE', ( #1613 ), #3129 ) ;
#1792 = EDGE_CURVE ( 'NONE', #987, #236, #2027, .T. ) ;
#1793 = LINE ( 'NONE', #2251, #1631 ) ;
#1794 = LINE ( 'NONE', #2343, #1523 ) ;
#1795 = VECTOR ( 'NONE', #722, 1000.000000000000000 ) ;
#1796 = ORIENTED_EDGE ( 'NONE', *, *, #3017, .T. ) ;
#1797 = SURFACE_SIDE_STYLE ('',( #1537 ) ) ;
#1798 = CARTESIAN_POINT ( 'NONE',  ( 0.8244779899190651795, 0.5346999999999999531, -0.4333628294352412369 ) ) ;
#1799 = DIRECTION ( 'NONE',  ( 0.000000000000000000, -1.000000000000000000, 0.000000000000000000 ) ) ;
#1800 = ORIENTED_EDGE ( 'NONE', *, *, #568, .F. ) ;
#1801 = ORIENTED_EDGE ( 'NONE', *, *, #319, .F. ) ;
#1802 = CARTESIAN_POINT ( 'NONE',  ( 1.678064516129031958, 0.000000000000000000, -0.9000000000000000222 ) ) ;
#1803 =( GEOMETRIC_REPRESENTATION_CONTEXT ( 3 ) GLOBAL_UNCERTAINTY_ASSIGNED_CONTEXT ( ( #429 ) ) GLOBAL_UNIT_ASSIGNED_CONTEXT ( ( #3287, #2699, #1102 ) ) REPRESENTATION_CONTEXT ( 'NONE', 'WORKASPACE' ) );
#1804 = ORIENTED_EDGE ( 'NONE', *, *, #2742, .F. ) ;
#1805 = CARTESIAN_POINT ( 'NONE',  ( 0.7845366261063888569, 0.5346999999999999531, -0.4506547966225198931 ) ) ;
#1806 = FILL_AREA_STYLE ('',( #1548 ) ) ;
#1807 =( NAMED_UNIT ( * ) SI_UNIT ( $, .STERADIAN. ) SOLID_ANGLE_UNIT ( ) );
#1808 = UNCERTAINTY_MEASURE_WITH_UNIT (LENGTH_MEASURE( 1.000000000000000082E-05 ), #2082, 'distance_accuracy_value', 'NONE');
#1809 = DIRECTION ( 'NONE',  ( 0.000000000000000000, 1.000000000000000000, 0.000000000000000000 ) ) ;
#1810 = EDGE_CURVE ( 'NONE', #481, #2273, #1418, .T. ) ;
#1811 = ORIENTED_EDGE ( 'NONE', *, *, #2080, .T. ) ;
#1812 = CARTESIAN_POINT ( 'NONE',  ( 0.8844775060546001821, 0.5345999999999999641, -0.3768750000000000155 ) ) ;
#1813 = DIRECTION ( 'NONE',  ( -0.000000000000000000, 0.000000000000000000, 1.000000000000000000 ) ) ;
#1814 = ORIENTED_EDGE ( 'NONE', *, *, #1309, .F. ) ;
#1815 = VERTEX_POINT ( 'NONE', #994 ) ;
#1816 = CARTESIAN_POINT ( 'NONE',  ( 1.278064516129032047, 0.000000000000000000, -0.9000000000000000222 ) ) ;
#1817 = ORIENTED_EDGE ( 'NONE', *, *, #1533, .T. ) ;
#1818 =( GEOMETRIC_REPRESENTATION_CONTEXT ( 3 ) GLOBAL_UNCERTAINTY_ASSIGNED_CONTEXT ( ( #2616 ) ) GLOBAL_UNIT_ASSIGNED_CONTEXT ( ( #2305, #746, #1305 ) ) REPRESENTATION_CONTEXT ( 'NONE', 'WORKASPACE' ) );
#1819 = EDGE_CURVE ( 'NONE', #1121, #219, #1014, .T. ) ;
#1820 =( NAMED_UNIT ( * ) SI_UNIT ( $, .STERADIAN. ) SOLID_ANGLE_UNIT ( ) );
#1821 = ORIENTED_EDGE ( 'NONE', *, *, #1419, .T. ) ;
#1822 = DIRECTION ( 'NONE',  ( 0.000000000000000000, 1.000000000000000000, -0.000000000000000000 ) ) ;
#1823 = ORIENTED_EDGE ( 'NONE', *, *, #3331, .F. ) ;
#1824 = STYLED_ITEM ( 'NONE', ( #475 ), #1223 ) ;
#1825 = DIRECTION ( 'NONE',  ( 0.9425659226504594645, 0.000000000000000000, -0.3340201812137824078 ) ) ;
#1826 = EDGE_CURVE ( 'NONE', #2207, #1186, #462, .T. ) ;
#1827 = LINE ( 'NONE', #417, #2254 ) ;
#1828 = EDGE_CURVE ( 'NONE', #1652, #745, #3149, .T. ) ;
#1829 = DIRECTION ( 'NONE',  ( 1.000000000000000000, 0.000000000000000000, 0.000000000000000000 ) ) ;
#1830 = VERTEX_POINT ( 'NONE', #3179 ) ;
#1831 = DIRECTION ( 'NONE',  ( 1.000000000000000000, 0.000000000000000000, 0.000000000000000000 ) ) ;
#1832 = DIRECTION ( 'NONE',  ( -0.4498696453631123027, -0.000000000000000000, -0.8930942291723016346 ) ) ;
#1833 = VERTEX_POINT ( 'NONE', #1025 ) ;
#1834 =( GEOMETRIC_REPRESENTATION_CONTEXT ( 3 ) GLOBAL_UNCERTAINTY_ASSIGNED_CONTEXT ( ( #1986 ) ) GLOBAL_UNIT_ASSIGNED_CONTEXT ( ( #406, #732, #119 ) ) REPRESENTATION_CONTEXT ( 'NONE', 'WORKASPACE' ) );
#1835 = LINE ( 'NONE', #1565, #1527 ) ;
#1836 = UNCERTAINTY_MEASURE_WITH_UNIT (LENGTH_MEASURE( 1.000000000000000082E-05 ), #1457, 'distance_accuracy_value', 'NONE');
#1837 = DIRECTION ( 'NONE',  ( 0.000000000000000000, 0.000000000000000000, 1.000000000000000000 ) ) ;
#1838 = VECTOR ( 'NONE', #3286, 1000.000000000000000 ) ;
#1839 = ORIENTED_EDGE ( 'NONE', *, *, #939, .F. ) ;
#1840 = EDGE_CURVE ( 'NONE', #974, #1720, #500, .T. ) ;
#1841 =( BOUNDED_CURVE ( )  B_SPLINE_CURVE ( 3, ( #1759, #3078, #1258, #2804, #1740, #1275, #1474 ),
 .UNSPECIFIED., .F., .F. ) 
 B_SPLINE_CURVE_WITH_KNOTS ( ( 4, 3, 4 ),
 ( 0.2499999999999999445, 0.5000000000000000000, 0.7500000000000002220 ),
 .UNSPECIFIED. ) 
 CURVE ( )  GEOMETRIC_REPRESENTATION_ITEM ( )  RATIONAL_B_SPLINE_CURVE ( ( 0.5000000000000000000, 0.5000000000000000000, 0.6666666666666666297, 1.000000000000000000, 0.6666666666666664076, 0.4999999999999997780, 0.5000000000000000000 ) ) 
 REPRESENTATION_ITEM ( '' )  );
#1842 = PLANE ( 'NONE',  #2013 ) ;
#1843 = CARTESIAN_POINT ( 'NONE',  ( 0.8244779899190651795, 0.5345999999999999641, -0.4333628294352412369 ) ) ;
#1844 = PLANE ( 'NONE',  #3155 ) ;
#1845 = VERTEX_POINT ( 'NONE', #208 ) ;
#1846 = AXIS2_PLACEMENT_3D ( 'NONE', #2103, #1586, #1295 ) ;
#1847 = EDGE_CURVE ( 'NONE', #1962, #438, #2810, .T. ) ;
#1848 = ORIENTED_EDGE ( 'NONE', *, *, #581, .T. ) ;
#1849 =( GEOMETRIC_REPRESENTATION_CONTEXT ( 3 ) GLOBAL_UNCERTAINTY_ASSIGNED_CONTEXT ( ( #179 ) ) GLOBAL_UNIT_ASSIGNED_CONTEXT ( ( #2162, #3051, #846 ) ) REPRESENTATION_CONTEXT ( 'NONE', 'WORKASPACE' ) );
#1850 = AXIS2_PLACEMENT_3D ( 'NONE', #2110, #223, #2314 ) ;
#1851 = SURFACE_STYLE_USAGE ( .BOTH. , #176 ) ;
#1852 =( NAMED_UNIT ( * ) SI_UNIT ( $, .STERADIAN. ) SOLID_ANGLE_UNIT ( ) );
#1853 = MECHANICAL_DESIGN_GEOMETRIC_PRESENTATION_REPRESENTATION (  '', ( #959 ), #905 ) ;
#1854 = ORIENTED_EDGE ( 'NONE', *, *, #2646, .F. ) ;
#1855 = CLOSED_SHELL ( 'NONE', ( #2156, #303, #139, #2121, #2733, #1169, #2258, #2554, #426, #385, #1996, #2175, #3323, #3341 ) ) ;
#1856 = CARTESIAN_POINT ( 'NONE',  ( 1.083870574096616801, 0.5345999999999999641, -0.4855428327690107793 ) ) ;
#1857 = ORIENTED_EDGE ( 'NONE', *, *, #2241, .F. ) ;
#1858 =( NAMED_UNIT ( * ) SI_UNIT ( $, .STERADIAN. ) SOLID_ANGLE_UNIT ( ) );
#1859 = LINE ( 'NONE', #3202, #1232 ) ;
#1860 = EDGE_LOOP ( 'NONE', ( #233, #1431 ) ) ;
#1861 = CARTESIAN_POINT ( 'NONE',  ( 0.8244779899190651795, 0.5346999999999999531, -0.4333628294352412369 ) ) ;
#1862 = DIRECTION ( 'NONE',  ( 0.000000000000000000, 0.000000000000000000, 1.000000000000000000 ) ) ;
#1863 = EDGE_CURVE ( 'NONE', #1815, #1017, #764, .T. ) ;
#1864 = CARTESIAN_POINT ( 'NONE',  ( 0.6823747358842887634, 0.5345999999999999641, -0.4344952741022945486 ) ) ;
#1865 =( BOUNDED_CURVE ( )  B_SPLINE_CURVE ( 3, ( #3131, #3339, #1507, #716 ),
 .UNSPECIFIED., .F., .F. ) 
 B_SPLINE_CURVE_WITH_KNOTS ( ( 4, 4 ),
 ( 0.000000000000000000, 0.5000000000000001110 ),
 .UNSPECIFIED. ) 
 CURVE ( )  GEOMETRIC_REPRESENTATION_ITEM ( )  RATIONAL_B_SPLINE_CURVE ( ( 1.000000000000000000, 0.6666666666666666297, 0.5000000000000000000, 0.5000000000000000000 ) ) 
 REPRESENTATION_ITEM ( '' )  );
#1866 = DIRECTION ( 'NONE',  ( 0.000000000000000000, 0.000000000000000000, 1.000000000000000000 ) ) ;
#1867 = ORIENTED_EDGE ( 'NONE', *, *, #1974, .F. ) ;
#1868 = VERTEX_POINT ( 'NONE', #1530 ) ;
#1869 = SURFACE_SIDE_STYLE ('',( #3264 ) ) ;
#1870 = ADVANCED_FACE ( 'NONE', ( #1040 ), #2338, .T. ) ;
#1871 = ORIENTED_EDGE ( 'NONE', *, *, #3407, .F. ) ;
#1872 = CARTESIAN_POINT ( 'NONE',  ( 1.035674145095251575, 0.5345999999999999641, -0.4742658640758760091 ) ) ;
#1873 = CARTESIAN_POINT ( 'NONE',  ( 0.9921934257978403116, 0.5346999999999999531, -0.5265488533792125336 ) ) ;
#1874 = VECTOR ( 'NONE', #459, 1000.000000000000000 ) ;
#1875 = ORIENTED_EDGE ( 'NONE', *, *, #1819, .F. ) ;
#1876 = LINE ( 'NONE', #1047, #1903 ) ;
#1877 = STYLED_ITEM ( 'NONE', ( #88 ), #598 ) ;
#1878 = UNCERTAINTY_MEASURE_WITH_UNIT (LENGTH_MEASURE( 1.000000000000000082E-05 ), #891, 'distance_accuracy_value', 'NONE');
#1879 = CARTESIAN_POINT ( 'NONE',  ( 0.4599999999999999090, 0.5191999999999998838, 0.000000000000000000 ) ) ;
#1880 = VECTOR ( 'NONE', #2405, 1000.000000000000000 ) ;
#1881 = DIRECTION ( 'NONE',  ( 1.000000000000000000, 0.000000000000000000, 0.000000000000000000 ) ) ;
#1882 = DIRECTION ( 'NONE',  ( 0.000000000000000000, 1.000000000000000000, 0.000000000000000000 ) ) ;
#1883 = FILL_AREA_STYLE ('',( #1428 ) ) ;
#1884 = LINE ( 'NONE', #2388, #2351 ) ;
#1885 = ORIENTED_EDGE ( 'NONE', *, *, #472, .T. ) ;
#1886 = ORIENTED_EDGE ( 'NONE', *, *, #2600, .F. ) ;
#1887 = CARTESIAN_POINT ( 'NONE',  ( 1.035674145095251575, 0.5346999999999999531, -0.4517119266896063023 ) ) ;
#1888 = ADVANCED_FACE ( 'NONE', ( #228 ), #2570, .T. ) ;
#1889 = ORIENTED_EDGE ( 'NONE', *, *, #770, .T. ) ;
#1890 = EDGE_LOOP ( 'NONE', ( #826, #3441, #2005, #1904 ) ) ;
#1891 =( LENGTH_UNIT ( ) NAMED_UNIT ( * ) SI_UNIT ( .MILLI., .METRE. ) );
#1892 = CARTESIAN_POINT ( 'NONE',  ( 1.678064516129031958, 0.5191999999999999948, -0.9000000000000000222 ) ) ;
#1893 = EDGE_CURVE ( 'NONE', #1519, #456, #1790, .T. ) ;
#1894 = SURFACE_STYLE_USAGE ( .BOTH. , #1140 ) ;
#1895 = MECHANICAL_DESIGN_GEOMETRIC_PRESENTATION_REPRESENTATION (  '', ( #2970 ), #2628 ) ;
#1896 = VECTOR ( 'NONE', #296, 1000.000000000000000 ) ;
#1897 = DIRECTION ( 'NONE',  ( 0.000000000000000000, -1.000000000000000000, 0.000000000000000000 ) ) ;
#1898 = DIRECTION ( 'NONE',  ( 0.000000000000000000, 0.000000000000000000, 1.000000000000000000 ) ) ;
#1899 = PLANE ( 'NONE',  #54 ) ;
#1900 = LINE ( 'NONE', #587, #74 ) ;
#1901 = PLANE ( 'NONE',  #28 ) ;
#1902 = DIRECTION ( 'NONE',  ( -0.4498696453631123027, 0.000000000000000000, -0.8930942291723016346 ) ) ;
#1903 = VECTOR ( 'NONE', #1317, 1000.000000000000000 ) ;
#1904 = ORIENTED_EDGE ( 'NONE', *, *, #726, .T. ) ;
#1905 = EDGE_LOOP ( 'NONE', ( #2139, #903, #698, #84 ) ) ;
#1906 = DIRECTION ( 'NONE',  ( 0.000000000000000000, 1.000000000000000000, 0.000000000000000000 ) ) ;
#1907 = PLANE ( 'NONE',  #376 ) ;
#1908 = ORIENTED_EDGE ( 'NONE', *, *, #2398, .F. ) ;
#1909 = VECTOR ( 'NONE', #2420, 1000.000000000000000 ) ;
#1910 = PLANE ( 'NONE',  #3288 ) ;
#1911 = VECTOR ( 'NONE', #1822, 1000.000000000000000 ) ;
#1912 = CARTESIAN_POINT ( 'NONE',  ( 0.7699585178275605291, 0.5346999999999998421, -0.5265488533777158420 ) ) ;
#1913 = DIRECTION ( 'NONE',  ( -1.000000000000000000, 0.000000000000000000, 0.000000000000000000 ) ) ;
#1914 = FILL_AREA_STYLE ('',( #3254 ) ) ;
#1915 = CARTESIAN_POINT ( 'NONE',  ( 0.8844775060546001821, 0.5345999999999999641, -0.5265488533792125336 ) ) ;
#1916 = EDGE_CURVE ( 'NONE', #1560, #1960, #3164, .T. ) ;
#1917 = PRESENTATION_STYLE_ASSIGNMENT (( #831 ) ) ;
#1918 = COLOUR_RGB ( '',0.7921568627450980005, 0.8196078431372548767, 0.9333333333333333481 ) ;
#1919 = CARTESIAN_POINT ( 'NONE',  ( 1.099936050430404988, 0.5346999999999999531, -0.4517119266896061913 ) ) ;
#1920 = CARTESIAN_POINT ( 'NONE',  ( 0.7462663575337484811, 0.5346999999999999531, -0.4018206422298686853 ) ) ;
#1921 = DIRECTION ( 'NONE',  ( 0.000000000000000000, 0.000000000000000000, -1.000000000000000000 ) ) ;
#1922 = VERTEX_POINT ( 'NONE', #2986 ) ;
#1923 = ORIENTED_EDGE ( 'NONE', *, *, #991, .F. ) ;
#1924 = AXIS2_PLACEMENT_3D ( 'NONE', #960, #3076, #3353 ) ;
#1925 = LINE ( 'NONE', #647, #1896 ) ;
#1926 = VERTEX_POINT ( 'NONE', #2966 ) ;
#1927 = CARTESIAN_POINT ( 'NONE',  ( 1.278064516129032047, -0.01540000000000006988, 0.000000000000000000 ) ) ;
#1928 = DIRECTION ( 'NONE',  ( 0.000000000000000000, 1.000000000000000000, 0.000000000000000000 ) ) ;
#1929 = CARTESIAN_POINT ( 'NONE',  ( 0.000000000000000000, 0.000000000000000000, 0.000000000000000000 ) ) ;
#1930 = EDGE_LOOP ( 'NONE', ( #3039, #191, #2197, #1597 ) ) ;
#1931 = STYLED_ITEM ( 'NONE', ( #156 ), #1888 ) ;
#1932 = SURFACE_STYLE_USAGE ( .BOTH. , #322 ) ;
#1933 = MECHANICAL_DESIGN_GEOMETRIC_PRESENTATION_REPRESENTATION (  '', ( #1877 ), #1773 ) ;
#1934 = ADVANCED_FACE ( 'NONE', ( #261 ), #1612, .T. ) ;
#1935 = CARTESIAN_POINT ( 'NONE',  ( 0.7845366261063888569, 0.5345999999999999641, -0.4519200433913762582 ) ) ;
#1936 = CARTESIAN_POINT ( 'NONE',  ( 1.196129032258064440, 0.5191999999999999948, 0.000000000000000000 ) ) ;
#1937 =( NAMED_UNIT ( * ) PLANE_ANGLE_UNIT ( ) SI_UNIT ( $, .RADIAN. ) );
#1938 = FACE_OUTER_BOUND ( 'NONE', #1113, .T. ) ;
#1939 = EDGE_LOOP ( 'NONE', ( #3475, #539, #1685, #2535 ) ) ;
#1940 = ORIENTED_EDGE ( 'NONE', *, *, #676, .F. ) ;
#1941 = EDGE_CURVE ( 'NONE', #3471, #2085, #3003, .T. ) ;
#1942 = VECTOR ( 'NONE', #901, 1000.000000000000114 ) ;
#1943 = DIRECTION ( 'NONE',  ( 0.000000000000000000, 0.000000000000000000, -1.000000000000000000 ) ) ;
#1944 = DIRECTION ( 'NONE',  ( 0.000000000000000000, 0.000000000000000000, 1.000000000000000000 ) ) ;
#1945 = ORIENTED_EDGE ( 'NONE', *, *, #2835, .F. ) ;
#1946 = ORIENTED_EDGE ( 'NONE', *, *, #2453, .F. ) ;
#1947 = CARTESIAN_POINT ( 'NONE',  ( 0.9967286168785487455, 0.5345999999999998531, -0.6013857800688187094 ) ) ;
#1948 = DIRECTION ( 'NONE',  ( 0.000000000000000000, 1.000000000000000000, 0.000000000000000000 ) ) ;
#1949 = CARTESIAN_POINT ( 'NONE',  ( 0.7462663575337484811, 0.5345999999999999641, -0.4517119266896063023 ) ) ;
#1950 = SURFACE_STYLE_FILL_AREA ( #3273 ) ;
#1951 = EDGE_CURVE ( 'NONE', #1350, #713, #594, .T. ) ;
#1952 = CARTESIAN_POINT ( 'NONE',  ( 0.8244779893483152877, 0.5346999999999999531, -0.4181541954810126804 ) ) ;
#1953 = CARTESIAN_POINT ( 'NONE',  ( 0.7462663575337484811, 0.5347000000000000641, -0.4517119266896063023 ) ) ;
#1954 = CARTESIAN_POINT ( 'NONE',  ( 0.9261082054436873268, 0.5345999999999999641, -0.4878935680071291858 ) ) ;
#1955 = CARTESIAN_POINT ( 'NONE',  ( 0.6823747358842887634, 0.5345999999999999641, -0.4344952741022945486 ) ) ;
#1956 = AXIS2_PLACEMENT_3D ( 'NONE', #2900, #2107, #3434 ) ;
#1957 = VECTOR ( 'NONE', #1928, 1000.000000000000000 ) ;
#1958 = DIRECTION ( 'NONE',  ( 0.000000000000000000, 0.000000000000000000, -1.000000000000000000 ) ) ;
#1959 = ORIENTED_EDGE ( 'NONE', *, *, #1370, .T. ) ;
#1960 = VERTEX_POINT ( 'NONE', #2661 ) ;
#1961 = LINE ( 'NONE', #1396, #3360 ) ;
#1962 = VERTEX_POINT ( 'NONE', #1395 ) ;
#1963 = ORIENTED_EDGE ( 'NONE', *, *, #206, .F. ) ;
#1964 = PRESENTATION_LAYER_ASSIGNMENT (  '', '', ( #1458 ) ) ;
#1965 = EDGE_CURVE ( 'NONE', #2273, #2104, #2465, .T. ) ;
#1966 = DIRECTION ( 'NONE',  ( 1.000000000000000000, 0.000000000000000000, 0.000000000000000000 ) ) ;
#1967 = LINE ( 'NONE', #599, #2181 ) ;
#1968 = FILL_AREA_STYLE_COLOUR ( '', #1694 ) ;
#1969 = DIRECTION ( 'NONE',  ( 0.000000000000000000, 0.000000000000000000, -1.000000000000000000 ) ) ;
#1970 = VECTOR ( 'NONE', #1602, 1000.000000000000000 ) ;
#1971 = CARTESIAN_POINT ( 'NONE',  ( 0.8173428384180279060, 0.5345999999999999641, -0.3768750000000000155 ) ) ;
#1972 = VECTOR ( 'NONE', #769, 1000.000000000000000 ) ;
#1973 = LINE ( 'NONE', #1386, #1518 ) ;
#1974 = EDGE_CURVE ( 'NONE', #1360, #2081, #536, .T. ) ;
#1975 = PRESENTATION_STYLE_ASSIGNMENT (( #2499 ) ) ;
#1976 = PRESENTATION_LAYER_ASSIGNMENT (  '', '', ( #2753 ) ) ;
#1977 = LINE ( 'NONE', #3089, #160 ) ;
#1978 = VERTEX_POINT ( 'NONE', #1650 ) ;
#1979 = ORIENTED_EDGE ( 'NONE', *, *, #2467, .T. ) ;
#1980 = DIRECTION ( 'NONE',  ( 0.000000000000000000, 0.000000000000000000, 1.000000000000000000 ) ) ;
#1981 = ORIENTED_EDGE ( 'NONE', *, *, #2835, .T. ) ;
#1982 = EDGE_CURVE ( 'NONE', #2274, #2598, #3176, .T. ) ;
#1983 = DIRECTION ( 'NONE',  ( 0.000000000000000000, 0.000000000000000000, -1.000000000000000000 ) ) ;
#1984 = DIRECTION ( 'NONE',  ( 0.000000000000000000, -1.000000000000000000, 0.000000000000000000 ) ) ;
#1985 = CARTESIAN_POINT ( 'NONE',  ( 0.8173815710097810383, 0.5345999999999999641, -0.4865027169182385980 ) ) ;
#1986 = UNCERTAINTY_MEASURE_WITH_UNIT (LENGTH_MEASURE( 1.000000000000000082E-05 ), #406, 'distance_accuracy_value', 'NONE');
#1987 =( GEOMETRIC_REPRESENTATION_CONTEXT ( 3 ) GLOBAL_UNCERTAINTY_ASSIGNED_CONTEXT ( ( #1179 ) ) GLOBAL_UNIT_ASSIGNED_CONTEXT ( ( #1260, #178, #1454 ) ) REPRESENTATION_CONTEXT ( 'NONE', 'WORKASPACE' ) );
#1988 = LINE ( 'NONE', #3070, #1942 ) ;
#1989 = FACE_OUTER_BOUND ( 'NONE', #828, .T. ) ;
#1990 = EDGE_LOOP ( 'NONE', ( #1028, #2095, #2226, #2037 ) ) ;
#1991 = AXIS2_PLACEMENT_3D ( 'NONE', #611, #2228, #666 ) ;
#1992 = VERTEX_POINT ( 'NONE', #2172 ) ;
#1993 =( NAMED_UNIT ( * ) SI_UNIT ( $, .STERADIAN. ) SOLID_ANGLE_UNIT ( ) );
#1994 = LINE ( 'NONE', #684, #2317 ) ;
#1995 = ADVANCED_FACE ( 'NONE', ( #3243, #3215 ), #2189, .T. ) ;
#1996 = ADVANCED_FACE ( 'NONE', ( #44 ), #1132, .T. ) ;
#1997 = PRESENTATION_STYLE_ASSIGNMENT (( #671 ) ) ;
#1998 = CARTESIAN_POINT ( 'NONE',  ( 1.099936050430405210, 0.5346999999999998421, -0.4517119266896063023 ) ) ;
#1999 = ADVANCED_FACE ( 'NONE', ( #2204 ), #872, .F. ) ;
#2000 = LINE ( 'NONE', #604, #535 ) ;
#2001 = CARTESIAN_POINT ( 'NONE',  ( 0.7245942471361694892, 0.5345999999999999641, -0.3768750000000000155 ) ) ;
#2002 = ORIENTED_EDGE ( 'NONE', *, *, #3109, .T. ) ;
#2003 = COLOUR_RGB ( '',0.8980392156862745390, 0.9215686274509803377, 0.9294117647058823817 ) ;
#2004 = COLOUR_RGB ( '',0.8980392156862745390, 0.9215686274509803377, 0.9294117647058823817 ) ;
#2005 = ORIENTED_EDGE ( 'NONE', *, *, #982, .T. ) ;
#2006 =( GEOMETRIC_REPRESENTATION_CONTEXT ( 3 ) GLOBAL_UNCERTAINTY_ASSIGNED_CONTEXT ( ( #2268 ) ) GLOBAL_UNIT_ASSIGNED_CONTEXT ( ( #1029, #809, #3184 ) ) REPRESENTATION_CONTEXT ( 'NONE', 'WORKASPACE' ) );
#2007 = CARTESIAN_POINT ( 'NONE',  ( 1.656129032258064404, 0.000000000000000000, -0.9000000000000000222 ) ) ;
#2008 = LINE ( 'NONE', #2553, #3123 ) ;
#2009 = CARTESIAN_POINT ( 'NONE',  ( 0.7845366261063887459, 0.5346000000000000751, -0.4723670181081077168 ) ) ;
#2010 = ADVANCED_FACE ( 'NONE', ( #1469 ), #388, .T. ) ;
#2011 = DIRECTION ( 'NONE',  ( 0.4573491243099514492, 0.000000000000000000, -0.8892872305913992470 ) ) ;
#2012 = DIRECTION ( 'NONE',  ( 0.000000000000000000, 0.000000000000000000, -1.000000000000000000 ) ) ;
#2013 = AXIS2_PLACEMENT_3D ( 'NONE', #1675, #1405, #1163 ) ;
#2014 = CARTESIAN_POINT ( 'NONE',  ( 1.099936050430405210, 0.5345999999999998531, -0.4517119266896063023 ) ) ;
#2015 = LINE ( 'NONE', #1954, #2579 ) ;
#2016 =( GEOMETRIC_REPRESENTATION_CONTEXT ( 3 ) GLOBAL_UNCERTAINTY_ASSIGNED_CONTEXT ( ( #3081 ) ) GLOBAL_UNIT_ASSIGNED_CONTEXT ( ( #448, #1495, #2030 ) ) REPRESENTATION_CONTEXT ( 'NONE', 'WORKASPACE' ) );
#2017 = MECHANICAL_DESIGN_GEOMETRIC_PRESENTATION_REPRESENTATION (  '', ( #2472 ), #3375 ) ;
#2018 = LINE ( 'NONE', #2811, #561 ) ;
#2019 = STYLED_ITEM ( 'NONE', ( #624 ), #2316 ) ;
#2020 = ADVANCED_FACE ( 'NONE', ( #1202 ), #313, .F. ) ;
#2021 = CARTESIAN_POINT ( 'NONE',  ( 1.035674145095251797, 0.5345999999999998531, -0.3840501145307970710 ) ) ;
#2022 = LINE ( 'NONE', #662, #122 ) ;
#2023 = EDGE_LOOP ( 'NONE', ( #2360, #711, #3121 ) ) ;
#2024 = EDGE_LOOP ( 'NONE', ( #1466, #1627, #1342, #1619, #2354, #1821, #1039, #3218 ) ) ;
#2025 = FACE_OUTER_BOUND ( 'NONE', #3404, .T. ) ;
#2026 = DIRECTION ( 'NONE',  ( 0.3889793462475059083, 0.000000000000000000, -0.9212464752675382229 ) ) ;
#2027 = LINE ( 'NONE', #391, #1549 ) ;
#2028 = CARTESIAN_POINT ( 'NONE',  ( 0.7845366261063888569, 0.5346000000000001862, -0.4519200433913761472 ) ) ;
#2029 = DIRECTION ( 'NONE',  ( 0.000000000000000000, 1.000000000000000000, 0.000000000000000000 ) ) ;
#2030 =( NAMED_UNIT ( * ) SI_UNIT ( $, .STERADIAN. ) SOLID_ANGLE_UNIT ( ) );
#2031 = VECTOR ( 'NONE', #2040, 1000.000000000000000 ) ;
#2032 = DIRECTION ( 'NONE',  ( 0.000000000000000000, 1.000000000000000000, 0.000000000000000000 ) ) ;
#2033 = ORIENTED_EDGE ( 'NONE', *, *, #697, .T. ) ;
#2034 = CARTESIAN_POINT ( 'NONE',  ( 0.000000000000000000, 0.5191999999999999948, -0.9000000000000000222 ) ) ;
#2035 = EDGE_CURVE ( 'NONE', #1254, #460, #3175, .T. ) ;
#2036 = VERTEX_POINT ( 'NONE', #1770 ) ;
#2037 = ORIENTED_EDGE ( 'NONE', *, *, #929, .T. ) ;
#2038 = DIRECTION ( 'NONE',  ( 0.3889793462475059083, 0.000000000000000000, -0.9212464752675382229 ) ) ;
#2039 = ORIENTED_EDGE ( 'NONE', *, *, #849, .F. ) ;
#2040 = DIRECTION ( 'NONE',  ( 0.000000000000000000, 0.000000000000000000, -1.000000000000000000 ) ) ;
#2041 = ADVANCED_FACE ( 'NONE', ( #2025 ), #2624, .F. ) ;
#2042 = VECTOR ( 'NONE', #27, 1000.000000000000000 ) ;
#2043 = CARTESIAN_POINT ( 'NONE',  ( 0.7846025099045479401, 0.5346999999999999531, -0.4494008124546169936 ) ) ;
#2044 = AXIS2_PLACEMENT_3D ( 'NONE', #3191, #2904, #2387 ) ;
#2045 = COLOUR_RGB ( '',0.8980392156862745390, 0.9215686274509803377, 0.9294117647058823817 ) ;
#2046 = LINE ( 'NONE', #162, #565 ) ;
#2047 = SURFACE_STYLE_FILL_AREA ( #1245 ) ;
#2048 = UNCERTAINTY_MEASURE_WITH_UNIT (LENGTH_MEASURE( 1.000000000000000082E-05 ), #1596, 'distance_accuracy_value', 'NONE');
#2049 = CARTESIAN_POINT ( 'NONE',  ( 1.656129032258064404, 0.000000000000000000, -0.9000000000000000222 ) ) ;
#2050 = ORIENTED_EDGE ( 'NONE', *, *, #2627, .F. ) ;
#2051 = CARTESIAN_POINT ( 'NONE',  ( -1.592421940838084637E-16, 0.5038000000000001366, -0.9000000000000000222 ) ) ;
#2052 = CARTESIAN_POINT ( 'NONE',  ( 1.656129032258064404, 0.000000000000000000, 0.000000000000000000 ) ) ;
#2053 = FACE_OUTER_BOUND ( 'NONE', #2449, .T. ) ;
#2054 = EDGE_LOOP ( 'NONE', ( #534, #2944, #1768, #193 ) ) ;
#2055 = PRODUCT_CONTEXT ( 'NONE', #1661, 'mechanical' ) ;
#2056 = ORIENTED_EDGE ( 'NONE', *, *, #2808, .T. ) ;
#2057 = EDGE_LOOP ( 'NONE', ( #1611, #976, #2242, #352 ) ) ;
#2058 = CARTESIAN_POINT ( 'NONE',  ( 0.6603755216648599102, 0.5346999999999999531, -0.3768750000000000155 ) ) ;
#2059 =( GEOMETRIC_REPRESENTATION_CONTEXT ( 3 ) GLOBAL_UNCERTAINTY_ASSIGNED_CONTEXT ( ( #660 ) ) GLOBAL_UNIT_ASSIGNED_CONTEXT ( ( #775, #238, #797 ) ) REPRESENTATION_CONTEXT ( 'NONE', 'WORKASPACE' ) );
#2060 = SURFACE_STYLE_FILL_AREA ( #3195 ) ;
#2061 = VECTOR ( 'NONE', #2714, 1000.000000000000000 ) ;
#2062 = ADVANCED_FACE ( 'NONE', ( #958 ), #420, .T. ) ;
#2063 = SURFACE_STYLE_FILL_AREA ( #2689 ) ;
#2064 = CARTESIAN_POINT ( 'NONE',  ( 0.7462663575337484811, 0.5345999999999999641, -0.4517119266896063023 ) ) ;
#2065 = VECTOR ( 'NONE', #949, 1000.000000000000000 ) ;
#2066 = ORIENTED_EDGE ( 'NONE', *, *, #2398, .T. ) ;
#2067 = PRESENTATION_STYLE_ASSIGNMENT (( #773 ) ) ;
#2068 = CARTESIAN_POINT ( 'NONE',  ( 0.6181513541287398938, 0.5346999999999999531, -0.5265488533792125336 ) ) ;
#2069 = PRESENTATION_STYLE_ASSIGNMENT (( #1285 ) ) ;
#2070 = COLOUR_RGB ( '',0.8509803921568627194, 0.8509803921568627194, 0.8509803921568627194 ) ;
#2071 = EDGE_CURVE ( 'NONE', #1720, #630, #3388, .T. ) ;
#2072 = ORIENTED_EDGE ( 'NONE', *, *, #3075, .F. ) ;
#2073 = SURFACE_SIDE_STYLE ('',( #762 ) ) ;
#2074 = ORIENTED_EDGE ( 'NONE', *, *, #1443, .F. ) ;
#2075 = DIRECTION ( 'NONE',  ( -3.160821637233196943E-16, -1.000000000000000000, 0.000000000000000000 ) ) ;
#2076 = CARTESIAN_POINT ( 'NONE',  ( -4.757335635520023933E-18, -0.01539999999999996406, -0.9000000000000000222 ) ) ;
#2077 = VERTEX_POINT ( 'NONE', #1004 ) ;
#2078 = DIRECTION ( 'NONE',  ( 1.000000000000000000, 3.089178984103918623E-16, 0.000000000000000000 ) ) ;
#2079 = VECTOR ( 'NONE', #264, 1000.000000000000000 ) ;
#2080 = EDGE_CURVE ( 'NONE', #1926, #821, #2091, .T. ) ;
#2081 = VERTEX_POINT ( 'NONE', #2885 ) ;
#2082 =( LENGTH_UNIT ( ) NAMED_UNIT ( * ) SI_UNIT ( .MILLI., .METRE. ) );
#2083 = UNCERTAINTY_MEASURE_WITH_UNIT (LENGTH_MEASURE( 1.000000000000000082E-05 ), #1083, 'distance_accuracy_value', 'NONE');
#2084 = CARTESIAN_POINT ( 'NONE',  ( 0.9261082054436873268, 0.5345999999999999641, -0.4139433132780292457 ) ) ;
#2085 = VERTEX_POINT ( 'NONE', #1220 ) ;
#2086 = EDGE_CURVE ( 'NONE', #2081, #481, #479, .T. ) ;
#2087 = CARTESIAN_POINT ( 'NONE',  ( 1.138881578647107817, 0.5345999999999999641, -0.4517119266896063023 ) ) ;
#2088 = CARTESIAN_POINT ( 'NONE',  ( 0.4599999999999999645, 0.5038000000000001366, -0.9000000000000000222 ) ) ;
#2089 = CARTESIAN_POINT ( 'NONE',  ( 1.099936050430405210, 0.5345999999999998531, -0.3840501145307970710 ) ) ;
#2090 = SURFACE_STYLE_FILL_AREA ( #150 ) ;
#2091 = LINE ( 'NONE', #192, #3067 ) ;
#2092 = ORIENTED_EDGE ( 'NONE', *, *, #697, .F. ) ;
#2093 = SURFACE_SIDE_STYLE ('',( #1272 ) ) ;
#2094 = CARTESIAN_POINT ( 'NONE',  ( 0.7870072343476680610, 0.5346999999999999531, -0.4262399249798907164 ) ) ;
#2095 = ORIENTED_EDGE ( 'NONE', *, *, #1951, .F. ) ;
#2096 = STYLED_ITEM ( 'NONE', ( #520 ), #1934 ) ;
#2097 = FACE_OUTER_BOUND ( 'NONE', #1990, .T. ) ;
#2098 = EDGE_CURVE ( 'NONE', #2432, #590, #2607, .T. ) ;
#2099 = COLOUR_RGB ( '',0.1019607843137254888, 0.1019607843137254888, 0.1019607843137254888 ) ;
#2100 = ORIENTED_EDGE ( 'NONE', *, *, #3443, .T. ) ;
#2101 = CARTESIAN_POINT ( 'NONE',  ( 0.7110158790730440881, 0.5345999999999999641, -0.5265488533792125336 ) ) ;
#2102 =( GEOMETRIC_REPRESENTATION_CONTEXT ( 3 ) GLOBAL_UNCERTAINTY_ASSIGNED_CONTEXT ( ( #2577 ) ) GLOBAL_UNIT_ASSIGNED_CONTEXT ( ( #141, #2290, #1807 ) ) REPRESENTATION_CONTEXT ( 'NONE', 'WORKASPACE' ) );
#2103 = CARTESIAN_POINT ( 'NONE',  ( 0.8124387813336694242, 0.5345999999999999641, -0.4692009540048023841 ) ) ;
#2104 = VERTEX_POINT ( 'NONE', #3128 ) ;
#2105 =( GEOMETRIC_REPRESENTATION_CONTEXT ( 3 ) GLOBAL_UNCERTAINTY_ASSIGNED_CONTEXT ( ( #988 ) ) GLOBAL_UNIT_ASSIGNED_CONTEXT ( ( #3173, #416, #759 ) ) REPRESENTATION_CONTEXT ( 'NONE', 'WORKASPACE' ) );
#2106 = FACE_OUTER_BOUND ( 'NONE', #2187, .T. ) ;
#2107 = DIRECTION ( 'NONE',  ( 0.000000000000000000, 0.000000000000000000, 1.000000000000000000 ) ) ;
#2108 = ADVANCED_FACE ( 'NONE', ( #3161 ), #1236, .T. ) ;
#2109 = CARTESIAN_POINT ( 'NONE',  ( 0.4599999999999999645, 0.5038000000000001366, 0.000000000000000000 ) ) ;
#2110 = CARTESIAN_POINT ( 'NONE',  ( 1.656129032258064404, 0.5191999999999999948, -0.9000000000000000222 ) ) ;
#2111 =( BOUNDED_CURVE ( )  B_SPLINE_CURVE ( 3, ( #1949, #2702, #3311, #1971 ),
 .UNSPECIFIED., .F., .T. ) 
 B_SPLINE_CURVE_WITH_KNOTS ( ( 4, 4 ),
 ( 0.5000000000000001110, 1.000000000000000000 ),
 .UNSPECIFIED. ) 
 CURVE ( )  GEOMETRIC_REPRESENTATION_ITEM ( )  RATIONAL_B_SPLINE_CURVE ( ( 0.5000000000000000000, 0.5000000000000001110, 0.6666666666666667407, 1.000000000000000000 ) ) 
 REPRESENTATION_ITEM ( '' )  );
#2112 = PLANE ( 'NONE',  #2194 ) ;
#2113 = ORIENTED_EDGE ( 'NONE', *, *, #2687, .T. ) ;
#2114 = CARTESIAN_POINT ( 'NONE',  ( 0.7462663575337484811, 0.5345999999999999641, -0.4517119266896063023 ) ) ;
#2115 =( LENGTH_UNIT ( ) NAMED_UNIT ( * ) SI_UNIT ( .MILLI., .METRE. ) );
#2116 = VERTEX_POINT ( 'NONE', #714 ) ;
#2117 = CARTESIAN_POINT ( 'NONE',  ( 1.656129032258064404, 0.5191999999999999948, 0.000000000000000000 ) ) ;
#2118 = AXIS2_PLACEMENT_3D ( 'NONE', #1073, #37, #3275 ) ;
#2119 = ORIENTED_EDGE ( 'NONE', *, *, #2199, .F. ) ;
#2120 = CARTESIAN_POINT ( 'NONE',  ( 0.6103457160740941578, 0.5346999999999999531, -0.4281482597897918185 ) ) ;
#2121 = ADVANCED_FACE ( 'NONE', ( #1785 ), #728, .T. ) ;
#2122 = DIRECTION ( 'NONE',  ( 0.000000000000000000, 1.000000000000000000, 0.000000000000000000 ) ) ;
#2123 = VECTOR ( 'NONE', #541, 1000.000000000000000 ) ;
#2124 = ORIENTED_EDGE ( 'NONE', *, *, #545, .F. ) ;
#2125 = CARTESIAN_POINT ( 'NONE',  ( 0.7845366261063888569, 0.5346999999999999531, -0.4692113801542023843 ) ) ;
#2126 = FACE_OUTER_BOUND ( 'NONE', #431, .T. ) ;
#2127 = FACE_OUTER_BOUND ( 'NONE', #3406, .T. ) ;
#2128 = CARTESIAN_POINT ( 'NONE',  ( 1.138881578647107817, 0.5346999999999999531, -0.4018206422298687408 ) ) ;
#2129 = EDGE_CURVE ( 'NONE', #368, #1576, #1255, .T. ) ;
#2130 = CARTESIAN_POINT ( 'NONE',  ( 0.6185244016848174820, 0.5346999999999999531, -0.3768750000000000155 ) ) ;
#2131 = ORIENTED_EDGE ( 'NONE', *, *, #1645, .T. ) ;
#2132 = AXIS2_PLACEMENT_3D ( 'NONE', #801, #2942, #532 ) ;
#2133 = EDGE_LOOP ( 'NONE', ( #3320, #754, #2072, #1256, #1656, #3231, #1432, #2590, #1154, #707, #151, #1875, #1558 ) ) ;
#2134 = MECHANICAL_DESIGN_GEOMETRIC_PRESENTATION_REPRESENTATION (  '', ( #386 ), #3428 ) ;
#2135 = VECTOR ( 'NONE', #3296, 1000.000000000000000 ) ;
#2136 = DIRECTION ( 'NONE',  ( 1.000000000000000000, 0.000000000000000000, 0.000000000000000000 ) ) ;
#2137 = CARTESIAN_POINT ( 'NONE',  ( 0.000000000000000000, 0.000000000000000000, -0.9000000000000000222 ) ) ;
#2138 = VECTOR ( 'NONE', #159, 1000.000000000000000 ) ;
#2139 = ORIENTED_EDGE ( 'NONE', *, *, #1015, .F. ) ;
#2140 = MECHANICAL_DESIGN_GEOMETRIC_PRESENTATION_REPRESENTATION (  '', ( #43 ), #1127 ) ;
#2141 =( LENGTH_UNIT ( ) NAMED_UNIT ( * ) SI_UNIT ( .MILLI., .METRE. ) );
#2142 = AXIS2_PLACEMENT_3D ( 'NONE', #1624, #1319, #2232 ) ;
#2143 = FILL_AREA_STYLE ('',( #2736 ) ) ;
#2144 = ORIENTED_EDGE ( 'NONE', *, *, #3245, .F. ) ;
#2145 = DIRECTION ( 'NONE',  ( -1.000000000000000000, 0.000000000000000000, 0.000000000000000000 ) ) ;
#2146 = DIRECTION ( 'NONE',  ( -1.000000000000000000, 0.000000000000000000, 0.000000000000000000 ) ) ;
#2147 = LINE ( 'NONE', #1879, #380 ) ;
#2148 = EDGE_CURVE ( 'NONE', #1815, #1377, #1884, .T. ) ;
#2149 = ADVANCED_FACE ( 'NONE', ( #1054 ), #1074, .T. ) ;
#2150 = CARTESIAN_POINT ( 'NONE',  ( 0.6739538897279853114, 0.5345999999999999641, -0.5265488533792125336 ) ) ;
#2151 = DIRECTION ( 'NONE',  ( 0.000000000000000000, 1.000000000000000000, 0.000000000000000000 ) ) ;
#2152 = ORIENTED_EDGE ( 'NONE', *, *, #79, .F. ) ;
#2153 = ORIENTED_EDGE ( 'NONE', *, *, #245, .T. ) ;
#2154 =( NAMED_UNIT ( * ) PLANE_ANGLE_UNIT ( ) SI_UNIT ( $, .RADIAN. ) );
#2155 = ORIENTED_EDGE ( 'NONE', *, *, #2993, .F. ) ;
#2156 = ADVANCED_FACE ( 'NONE', ( #3453 ), #21, .T. ) ;
#2157 = DIRECTION ( 'NONE',  ( 0.000000000000000000, 1.000000000000000000, 0.000000000000000000 ) ) ;
#2158 = STYLED_ITEM ( 'NONE', ( #373 ), #1786 ) ;
#2159 = CARTESIAN_POINT ( 'NONE',  ( 1.196129032258064440, 0.5038000000000001366, 0.000000000000000000 ) ) ;
#2160 = PRESENTATION_STYLE_ASSIGNMENT (( #875 ) ) ;
#2161 = EDGE_LOOP ( 'NONE', ( #2696, #3166, #1310, #3402 ) ) ;
#2162 =( LENGTH_UNIT ( ) NAMED_UNIT ( * ) SI_UNIT ( .MILLI., .METRE. ) );
#2163 = FACE_OUTER_BOUND ( 'NONE', #2898, .T. ) ;
#2164 = DIRECTION ( 'NONE',  ( 0.000000000000000000, -1.000000000000000000, -0.000000000000000000 ) ) ;
#2165 = VECTOR ( 'NONE', #678, 1000.000000000000000 ) ;
#2166 = PRESENTATION_STYLE_ASSIGNMENT (( #2509 ) ) ;
#2167 = FACE_OUTER_BOUND ( 'NONE', #2853, .T. ) ;
#2168 = SURFACE_STYLE_FILL_AREA ( #1883 ) ;
#2169 = FACE_OUTER_BOUND ( 'NONE', #1939, .T. ) ;
#2170 = ORIENTED_EDGE ( 'NONE', *, *, #712, .T. ) ;
#2171 = ORIENTED_EDGE ( 'NONE', *, *, #751, .T. ) ;
#2172 = CARTESIAN_POINT ( 'NONE',  ( 0.9921934257978403116, 0.5346999999999999531, -0.3768750000000000155 ) ) ;
#2173 = CARTESIAN_POINT ( 'NONE',  ( 0.7845366261063888569, 0.5346999999999999531, -0.4519200433913761472 ) ) ;
#2174 = ORIENTED_EDGE ( 'NONE', *, *, #1005, .T. ) ;
#2175 = ADVANCED_FACE ( 'NONE', ( #2426 ), #517, .T. ) ;
#2176 = DIRECTION ( 'NONE',  ( 0.000000000000000000, 0.000000000000000000, 1.000000000000000000 ) ) ;
#2177 = SURFACE_STYLE_USAGE ( .BOTH. , #3234 ) ;
#2178 = AXIS2_PLACEMENT_3D ( 'NONE', #3196, #2695, #785 ) ;
#2179 = EDGE_LOOP ( 'NONE', ( #2039, #292, #1755, #265 ) ) ;
#2180 =( NAMED_UNIT ( * ) SI_UNIT ( $, .STERADIAN. ) SOLID_ANGLE_UNIT ( ) );
#2181 = VECTOR ( 'NONE', #654, 1000.000000000000000 ) ;
#2182 = DIRECTION ( 'NONE',  ( -0.3922395649424729736, 0.000000000000000000, 0.9198631005175387232 ) ) ;
#2183 = CARTESIAN_POINT ( 'NONE',  ( 0.8244779893483152877, 0.5345999999999999641, -0.4181541954810126804 ) ) ;
#2184 = CARTESIAN_POINT ( 'NONE',  ( 0.6823747358842887634, 0.5345999999999999641, -0.4344952741022945486 ) ) ;
#2185 = VECTOR ( 'NONE', #2311, 1000.000000000000000 ) ;
#2186 = ORIENTED_EDGE ( 'NONE', *, *, #212, .T. ) ;
#2187 = EDGE_LOOP ( 'NONE', ( #2626, #3334, #1149, #1528 ) ) ;
#2188 = ADVANCED_FACE ( 'NONE', ( #781 ), #2112, .T. ) ;
#2189 = PLANE ( 'NONE',  #2665 ) ;
#2190 = LINE ( 'NONE', #1379, #2794 ) ;
#2191 = VERTEX_POINT ( 'NONE', #2130 ) ;
#2192 = VECTOR ( 'NONE', #2145, 1000.000000000000000 ) ;
#2193 = CARTESIAN_POINT ( 'NONE',  ( -0.02193548387096774452, -0.01539999999999995713, -0.9000000000000000222 ) ) ;
#2194 = AXIS2_PLACEMENT_3D ( 'NONE', #1337, #2928, #2709 ) ;
#2195 = FILL_AREA_STYLE_COLOUR ( '', #672 ) ;
#2196 = ADVANCED_FACE ( 'NONE', ( #2169 ), #2443, .F. ) ;
#2197 = ORIENTED_EDGE ( 'NONE', *, *, #700, .T. ) ;
#2198 =( NAMED_UNIT ( * ) SI_UNIT ( $, .STERADIAN. ) SOLID_ANGLE_UNIT ( ) );
#2199 = EDGE_CURVE ( 'NONE', #1043, #503, #2962, .T. ) ;
#2200 = CARTESIAN_POINT ( 'NONE',  ( 0.7699585178284996667, 0.5346999999999999531, -0.3768750000000136158 ) ) ;
#2201 = CARTESIAN_POINT ( 'NONE',  ( 1.196129032258064440, 0.5038000000000001366, 0.000000000000000000 ) ) ;
#2202 = ORIENTED_EDGE ( 'NONE', *, *, #3272, .T. ) ;
#2203 = ORIENTED_EDGE ( 'NONE', *, *, #2352, .T. ) ;
#2204 = FACE_OUTER_BOUND ( 'NONE', #369, .T. ) ;
#2205 = VECTOR ( 'NONE', #3369, 1000.000000000000000 ) ;
#2206 = DIRECTION ( 'NONE',  ( 0.000000000000000000, 1.000000000000000000, 0.000000000000000000 ) ) ;
#2207 = VERTEX_POINT ( 'NONE', #1592 ) ;
#2208 = DIRECTION ( 'NONE',  ( -0.000000000000000000, -1.000000000000000000, -0.000000000000000000 ) ) ;
#2209 = FACE_OUTER_BOUND ( 'NONE', #2057, .T. ) ;
#2210 = PRESENTATION_STYLE_ASSIGNMENT (( #2177 ) ) ;
#2211 = EDGE_CURVE ( 'NONE', #646, #578, #291, .T. ) ;
#2212 = VECTOR ( 'NONE', #557, 1000.000000000000000 ) ;
#2213 = CARTESIAN_POINT ( 'NONE',  ( 0.6693367468514946905, 0.5346999999999999531, -0.3980984844777932796 ) ) ;
#2214 = VECTOR ( 'NONE', #1723, 1000.000000000000000 ) ;
#2215 = CARTESIAN_POINT ( 'NONE',  ( 1.035674145095251575, 0.5346999999999999531, -0.4742658640758760091 ) ) ;
#2216 = EDGE_CURVE ( 'NONE', #2382, #1830, #1609, .T. ) ;
#2217 = FACE_OUTER_BOUND ( 'NONE', #1604, .T. ) ;
#2218 = CARTESIAN_POINT ( 'NONE',  ( 1.196129032258064440, 0.5038000000000001366, -0.9000000000000000222 ) ) ;
#2219 = COLOUR_RGB ( '',0.8980392156862745390, 0.9215686274509803377, 0.9294117647058823817 ) ;
#2220 = SURFACE_SIDE_STYLE ('',( #1146 ) ) ;
#2221 = LINE ( 'NONE', #2516, #1124 ) ;
#2222 = ORIENTED_EDGE ( 'NONE', *, *, #1863, .F. ) ;
#2223 = ORIENTED_EDGE ( 'NONE', *, *, #1916, .F. ) ;
#2224 = CARTESIAN_POINT ( 'NONE',  ( 0.3780645161290323020, 0.5345999999999999641, 0.000000000000000000 ) ) ;
#2225 = CARTESIAN_POINT ( 'NONE',  ( 0.6185244016848174820, 0.5346999999999999531, -0.3768750000000000155 ) ) ;
#2226 = ORIENTED_EDGE ( 'NONE', *, *, #800, .T. ) ;
#2227 = EDGE_LOOP ( 'NONE', ( #1536, #1628, #2456, #766, #1963, #1376, #3041, #3278, #26, #1503, #480, #2503 ) ) ;
#2228 = DIRECTION ( 'NONE',  ( -1.000000000000000000, -3.160821637233196450E-16, 0.000000000000000000 ) ) ;
#2229 = CARTESIAN_POINT ( 'NONE',  ( 0.9967286168785487455, 0.5345999999999999641, -0.4517119266896063023 ) ) ;
#2230 =( BOUNDED_SURFACE ( )  B_SPLINE_SURFACE ( 3, 1, ( 
 ( #2773, #1364 ),
 ( #1399, #3024 ),
 ( #1947, #2433 ),
 ( #2229, #3268 ) ),
 .UNSPECIFIED., .F., .F., .F. ) 
 B_SPLINE_SURFACE_WITH_KNOTS ( ( 4, 4 ),
 ( 2, 2 ),
 ( 0.5000000008306083599, 1.000000000000000000 ),
 ( 0.000000000000000000, 1.000000000000000000 ),
 .UNSPECIFIED. ) 
 GEOMETRIC_REPRESENTATION_ITEM ( )  RATIONAL_B_SPLINE_SURFACE ( (
 ( 1.000000000000000000, 1.000000000000000000),
 ( 0.3333333333333333703, 0.3333333333333333703),
 ( 0.3333333333333333703, 0.3333333333333333703),
 ( 1.000000000000000000, 1.000000000000000000) ) ) 
 REPRESENTATION_ITEM ( '' )  SURFACE ( )  );
#2231 = CARTESIAN_POINT ( 'NONE',  ( 0.8646532991793234313, 0.5346999999999999531, -0.5265488533792125336 ) ) ;
#2232 = DIRECTION ( 'NONE',  ( 0.000000000000000000, 0.000000000000000000, -1.000000000000000000 ) ) ;
#2233 = EDGE_CURVE ( 'NONE', #3241, #2257, #3193, .T. ) ;
#2234 = FACE_OUTER_BOUND ( 'NONE', #2505, .T. ) ;
#2235 = LINE ( 'NONE', #1424, #210 ) ;
#2236 = COLOUR_RGB ( '',0.8509803921568627194, 0.8509803921568627194, 0.8509803921568627194 ) ;
#2237 = CARTESIAN_POINT ( 'NONE',  ( 0.3780645161290323020, 0.5191999999999998838, -0.9000000000000000222 ) ) ;
#2238 = CARTESIAN_POINT ( 'NONE',  ( 0.8124387813336694242, 0.5346999999999999531, -0.4692009540048023841 ) ) ;
#2239 = CARTESIAN_POINT ( 'NONE',  ( 0.5657232049947971131, 0.5346999999999999531, -0.4281482597897918185 ) ) ;
#2240 = ORIENTED_EDGE ( 'NONE', *, *, #2494, .F. ) ;
#2241 = EDGE_CURVE ( 'NONE', #1043, #1519, #1574, .T. ) ;
#2242 = ORIENTED_EDGE ( 'NONE', *, *, #1893, .T. ) ;
#2243 = PLANE ( 'NONE',  #1277 ) ;
#2244 = ORIENTED_EDGE ( 'NONE', *, *, #3192, .F. ) ;
#2245 = VECTOR ( 'NONE', #1898, 1000.000000000000000 ) ;
#2246 = LINE ( 'NONE', #2193, #71 ) ;
#2247 = CARTESIAN_POINT ( 'NONE',  ( 1.656129032258064404, 0.000000000000000000, 0.000000000000000000 ) ) ;
#2248 = LINE ( 'NONE', #1421, #2585 ) ;
#2249 = DIRECTION ( 'NONE',  ( 1.000000000000000000, 0.000000000000000000, 0.000000000000000000 ) ) ;
#2250 = VECTOR ( 'NONE', #3497, 1000.000000000000000 ) ;
#2251 = CARTESIAN_POINT ( 'NONE',  ( 0.6609518911788154760, 0.5345999999999999641, -0.5265488533792125336 ) ) ;
#2252 = VECTOR ( 'NONE', #1475, 1000.000000000000000 ) ;
#2253 = DIRECTION ( 'NONE',  ( 0.000000000000000000, -0.000000000000000000, -1.000000000000000000 ) ) ;
#2254 = VECTOR ( 'NONE', #2833, 1000.000000000000114 ) ;
#2255 = STYLED_ITEM ( 'NONE', ( #1042 ), #585 ) ;
#2256 = DIRECTION ( 'NONE',  ( 1.000000000000000000, 0.000000000000000000, 0.000000000000000000 ) ) ;
#2257 = VERTEX_POINT ( 'NONE', #1302 ) ;
#2258 = ADVANCED_FACE ( 'NONE', ( #2371 ), #1844, .T. ) ;
#2259 = EDGE_LOOP ( 'NONE', ( #440, #1486, #1703, #134 ) ) ;
#2260 = PLANE ( 'NONE',  #2118 ) ;
#2261 = ORIENTED_EDGE ( 'NONE', *, *, #1211, .F. ) ;
#2262 = FILL_AREA_STYLE ('',( #2522 ) ) ;
#2263 = CARTESIAN_POINT ( 'NONE',  ( 0.7845366261063888569, 0.5346999999999999531, -0.4519200433913761472 ) ) ;
#2264 = CARTESIAN_POINT ( 'NONE',  ( 0.8646532991793240974, 0.5345999999999999641, -0.4692009540048023841 ) ) ;
#2265 = ADVANCED_FACE ( 'NONE', ( #3468 ), #3211, .T. ) ;
#2266 = FILL_AREA_STYLE ('',( #1743 ) ) ;
#2267 = DIRECTION ( 'NONE',  ( 1.000000000000000000, 0.000000000000000000, 0.000000000000000000 ) ) ;
#2268 = UNCERTAINTY_MEASURE_WITH_UNIT (LENGTH_MEASURE( 1.000000000000000082E-05 ), #1029, 'distance_accuracy_value', 'NONE');
#2269 = VECTOR ( 'NONE', #2075, 1000.000000000000000 ) ;
#2270 = SURFACE_STYLE_USAGE ( .BOTH. , #1463 ) ;
#2271 = LINE ( 'NONE', #2765, #1724 ) ;
#2272 = LINE ( 'NONE', #1446, #2583 ) ;
#2273 = VERTEX_POINT ( 'NONE', #3488 ) ;
#2274 = VERTEX_POINT ( 'NONE', #3224 ) ;
#2275 = VECTOR ( 'NONE', #2546, 1000.000000000000114 ) ;
#2276 = DIRECTION ( 'NONE',  ( -1.000000000000000000, 0.000000000000000000, 0.000000000000000000 ) ) ;
#2277 = DIRECTION ( 'NONE',  ( -1.000000000000000000, 0.000000000000000000, 0.000000000000000000 ) ) ;
#2278 = LINE ( 'NONE', #1761, #961 ) ;
#2279 = EDGE_CURVE ( 'NONE', #458, #230, #553, .T. ) ;
#2280 = CARTESIAN_POINT ( 'NONE',  ( 0.9921934257978403116, 0.5346999999999999531, -0.4878935680071291858 ) ) ;
#2281 = LINE ( 'NONE', #1498, #2692 ) ;
#2282 =( NAMED_UNIT ( * ) SI_UNIT ( $, .STERADIAN. ) SOLID_ANGLE_UNIT ( ) );
#2283 = CARTESIAN_POINT ( 'NONE',  ( 0.6603755216648599102, 0.5345999999999999641, -0.3768750000000000155 ) ) ;
#2284 = FACE_OUTER_BOUND ( 'NONE', #3126, .T. ) ;
#2285 = EDGE_LOOP ( 'NONE', ( #782, #351, #808, #2931 ) ) ;
#2286 = PRESENTATION_LAYER_ASSIGNMENT (  '', '', ( #1563 ) ) ;
#2287 = ORIENTED_EDGE ( 'NONE', *, *, #3397, .F. ) ;
#2288 = CARTESIAN_POINT ( 'NONE',  ( 0.5880344605344459685, 0.5345999999999999641, -0.4667599253043920315 ) ) ;
#2289 = DIRECTION ( 'NONE',  ( 0.000000000000000000, 0.000000000000000000, -1.000000000000000000 ) ) ;
#2290 =( NAMED_UNIT ( * ) PLANE_ANGLE_UNIT ( ) SI_UNIT ( $, .RADIAN. ) );
#2291 = FACE_OUTER_BOUND ( 'NONE', #1338, .T. ) ;
#2292 = AXIS2_PLACEMENT_3D ( 'NONE', #1110, #1374, #1647 ) ;
#2293 = COLOUR_RGB ( '',0.8980392156862745390, 0.9215686274509803377, 0.9294117647058823817 ) ;
#2294 = VECTOR ( 'NONE', #1269, 1000.000000000000000 ) ;
#2295 = PLANE ( 'NONE',  #675 ) ;
#2296 = VECTOR ( 'NONE', #2682, 1000.000000000000000 ) ;
#2297 = EDGE_CURVE ( 'NONE', #2310, #1652, #4, .T. ) ;
#2298 = LINE ( 'NONE', #1798, #362 ) ;
#2299 = CLOSED_SHELL ( 'NONE', ( #735, #188, #2992, #1539, #3213, #117, #1688, #2108, #1088, #750, #2196, #843, #2041 ) ) ;
#2300 = EDGE_LOOP ( 'NONE', ( #888, #575, #3178, #3143 ) ) ;
#2301 = ORIENTED_EDGE ( 'NONE', *, *, #2086, .T. ) ;
#2302 = CARTESIAN_POINT ( 'NONE',  ( 0.6603755216648599102, 0.5345999999999999641, -0.3768750000000000155 ) ) ;
#2303 = ORIENTED_EDGE ( 'NONE', *, *, #276, .T. ) ;
#2304 = LINE ( 'NONE', #390, #1022 ) ;
#2305 =( LENGTH_UNIT ( ) NAMED_UNIT ( * ) SI_UNIT ( .MILLI., .METRE. ) );
#2306 = FACE_OUTER_BOUND ( 'NONE', #2851, .T. ) ;
#2307 = LINE ( 'NONE', #1511, #2138 ) ;
#2308 = CARTESIAN_POINT ( 'NONE',  ( 1.099936050430405210, 0.5346999999999998421, -0.5193737388484154227 ) ) ;
#2309 = LINE ( 'NONE', #947, #848 ) ;
#2310 = VERTEX_POINT ( 'NONE', #1664 ) ;
#2311 = DIRECTION ( 'NONE',  ( 0.000000000000000000, 1.000000000000000000, 0.000000000000000000 ) ) ;
#2312 = PRESENTATION_STYLE_ASSIGNMENT (( #2270 ) ) ;
#2313 = FILL_AREA_STYLE_COLOUR ( '', #129 ) ;
#2314 = DIRECTION ( 'NONE',  ( 0.000000000000000000, 0.000000000000000000, 1.000000000000000000 ) ) ;
#2315 = ORIENTED_EDGE ( 'NONE', *, *, #2571, .T. ) ;
#2316 = ADVANCED_FACE ( 'NONE', ( #2543 ), #690, .T. ) ;
#2317 = VECTOR ( 'NONE', #3077, 1000.000000000000000 ) ;
#2318 = SHAPE_DEFINITION_REPRESENTATION ( #1708, #3014 ) ;
#2319 = VERTEX_POINT ( 'NONE', #2559 ) ;
#2320 = CARTESIAN_POINT ( 'NONE',  ( 0.8244779899190651795, 0.5345999999999999641, -0.4333628294352412369 ) ) ;
#2321 = STYLED_ITEM ( 'NONE', ( #3321 ), #2020 ) ;
#2322 = VERTEX_POINT ( 'NONE', #2201 ) ;
#2323 = LINE ( 'NONE', #372, #2031 ) ;
#2324 = SURFACE_STYLE_USAGE ( .BOTH. , #2873 ) ;
#2325 = VECTOR ( 'NONE', #3055, 1000.000000000000000 ) ;
#2326 = UNCERTAINTY_MEASURE_WITH_UNIT (LENGTH_MEASURE( 1.000000000000000082E-05 ), #2334, 'distance_accuracy_value', 'NONE');
#2327 = CARTESIAN_POINT ( 'NONE',  ( 1.032266857320688791, 0.5346999999999999531, -0.5265488533792126447 ) ) ;
#2328 = EDGE_CURVE ( 'NONE', #1978, #1384, #164, .T. ) ;
#2329 = ORIENTED_EDGE ( 'NONE', *, *, #2361, .T. ) ;
#2330 =( BOUNDED_SURFACE ( )  B_SPLINE_SURFACE ( 3, 1, ( 
 ( #1781, #2602 ),
 ( #2021, #2349 ),
 ( #2089, #2847 ),
 ( #435, #710 ) ),
 .UNSPECIFIED., .F., .F., .F. ) 
 B_SPLINE_SURFACE_WITH_KNOTS ( ( 4, 4 ),
 ( 2, 2 ),
 ( 0.000000000000000000, 0.4999999950004019311 ),
 ( 0.000000000000000000, 1.000000000000000000 ),
 .UNSPECIFIED. ) 
 GEOMETRIC_REPRESENTATION_ITEM ( )  RATIONAL_B_SPLINE_SURFACE ( (
 ( 1.000000000000000000, 1.000000000000000000),
 ( 0.3333333333333333703, 0.3333333333333333703),
 ( 0.3333333333333333703, 0.3333333333333333703),
 ( 1.000000000000000000, 1.000000000000000000) ) ) 
 REPRESENTATION_ITEM ( '' )  SURFACE ( )  );
#2331 = SURFACE_STYLE_USAGE ( .BOTH. , #1000 ) ;
#2332 = FILL_AREA_STYLE_COLOUR ( '', #791 ) ;
#2333 = ORIENTED_EDGE ( 'NONE', *, *, #770, .F. ) ;
#2334 =( LENGTH_UNIT ( ) NAMED_UNIT ( * ) SI_UNIT ( .MILLI., .METRE. ) );
#2335 = EDGE_CURVE ( 'NONE', #591, #564, #413, .T. ) ;
#2336 = EDGE_LOOP ( 'NONE', ( #1168, #1946, #1293, #2937 ) ) ;
#2337 = AXIS2_PLACEMENT_3D ( 'NONE', #1105, #287, #2182 ) ;
#2338 = PLANE ( 'NONE',  #2883 ) ;
#2339 = COLOUR_RGB ( '',0.8980392156862745390, 0.9215686274509803377, 0.9294117647058823817 ) ;
#2340 = EDGE_LOOP ( 'NONE', ( #3058, #1610, #3108, #3463 ) ) ;
#2341 = PLANE ( 'NONE',  #2496 ) ;
#2342 =( LENGTH_UNIT ( ) NAMED_UNIT ( * ) SI_UNIT ( .MILLI., .METRE. ) );
#2343 = CARTESIAN_POINT ( 'NONE',  ( -0.02193548387096774452, 0.5191999999999999948, -0.9000000000000000222 ) ) ;
#2344 = COLOUR_RGB ( '',0.8980392156862745390, 0.9215686274509803377, 0.9294117647058823817 ) ;
#2345 = ORIENTED_EDGE ( 'NONE', *, *, #2850, .F. ) ;
#2346 = CARTESIAN_POINT ( 'NONE',  ( 0.6739538897279853114, 0.5345999999999999641, -0.5265488533792125336 ) ) ;
#2347 = PLANE ( 'NONE',  #1956 ) ;
#2348 = MECHANICAL_DESIGN_GEOMETRIC_PRESENTATION_REPRESENTATION (  '', ( #2581 ), #1849 ) ;
#2349 = CARTESIAN_POINT ( 'NONE',  ( 1.035674145095251797, 0.5346999999999999531, -0.3840501145307970710 ) ) ;
#2350 =( NAMED_UNIT ( * ) SI_UNIT ( $, .STERADIAN. ) SOLID_ANGLE_UNIT ( ) );
#2351 = VECTOR ( 'NONE', #2982, 1000.000000000000000 ) ;
#2352 = EDGE_CURVE ( 'NONE', #2767, #16, #864, .T. ) ;
#2353 = EDGE_CURVE ( 'NONE', #713, #2816, #2281, .T. ) ;
#2354 = ORIENTED_EDGE ( 'NONE', *, *, #3382, .T. ) ;
#2355 = CARTESIAN_POINT ( 'NONE',  ( 0.8173428384180279060, 0.5345999999999999641, -0.5265488533792125336 ) ) ;
#2356 = DIRECTION ( 'NONE',  ( -1.000000000000000000, 0.000000000000000000, -1.611334238267514646E-15 ) ) ;
#2357 = ORIENTED_EDGE ( 'NONE', *, *, #3382, .F. ) ;
#2358 = CARTESIAN_POINT ( 'NONE',  ( 0.3780645161290323020, 0.5345999999999999641, 0.000000000000000000 ) ) ;
#2359 = STYLED_ITEM ( 'NONE', ( #1024 ), #513 ) ;
#2360 = ORIENTED_EDGE ( 'NONE', *, *, #2511, .F. ) ;
#2361 = EDGE_CURVE ( 'NONE', #646, #533, #2309, .T. ) ;
#2362 = DIRECTION ( 'NONE',  ( -1.000000000000000000, 0.000000000000000000, 0.000000000000000000 ) ) ;
#2363 = UNCERTAINTY_MEASURE_WITH_UNIT (LENGTH_MEASURE( 1.000000000000000082E-05 ), #1135, 'distance_accuracy_value', 'NONE');
#2364 = CARTESIAN_POINT ( 'NONE',  ( 1.138881578647107595, 0.5346999999999999531, -0.5016032111493438084 ) ) ;
#2365 = ORIENTED_EDGE ( 'NONE', *, *, #1122, .F. ) ;
#2366 =( GEOMETRIC_REPRESENTATION_CONTEXT ( 3 ) GLOBAL_UNCERTAINTY_ASSIGNED_CONTEXT ( ( #3153 ) ) GLOBAL_UNIT_ASSIGNED_CONTEXT ( ( #1738, #3148, #2593 ) ) REPRESENTATION_CONTEXT ( 'NONE', 'WORKASPACE' ) );
#2367 = CARTESIAN_POINT ( 'NONE',  ( 0.9967286168785487455, 0.5345999999999999641, -0.4517119266896063023 ) ) ;
#2368 = CARTESIAN_POINT ( 'NONE',  ( 0.6185244016848174820, 0.5345999999999999641, -0.3768750000000000155 ) ) ;
#2369 = CARTESIAN_POINT ( 'NONE',  ( 1.656129032258064404, 0.000000000000000000, -0.9000000000000000222 ) ) ;
#2370 = FACE_OUTER_BOUND ( 'NONE', #1665, .T. ) ;
#2371 = FACE_OUTER_BOUND ( 'NONE', #2894, .T. ) ;
#2372 = VERTEX_POINT ( 'NONE', #1677 ) ;
#2373 =( NAMED_UNIT ( * ) SI_UNIT ( $, .STERADIAN. ) SOLID_ANGLE_UNIT ( ) );
#2374 = CARTESIAN_POINT ( 'NONE',  ( 0.5151170298900759059, 0.5346999999999999531, -0.5265488533792125336 ) ) ;
#2375 = FILL_AREA_STYLE ('',( #3493 ) ) ;
#2376 = ORIENTED_EDGE ( 'NONE', *, *, #2974, .F. ) ;
#2377 = PRESENTATION_LAYER_ASSIGNMENT (  '', '', ( #1931 ) ) ;
#2378 = FILL_AREA_STYLE ('',( #1013 ) ) ;
#2379 = DIRECTION ( 'NONE',  ( 1.000000000000000000, 0.000000000000000000, 0.000000000000000000 ) ) ;
#2380 = CARTESIAN_POINT ( 'NONE',  ( 0.8646532991793240974, 0.5345999999999999641, -0.3768750000000000155 ) ) ;
#2381 = EDGE_CURVE ( 'NONE', #2116, #3022, #1145, .T. ) ;
#2382 = VERTEX_POINT ( 'NONE', #880 ) ;
#2383 = COLOUR_RGB ( '',0.8509803921568627194, 0.8509803921568627194, 0.8509803921568627194 ) ;
#2384 = PLANE ( 'NONE',  #995 ) ;
#2385 = CARTESIAN_POINT ( 'NONE',  ( 0.4599999999999999645, 0.5191999999999999948, -0.9000000000000000222 ) ) ;
#2386 = CARTESIAN_POINT ( 'NONE',  ( 0.9967286168785491896, 0.5346999999999999531, -0.4517119266896062468 ) ) ;
#2387 = DIRECTION ( 'NONE',  ( 1.000000000000000000, 0.000000000000000000, 0.000000000000000000 ) ) ;
#2388 = CARTESIAN_POINT ( 'NONE',  ( 0.8124387813336694242, 0.5345999999999999641, -0.4692009540048023841 ) ) ;
#2389 = ORIENTED_EDGE ( 'NONE', *, *, #212, .F. ) ;
#2390 = EDGE_LOOP ( 'NONE', ( #1940, #729, #2223, #2050, #354, #1857, #63, #631 ) ) ;
#2391 = FACE_OUTER_BOUND ( 'NONE', #559, .T. ) ;
#2392 = ORIENTED_EDGE ( 'NONE', *, *, #939, .T. ) ;
#2393 = LINE ( 'NONE', #3442, #577 ) ;
#2394 = VECTOR ( 'NONE', #1341, 1000.000000000000000 ) ;
#2395 = LINE ( 'NONE', #483, #204 ) ;
#2396 = DIRECTION ( 'NONE',  ( 0.000000000000000000, 0.000000000000000000, 1.000000000000000000 ) ) ;
#2397 = MECHANICAL_DESIGN_GEOMETRIC_PRESENTATION_REPRESENTATION (  '', ( #779 ), #892 ) ;
#2398 = EDGE_CURVE ( 'NONE', #1307, #3271, #589, .T. ) ;
#2399 = ORIENTED_EDGE ( 'NONE', *, *, #2428, .T. ) ;
#2400 = CARTESIAN_POINT ( 'NONE',  ( 0.7845366261063888569, 0.5345999999999999641, -0.4519200433913762582 ) ) ;
#2401 = PLANE ( 'NONE',  #1512 ) ;
#2402 = STYLED_ITEM ( 'NONE', ( #1917 ), #1291 ) ;
#2403 = DIRECTION ( 'NONE',  ( 3.520136923654273707E-15, -1.000000000000000000, -0.000000000000000000 ) ) ;
#2404 = CARTESIAN_POINT ( 'NONE',  ( 1.138881578647107817, 0.5346999999999999531, -0.4517119266896063023 ) ) ;
#2405 = DIRECTION ( 'NONE',  ( 0.000000000000000000, 1.000000000000000000, 0.000000000000000000 ) ) ;
#2406 = EDGE_CURVE ( 'NONE', #1468, #6, #2015, .T. ) ;
#2407 = DIRECTION ( 'NONE',  ( 1.000000000000000000, 0.000000000000000000, 0.000000000000000000 ) ) ;
#2408 = ORIENTED_EDGE ( 'NONE', *, *, #839, .F. ) ;
#2409 = PRESENTATION_LAYER_ASSIGNMENT (  '', '', ( #2641 ) ) ;
#2410 = ORIENTED_EDGE ( 'NONE', *, *, #2080, .F. ) ;
#2411 = CARTESIAN_POINT ( 'NONE',  ( 0.8646532991793234313, 0.5345999999999999641, -0.4865027169182385980 ) ) ;
#2412 = VECTOR ( 'NONE', #2011, 1000.000000000000000 ) ;
#2413 = ORIENTED_EDGE ( 'NONE', *, *, #653, .F. ) ;
#2414 = SURFACE_STYLE_FILL_AREA ( #2697 ) ;
#2415 = EDGE_LOOP ( 'NONE', ( #3167, #2413, #1564, #1093 ) ) ;
#2416 = LINE ( 'NONE', #2159, #1972 ) ;
#2417 =( GEOMETRIC_REPRESENTATION_CONTEXT ( 3 ) GLOBAL_UNCERTAINTY_ASSIGNED_CONTEXT ( ( #542 ) ) GLOBAL_UNIT_ASSIGNED_CONTEXT ( ( #476, #2866, #2350 ) ) REPRESENTATION_CONTEXT ( 'NONE', 'WORKASPACE' ) );
#2418 = DIRECTION ( 'NONE',  ( 1.000000000000000000, 0.000000000000000000, 0.000000000000000000 ) ) ;
#2419 = ORIENTED_EDGE ( 'NONE', *, *, #2755, .T. ) ;
#2420 = DIRECTION ( 'NONE',  ( 0.000000000000000000, 0.000000000000000000, 1.000000000000000000 ) ) ;
#2421 = DIRECTION ( 'NONE',  ( 0.000000000000000000, 0.000000000000000000, -1.000000000000000000 ) ) ;
#2422 = LINE ( 'NONE', #3500, #3093 ) ;
#2423 = CARTESIAN_POINT ( 'NONE',  ( 0.8173815710097810383, 0.5345999999999999641, -0.4865027169182385980 ) ) ;
#2424 = LINE ( 'NONE', #861, #612 ) ;
#2425 = LINE ( 'NONE', #2727, #1734 ) ;
#2426 = FACE_OUTER_BOUND ( 'NONE', #2614, .T. ) ;
#2427 = EDGE_LOOP ( 'NONE', ( #196, #1871, #519, #609 ) ) ;
#2428 = EDGE_CURVE ( 'NONE', #591, #987, #3034, .T. ) ;
#2429 = ORIENTED_EDGE ( 'NONE', *, *, #2817, .T. ) ;
#2430 = DIRECTION ( 'NONE',  ( 0.000000000000000000, 1.000000000000000000, 0.000000000000000000 ) ) ;
#2431 = CARTESIAN_POINT ( 'NONE',  ( 1.278064516129032047, 0.5346000000000000751, -0.9000000000000000222 ) ) ;
#2432 = VERTEX_POINT ( 'NONE', #348 ) ;
#2433 = CARTESIAN_POINT ( 'NONE',  ( 0.9967286168785487455, 0.5346999999999999531, -0.6013857800688187094 ) ) ;
#2434 = LINE ( 'NONE', #2120, #2123 ) ;
#2435 =( GEOMETRIC_REPRESENTATION_CONTEXT ( 3 ) GLOBAL_UNCERTAINTY_ASSIGNED_CONTEXT ( ( #2363 ) ) GLOBAL_UNIT_ASSIGNED_CONTEXT ( ( #1135, #340, #2788 ) ) REPRESENTATION_CONTEXT ( 'NONE', 'WORKASPACE' ) );
#2436 = ORIENTED_EDGE ( 'NONE', *, *, #2086, .F. ) ;
#2437 = FILL_AREA_STYLE ('',( #1366 ) ) ;
#2438 = DIRECTION ( 'NONE',  ( 1.000000000000000000, 0.000000000000000000, 0.000000000000000000 ) ) ;
#2439 = CARTESIAN_POINT ( 'NONE',  ( 1.032266857320688791, 0.5345999999999998531, -0.3768749999999998490 ) ) ;
#2440 = ADVANCED_FACE ( 'NONE', ( #2291 ), #3380, .T. ) ;
#2441 =( GEOMETRIC_REPRESENTATION_CONTEXT ( 3 ) GLOBAL_UNCERTAINTY_ASSIGNED_CONTEXT ( ( #133 ) ) GLOBAL_UNIT_ASSIGNED_CONTEXT ( ( #1215, #148, #3054 ) ) REPRESENTATION_CONTEXT ( 'NONE', 'WORKASPACE' ) );
#2442 =( NAMED_UNIT ( * ) SI_UNIT ( $, .STERADIAN. ) SOLID_ANGLE_UNIT ( ) );
#2443 = PLANE ( 'NONE',  #1290 ) ;
#2444 = ORIENTED_EDGE ( 'NONE', *, *, #676, .T. ) ;
#2445 = ORIENTED_EDGE ( 'NONE', *, *, #2663, .T. ) ;
#2446 = FILL_AREA_STYLE_COLOUR ( '', #2717 ) ;
#2447 = CARTESIAN_POINT ( 'NONE',  ( 0.8173815710097810383, 0.5346999999999999531, -0.4865027169182385980 ) ) ;
#2448 = EDGE_CURVE ( 'NONE', #2750, #481, #706, .T. ) ;
#2449 = EDGE_LOOP ( 'NONE', ( #2287, #2785, #419, #3297 ) ) ;
#2450 =( BOUNDED_CURVE ( )  B_SPLINE_CURVE ( 3, ( #2386, #3467, #1354, #1051, #2688, #2128, #2404 ),
 .UNSPECIFIED., .F., .F. ) 
 B_SPLINE_CURVE_WITH_KNOTS ( ( 4, 3, 4 ),
 ( 0.7500000000000002220, 1.000000000000000000, 1.250000000000000000 ),
 .UNSPECIFIED. ) 
 CURVE ( )  GEOMETRIC_REPRESENTATION_ITEM ( )  RATIONAL_B_SPLINE_CURVE ( ( 0.5000000000000000000, 0.5000000000000003331, 0.6666666666666669627, 1.000000000000000000, 0.6666666666666667407, 0.5000000000000000000, 0.5000000000000000000 ) ) 
 REPRESENTATION_ITEM ( '' )  );
#2451 = CARTESIAN_POINT ( 'NONE',  ( 1.278064516129032047, 0.5191999999999999948, -0.9000000000000000222 ) ) ;
#2452 = CARTESIAN_POINT ( 'NONE',  ( -0.000000000000000000, 0.000000000000000000, 0.000000000000000000 ) ) ;
#2453 = EDGE_CURVE ( 'NONE', #610, #2104, #1794, .T. ) ;
#2454 = LINE ( 'NONE', #32, #2252 ) ;
#2455 = PRESENTATION_LAYER_ASSIGNMENT (  '', '', ( #1791 ) ) ;
#2456 = ORIENTED_EDGE ( 'NONE', *, *, #2406, .F. ) ;
#2457 = SURFACE_STYLE_FILL_AREA ( #2437 ) ;
#2458 = MECHANICAL_DESIGN_GEOMETRIC_PRESENTATION_REPRESENTATION (  '', ( #492 ), #2441 ) ;
#2459 = AXIS2_PLACEMENT_3D ( 'NONE', #2756, #893, #2990 ) ;
#2460 = DIRECTION ( 'NONE',  ( 0.000000000000000000, 0.000000000000000000, 1.000000000000000000 ) ) ;
#2461 = CARTESIAN_POINT ( 'NONE',  ( -1.592421940838084637E-16, 0.5038000000000001366, -0.9000000000000000222 ) ) ;
#2462 = VECTOR ( 'NONE', #1151, 1000.000000000000000 ) ;
#2463 = ORIENTED_EDGE ( 'NONE', *, *, #2352, .F. ) ;
#2464 = EDGE_LOOP ( 'NONE', ( #2301, #1412, #1393, #3282 ) ) ;
#2465 = LINE ( 'NONE', #854, #2212 ) ;
#2466 = CARTESIAN_POINT ( 'NONE',  ( 0.9921934257978403116, 0.5346999999999999531, -0.3768750000000000155 ) ) ;
#2467 = EDGE_CURVE ( 'NONE', #3141, #387, #543, .T. ) ;
#2468 = ORIENTED_EDGE ( 'NONE', *, *, #1575, .F. ) ;
#2469 = VECTOR ( 'NONE', #468, 1000.000000000000114 ) ;
#2470 = COLOUR_RGB ( '',0.7921568627450980005, 0.8196078431372548767, 0.9333333333333333481 ) ;
#2471 = LINE ( 'NONE', #1137, #1606 ) ;
#2472 = STYLED_ITEM ( 'NONE', ( #2069 ), #234 ) ;
#2473 = CARTESIAN_POINT ( 'NONE',  ( 0.7462663575337484811, 0.5345999999999998531, -0.4517119266896063023 ) ) ;
#2474 = LINE ( 'NONE', #1873, #2296 ) ;
#2475 = EDGE_CURVE ( 'NONE', #219, #936, #996, .T. ) ;
#2476 = PLANE ( 'NONE',  #502 ) ;
#2477 = CARTESIAN_POINT ( 'NONE',  ( 1.067805097762828392, 0.5346999999999999531, -0.4855428327690108348 ) ) ;
#2478 = DIRECTION ( 'NONE',  ( 0.000000000000000000, 1.000000000000000000, 0.000000000000000000 ) ) ;
#2479 = DIRECTION ( 'NONE',  ( 0.000000000000000000, 0.000000000000000000, -1.000000000000000000 ) ) ;
#2480 = CARTESIAN_POINT ( 'NONE',  ( 0.8844775060546001821, 0.5345999999999999641, -0.3768750000000000155 ) ) ;
#2481 = ORIENTED_EDGE ( 'NONE', *, *, #1227, .F. ) ;
#2482 = ORIENTED_EDGE ( 'NONE', *, *, #3146, .F. ) ;
#2483 = STYLED_ITEM ( 'NONE', ( #1546 ), #496 ) ;
#2484 = DIRECTION ( 'NONE',  ( 0.000000000000000000, 0.000000000000000000, 1.000000000000000000 ) ) ;
#2485 = ORIENTED_EDGE ( 'NONE', *, *, #1356, .F. ) ;
#2486 = ORIENTED_EDGE ( 'NONE', *, *, #2580, .F. ) ;
#2487 = FILL_AREA_STYLE ('',( #1058 ) ) ;
#2488 = EDGE_CURVE ( 'NONE', #1960, #1292, #1859, .T. ) ;
#2489 =( NAMED_UNIT ( * ) SI_UNIT ( $, .STERADIAN. ) SOLID_ANGLE_UNIT ( ) );
#2490 = CARTESIAN_POINT ( 'NONE',  ( 1.278064516129032047, 0.5346000000000000751, -0.9000000000000000222 ) ) ;
#2491 = DIRECTION ( 'NONE',  ( 0.000000000000000000, 1.000000000000000000, 0.000000000000000000 ) ) ;
#2492 = CARTESIAN_POINT ( 'NONE',  ( 0.6693367468514946905, 0.5345999999999999641, -0.3980984844777932796 ) ) ;
#2493 = VECTOR ( 'NONE', #1966, 1000.000000000000000 ) ;
#2494 = EDGE_CURVE ( 'NONE', #2834, #772, #2668, .T. ) ;
#2495 = DIRECTION ( 'NONE',  ( 0.000000000000000000, 0.000000000000000000, 1.000000000000000000 ) ) ;
#2496 = AXIS2_PLACEMENT_3D ( 'NONE', #3182, #2912, #2648 ) ;
#2497 = SURFACE_STYLE_USAGE ( .BOTH. , #197 ) ;
#2498 = SURFACE_STYLE_USAGE ( .BOTH. , #1358 ) ;
#2499 = SURFACE_STYLE_USAGE ( .BOTH. , #2220 ) ;
#2500 = PRESENTATION_LAYER_ASSIGNMENT (  '', '', ( #14 ) ) ;
#2501 = CARTESIAN_POINT ( 'NONE',  ( 0.8646532991793240974, 0.5346999999999999531, -0.4692009540048023841 ) ) ;
#2502 = ORIENTED_EDGE ( 'NONE', *, *, #1965, .F. ) ;
#2503 = ORIENTED_EDGE ( 'NONE', *, *, #132, .F. ) ;
#2504 = FACE_OUTER_BOUND ( 'NONE', #2549, .T. ) ;
#2505 = EDGE_LOOP ( 'NONE', ( #2100, #2124, #2333, #1981, #3163, #1134, #5, #1848 ) ) ;
#2506 = FACE_OUTER_BOUND ( 'NONE', #1860, .T. ) ;
#2507 = DIRECTION ( 'NONE',  ( 0.000000000000000000, 0.000000000000000000, -1.000000000000000000 ) ) ;
#2508 = LINE ( 'NONE', #3063, #332 ) ;
#2509 = SURFACE_STYLE_USAGE ( .BOTH. , #2941 ) ;
#2510 = DIRECTION ( 'NONE',  ( 0.000000000000000000, 1.000000000000000000, 0.000000000000000000 ) ) ;
#2511 = EDGE_CURVE ( 'NONE', #259, #564, #3462, .T. ) ;
#2512 = AXIS2_PLACEMENT_3D ( 'NONE', #2237, #1697, #2460 ) ;
#2513 = VECTOR ( 'NONE', #1098, 1000.000000000000000 ) ;
#2514 = DIRECTION ( 'NONE',  ( 0.000000000000000000, -1.000000000000000000, 0.000000000000000000 ) ) ;
#2515 = LINE ( 'NONE', #881, #2893 ) ;
#2516 = CARTESIAN_POINT ( 'NONE',  ( 0.7245942471361694892, 0.5345999999999999641, -0.3768750000000000155 ) ) ;
#2517 = ORIENTED_EDGE ( 'NONE', *, *, #3459, .T. ) ;
#2518 = EDGE_LOOP ( 'NONE', ( #1814, #2482, #2606, #2056 ) ) ;
#2519 = ADVANCED_FACE ( 'NONE', ( #1280 ), #2634, .F. ) ;
#2520 = FILL_AREA_STYLE_COLOUR ( '', #3027 ) ;
#2521 = VERTEX_POINT ( 'NONE', #1313 ) ;
#2522 = FILL_AREA_STYLE_COLOUR ( '', #11 ) ;
#2523 = VECTOR ( 'NONE', #3122, 1000.000000000000000 ) ;
#2524 = LINE ( 'NONE', #2058, #694 ) ;
#2525 = CARTESIAN_POINT ( 'NONE',  ( 0.8244779899190651795, 0.5345999999999999641, -0.4181541956139930294 ) ) ;
#2526 = MECHANICAL_DESIGN_GEOMETRIC_PRESENTATION_REPRESENTATION (  '', ( #2805 ), #2016 ) ;
#2527 = LINE ( 'NONE', #1776, #2754 ) ;
#2528 = VECTOR ( 'NONE', #2764, 1000.000000000000000 ) ;
#2529 = PLANE ( 'NONE',  #3097 ) ;
#2530 = SURFACE_SIDE_STYLE ('',( #677 ) ) ;
#2531 = DIRECTION ( 'NONE',  ( 0.000000000000000000, 1.000000000000000000, 0.000000000000000000 ) ) ;
#2532 = PRESENTATION_LAYER_ASSIGNMENT (  '', '', ( #2255 ) ) ;
#2533 = LINE ( 'NONE', #3056, #1692 ) ;
#2534 = VERTEX_POINT ( 'NONE', #251 ) ;
#2535 = ORIENTED_EDGE ( 'NONE', *, *, #378, .T. ) ;
#2536 = EDGE_CURVE ( 'NONE', #2534, #1121, #981, .T. ) ;
#2537 = CARTESIAN_POINT ( 'NONE',  ( 0.8040282638309872443, 0.5345999999999999641, -0.4133895661101921193 ) ) ;
#2538 =( GEOMETRIC_REPRESENTATION_CONTEXT ( 3 ) GLOBAL_UNCERTAINTY_ASSIGNED_CONTEXT ( ( #1312 ) ) GLOBAL_UNIT_ASSIGNED_CONTEXT ( ( #3439, #2610, #2373 ) ) REPRESENTATION_CONTEXT ( 'NONE', 'WORKASPACE' ) );
#2539 = CARTESIAN_POINT ( 'NONE',  ( 0.6823747358842887634, 0.5346999999999999531, -0.4344952741022945486 ) ) ;
#2540 =( NAMED_UNIT ( * ) SI_UNIT ( $, .STERADIAN. ) SOLID_ANGLE_UNIT ( ) );
#2541 = CARTESIAN_POINT ( 'NONE',  ( 1.067805097762828392, 0.5345999999999999641, -0.4178810206102016589 ) ) ;
#2542 = UNCERTAINTY_MEASURE_WITH_UNIT (LENGTH_MEASURE( 1.000000000000000082E-05 ), #3283, 'distance_accuracy_value', 'NONE');
#2543 = FACE_OUTER_BOUND ( 'NONE', #1905, .T. ) ;
#2544 = FILL_AREA_STYLE_COLOUR ( '', #950 ) ;
#2545 = VECTOR ( 'NONE', #3340, 1000.000000000000000 ) ;
#2546 = DIRECTION ( 'NONE',  ( 0.3889793462475059083, 0.000000000000000000, -0.9212464752675382229 ) ) ;
#2547 = DIRECTION ( 'NONE',  ( 0.3889793462475059083, 0.000000000000000000, 0.9212464752675382229 ) ) ;
#2548 = ORIENTED_EDGE ( 'NONE', *, *, #982, .F. ) ;
#2549 = EDGE_LOOP ( 'NONE', ( #2445, #2867, #3147, #2801, #2955, #3242, #2988, #3200, #1287, #182, #3183, #243 ) ) ;
#2550 = DIRECTION ( 'NONE',  ( 0.000000000000000000, 0.000000000000000000, -1.000000000000000000 ) ) ;
#2551 = FILL_AREA_STYLE_COLOUR ( '', #1139 ) ;
#2552 = PRESENTATION_LAYER_ASSIGNMENT (  '', '', ( #76 ) ) ;
#2553 = CARTESIAN_POINT ( 'NONE',  ( 0.5657232049947971131, 0.5345999999999999641, -0.3768750000000000155 ) ) ;
#2554 = ADVANCED_FACE ( 'NONE', ( #2651 ), #1016, .T. ) ;
#2555 = CARTESIAN_POINT ( 'NONE',  ( 0.7025950329167406361, 0.5345999999999999641, -0.4344952741022945486 ) ) ;
#2556 = EDGE_CURVE ( 'NONE', #578, #1599, #752, .T. ) ;
#2557 = CARTESIAN_POINT ( 'NONE',  ( 1.035674145095251575, 0.5345999999999999641, -0.4291579893033365956 ) ) ;
#2558 = CARTESIAN_POINT ( 'NONE',  ( -1.592421940838084637E-16, 0.5038000000000001366, 0.000000000000000000 ) ) ;
#2559 = CARTESIAN_POINT ( 'NONE',  ( 0.7245942471361694892, 0.5345999999999999641, -0.3768750000000000155 ) ) ;
#2560 = LINE ( 'NONE', #1214, #1119 ) ;
#2561 = FILL_AREA_STYLE ('',( #1780 ) ) ;
#2562 = SURFACE_STYLE_USAGE ( .BOTH. , #1230 ) ;
#2563 = EDGE_LOOP ( 'NONE', ( #2565, #3298, #171, #2186 ) ) ;
#2564 =( GEOMETRIC_REPRESENTATION_CONTEXT ( 3 ) GLOBAL_UNCERTAINTY_ASSIGNED_CONTEXT ( ( #931 ) ) GLOBAL_UNIT_ASSIGNED_CONTEXT ( ( #3096, #941, #444 ) ) REPRESENTATION_CONTEXT ( 'NONE', 'WORKASPACE' ) );
#2565 = ORIENTED_EDGE ( 'NONE', *, *, #3355, .F. ) ;
#2566 = CARTESIAN_POINT ( 'NONE',  ( 0.7245942471361694892, 0.5346999999999999531, -0.3768750000000000155 ) ) ;
#2567 = AXIS2_PLACEMENT_3D ( 'NONE', #1174, #1707, #1654 ) ;
#2568 = VERTEX_POINT ( 'NONE', #509 ) ;
#2569 = SURFACE_STYLE_USAGE ( .BOTH. , #1190 ) ;
#2570 = PLANE ( 'NONE',  #1032 ) ;
#2571 = EDGE_CURVE ( 'NONE', #1732, #610, #235, .T. ) ;
#2572 = CARTESIAN_POINT ( 'NONE',  ( 0.8244779899190651795, 0.5345999999999999641, -0.4181541956139930294 ) ) ;
#2573 =( GEOMETRIC_REPRESENTATION_CONTEXT ( 3 ) GLOBAL_UNCERTAINTY_ASSIGNED_CONTEXT ( ( #3116 ) ) GLOBAL_UNIT_ASSIGNED_CONTEXT ( ( #2724, #2923, #1660 ) ) REPRESENTATION_CONTEXT ( 'NONE', 'WORKASPACE' ) );
#2574 = DIRECTION ( 'NONE',  ( 0.000000000000000000, -0.000000000000000000, -1.000000000000000000 ) ) ;
#2575 = FACE_OUTER_BOUND ( 'NONE', #1890, .T. ) ;
#2576 = FILL_AREA_STYLE_COLOUR ( '', #3069 ) ;
#2577 = UNCERTAINTY_MEASURE_WITH_UNIT (LENGTH_MEASURE( 1.000000000000000082E-05 ), #141, 'distance_accuracy_value', 'NONE');
#2578 =( NAMED_UNIT ( * ) SI_UNIT ( $, .STERADIAN. ) SOLID_ANGLE_UNIT ( ) );
#2579 = VECTOR ( 'NONE', #143, 1000.000000000000000 ) ;
#2580 = EDGE_CURVE ( 'NONE', #2771, #3127, #2897, .T. ) ;
#2581 = STYLED_ITEM ( 'NONE', ( #75 ), #1618 ) ;
#2582 = ORIENTED_EDGE ( 'NONE', *, *, #3267, .F. ) ;
#2583 = VECTOR ( 'NONE', #399, 1000.000000000000000 ) ;
#2584 = LINE ( 'NONE', #3137, #3477 ) ;
#2585 = VECTOR ( 'NONE', #2029, 1000.000000000000000 ) ;
#2586 =( BOUNDED_SURFACE ( )  B_SPLINE_SURFACE ( 3, 1, ( 
 ( #108, #31 ),
 ( #318, #1912 ),
 ( #1193, #1157 ),
 ( #2473, #1687 ) ),
 .UNSPECIFIED., .F., .F., .F. ) 
 B_SPLINE_SURFACE_WITH_KNOTS ( ( 4, 4 ),
 ( 2, 2 ),
 ( 0.7500000000037497783, 1.000000000000000000 ),
 ( 0.000000000000000000, 1.000000000000000000 ),
 .UNSPECIFIED. ) 
 GEOMETRIC_REPRESENTATION_ITEM ( )  RATIONAL_B_SPLINE_SURFACE ( (
 ( 0.5000000000000000000, 0.5000000000000000000),
 ( 0.5000000000049997784, 0.5000000000049997784),
 ( 0.6666666666716664080, 0.6666666666716664080),
 ( 1.000000000000000000, 1.000000000000000000) ) ) 
 REPRESENTATION_ITEM ( '' )  SURFACE ( )  );
#2587 = DIRECTION ( 'NONE',  ( 0.000000000000000000, 0.000000000000000000, -1.000000000000000000 ) ) ;
#2588 = CLOSED_SHELL ( 'NONE', ( #1618, #2062, #876, #1888, #2903, #268, #2929, #2821, #1999, #2640 ) ) ;
#2589 = ORIENTED_EDGE ( 'NONE', *, *, #1, .T. ) ;
#2590 = ORIENTED_EDGE ( 'NONE', *, *, #3486, .F. ) ;
#2591 = FILL_AREA_STYLE_COLOUR ( '', #2099 ) ;
#2592 = ORIENTED_EDGE ( 'NONE', *, *, #1031, .F. ) ;
#2593 =( NAMED_UNIT ( * ) SI_UNIT ( $, .STERADIAN. ) SOLID_ANGLE_UNIT ( ) );
#2594 = CARTESIAN_POINT ( 'NONE',  ( 0.8124387813336694242, 0.5345999999999999641, -0.4333628294352412369 ) ) ;
#2595 = DIRECTION ( 'NONE',  ( -1.000000000000000000, 0.000000000000000000, -0.000000000000000000 ) ) ;
#2596 = ADVANCED_FACE ( 'NONE', ( #484 ), #217, .T. ) ;
#2597 = CARTESIAN_POINT ( 'NONE',  ( 0.8646532991793234313, 0.5345999999999999641, -0.5265488533792125336 ) ) ;
#2598 = VERTEX_POINT ( 'NONE', #3446 ) ;
#2599 = SURFACE_STYLE_USAGE ( .BOTH. , #1797 ) ;
#2600 = EDGE_CURVE ( 'NONE', #860, #302, #1030, .T. ) ;
#2601 = FACE_OUTER_BOUND ( 'NONE', #3018, .T. ) ;
#2602 = CARTESIAN_POINT ( 'NONE',  ( 1.035674145095251575, 0.5347000000000000641, -0.4517119266896063023 ) ) ;
#2603 = ORIENTED_EDGE ( 'NONE', *, *, #1787, .T. ) ;
#2604 =( BOUNDED_CURVE ( )  B_SPLINE_CURVE ( 3, ( #2028, #2009, #463, #685 ),
 .UNSPECIFIED., .F., .F. ) 
 B_SPLINE_CURVE_WITH_KNOTS ( ( 4, 4 ),
 ( 0.5357290076124407996, 1.000000000000000000 ),
 .UNSPECIFIED. ) 
 CURVE ( )  GEOMETRIC_REPRESENTATION_ITEM ( )  RATIONAL_B_SPLINE_CURVE ( ( 0.9558867503804138188, 0.7795185758902161144, 0.7942229924300782118, 1.000000000000000000 ) ) 
 REPRESENTATION_ITEM ( '' )  );
#2605 = PRESENTATION_LAYER_ASSIGNMENT (  '', '', ( #2158 ) ) ;
#2606 = ORIENTED_EDGE ( 'NONE', *, *, #2600, .T. ) ;
#2607 = LINE ( 'NONE', #3368, #389 ) ;
#2608 = COLOUR_RGB ( '',0.8980392156862745390, 0.9215686274509803377, 0.9294117647058823817 ) ;
#2609 = ORIENTED_EDGE ( 'NONE', *, *, #1810, .T. ) ;
#2610 =( NAMED_UNIT ( * ) PLANE_ANGLE_UNIT ( ) SI_UNIT ( $, .RADIAN. ) );
#2611 = CARTESIAN_POINT ( 'NONE',  ( 1.656129032258064404, 0.000000000000000000, -0.9000000000000000222 ) ) ;
#2612 = PRESENTATION_LAYER_ASSIGNMENT (  '', '', ( #3347 ) ) ;
#2613 = AXIS2_PLACEMENT_3D ( 'NONE', #1730, #114, #2479 ) ;
#2614 = EDGE_LOOP ( 'NONE', ( #3367, #2485, #3073, #116 ) ) ;
#2615 = CARTESIAN_POINT ( 'NONE',  ( 0.6603755216648599102, 0.5346999999999999531, -0.3768750000000000155 ) ) ;
#2616 = UNCERTAINTY_MEASURE_WITH_UNIT (LENGTH_MEASURE( 1.000000000000000082E-05 ), #2305, 'distance_accuracy_value', 'NONE');
#2617 = DIRECTION ( 'NONE',  ( 0.000000000000000000, 1.000000000000000000, 0.000000000000000000 ) ) ;
#2618 = EDGE_LOOP ( 'NONE', ( #2152, #3226, #1681, #1684 ) ) ;
#2619 = CARTESIAN_POINT ( 'NONE',  ( 0.8173815710082488195, 0.5345999999999999641, -0.4865027169182388200 ) ) ;
#2620 = EDGE_CURVE ( 'NONE', #2382, #1788, #1329, .T. ) ;
#2621 = DIRECTION ( 'NONE',  ( 1.000000000000000000, 0.000000000000000000, 0.000000000000000000 ) ) ;
#2622 = CARTESIAN_POINT ( 'NONE',  ( 0.5657232049947971131, 0.5345999999999999641, -0.3768750000000000155 ) ) ;
#2623 = ORIENTED_EDGE ( 'NONE', *, *, #1840, .F. ) ;
#2624 = PLANE ( 'NONE',  #3177 ) ;
#2625 = VECTOR ( 'NONE', #353, 1000.000000000000000 ) ;
#2626 = ORIENTED_EDGE ( 'NONE', *, *, #1243, .T. ) ;
#2627 = EDGE_CURVE ( 'NONE', #456, #1560, #180, .T. ) ;
#2628 =( GEOMETRIC_REPRESENTATION_CONTEXT ( 3 ) GLOBAL_UNCERTAINTY_ASSIGNED_CONTEXT ( ( #1485 ) ) GLOBAL_UNIT_ASSIGNED_CONTEXT ( ( #127, #113, #2282 ) ) REPRESENTATION_CONTEXT ( 'NONE', 'WORKASPACE' ) );
#2629 = CARTESIAN_POINT ( 'NONE',  ( 0.9921934257978403116, 0.5346999999999999531, -0.4878935680071291858 ) ) ;
#2630 = VECTOR ( 'NONE', #3461, 1000.000000000000000 ) ;
#2631 = ORIENTED_EDGE ( 'NONE', *, *, #3355, .T. ) ;
#2632 = ORIENTED_EDGE ( 'NONE', *, *, #1371, .T. ) ;
#2633 = FILL_AREA_STYLE ('',( #1311 ) ) ;
#2634 = PLANE ( 'NONE',  #218 ) ;
#2635 = VECTOR ( 'NONE', #2704, 1000.000000000000000 ) ;
#2636 = ORIENTED_EDGE ( 'NONE', *, *, #3145, .T. ) ;
#2637 = LINE ( 'NONE', #2088, #1153 ) ;
#2638 = VECTOR ( 'NONE', #1423, 1000.000000000000000 ) ;
#2639 = CARTESIAN_POINT ( 'NONE',  ( 0.9849538863347389039, 0.5345999999999999641, -0.4350052048712551023 ) ) ;
#2640 = ADVANCED_FACE ( 'NONE', ( #563 ), #320, .T. ) ;
#2641 = STYLED_ITEM ( 'NONE', ( #2160 ), #2640 ) ;
#2642 = CARTESIAN_POINT ( 'NONE',  ( 1.196129032258064440, 0.000000000000000000, -0.9000000000000000222 ) ) ;
#2643 = ORIENTED_EDGE ( 'NONE', *, *, #1459, .F. ) ;
#2644 = CARTESIAN_POINT ( 'NONE',  ( 0.8124387813336694242, 0.5345999999999999641, -0.4692009540048023841 ) ) ;
#2645 = PLANE ( 'NONE',  #2178 ) ;
#2646 = EDGE_CURVE ( 'NONE', #866, #2598, #3009, .T. ) ;
#2647 = ORIENTED_EDGE ( 'NONE', *, *, #1828, .F. ) ;
#2648 = DIRECTION ( 'NONE',  ( 0.000000000000000000, 0.000000000000000000, -1.000000000000000000 ) ) ;
#2649 = ORIENTED_EDGE ( 'NONE', *, *, #839, .T. ) ;
#2650 = CARTESIAN_POINT ( 'NONE',  ( 0.000000000000000000, 0.5038000000000001366, 0.000000000000000000 ) ) ;
#2651 = FACE_OUTER_BOUND ( 'NONE', #1569, .T. ) ;
#2652 = ORIENTED_EDGE ( 'NONE', *, *, #2808, .F. ) ;
#2653 = STYLED_ITEM ( 'NONE', ( #2838 ), #488 ) ;
#2654 = FILL_AREA_STYLE_COLOUR ( '', #2293 ) ;
#2655 = LINE ( 'NONE', #1812, #980 ) ;
#2656 = CARTESIAN_POINT ( 'NONE',  ( 1.678064516129031958, -0.01539999999999995713, -0.9000000000000000222 ) ) ;
#2657 = LINE ( 'NONE', #1176, #525 ) ;
#2658 = CARTESIAN_POINT ( 'NONE',  ( 0.9261082054436873268, 0.5345999999999999641, -0.4350052048712551023 ) ) ;
#2659 = ORIENTED_EDGE ( 'NONE', *, *, #653, .T. ) ;
#2660 = ORIENTED_EDGE ( 'NONE', *, *, #3465, .T. ) ;
#2661 = CARTESIAN_POINT ( 'NONE',  ( 1.278064516129032047, -0.01540000000000006988, -0.9000000000000000222 ) ) ;
#2662 =( NAMED_UNIT ( * ) PLANE_ANGLE_UNIT ( ) SI_UNIT ( $, .RADIAN. ) );
#2663 = EDGE_CURVE ( 'NONE', #745, #696, #2474, .T. ) ;
#2664 = ORIENTED_EDGE ( 'NONE', *, *, #914, .F. ) ;
#2665 = AXIS2_PLACEMENT_3D ( 'NONE', #246, #1906, #1323 ) ;
#2666 = SURFACE_STYLE_USAGE ( .BOTH. , #231 ) ;
#2667 = SURFACE_STYLE_USAGE ( .BOTH. , #266 ) ;
#2668 = LINE ( 'NONE', #450, #2984 ) ;
#2669 = VERTEX_POINT ( 'NONE', #1689 ) ;
#2670 = ADVANCED_FACE ( 'NONE', ( #49 ), #2758, .T. ) ;
#2671 = PLANE ( 'NONE',  #158 ) ;
#2672 = DIRECTION ( 'NONE',  ( 0.000000000000000000, 1.000000000000000000, 0.000000000000000000 ) ) ;
#2673 = SURFACE_STYLE_FILL_AREA ( #1590 ) ;
#2674 = DIRECTION ( 'NONE',  ( -1.000000000000000000, 0.000000000000000000, 0.000000000000000000 ) ) ;
#2675 = ORIENTED_EDGE ( 'NONE', *, *, #293, .F. ) ;
#2676 = VERTEX_POINT ( 'NONE', #1655 ) ;
#2677 = LINE ( 'NONE', #229, #2394 ) ;
#2678 = ORIENTED_EDGE ( 'NONE', *, *, #659, .F. ) ;
#2679 = DIRECTION ( 'NONE',  ( 1.000000000000000000, 0.000000000000000000, 0.000000000000000000 ) ) ;
#2680 = VECTOR ( 'NONE', #1704, 1000.000000000000000 ) ;
#2681 = ORIENTED_EDGE ( 'NONE', *, *, #3087, .T. ) ;
#2682 = DIRECTION ( 'NONE',  ( -1.000000000000000000, 0.000000000000000000, 0.000000000000000000 ) ) ;
#2683 = ORIENTED_EDGE ( 'NONE', *, *, #1709, .T. ) ;
#2684 = LINE ( 'NONE', #1351, #1524 ) ;
#2685 = CARTESIAN_POINT ( 'NONE',  ( 0.7245942471361694892, 0.5346999999999999531, -0.3768750000000000155 ) ) ;
#2686 = MECHANICAL_DESIGN_GEOMETRIC_PRESENTATION_REPRESENTATION (  '', ( #3313 ), #35 ) ;
#2687 = EDGE_CURVE ( 'NONE', #1186, #230, #600, .T. ) ;
#2688 = CARTESIAN_POINT ( 'NONE',  ( 1.103343338204967994, 0.5346999999999999531, -0.3768749999999999045 ) ) ;
#2689 = FILL_AREA_STYLE ('',( #1625 ) ) ;
#2690 = CARTESIAN_POINT ( 'NONE',  ( 0.5657232049947971131, 0.5345999999999999641, -0.4281482597897918185 ) ) ;
#2691 = ORIENTED_EDGE ( 'NONE', *, *, #3082, .T. ) ;
#2692 = VECTOR ( 'NONE', #1921, 1000.000000000000000 ) ;
#2693 = ORIENTED_EDGE ( 'NONE', *, *, #929, .F. ) ;
#2694 = CARTESIAN_POINT ( 'NONE',  ( 1.083870574096617023, 0.5346999999999999531, -0.4178810206102016589 ) ) ;
#2695 = DIRECTION ( 'NONE',  ( 0.000000000000000000, 0.000000000000000000, 1.000000000000000000 ) ) ;
#2696 = ORIENTED_EDGE ( 'NONE', *, *, #545, .T. ) ;
#2697 = FILL_AREA_STYLE ('',( #560 ) ) ;
#2698 = ADVANCED_FACE ( 'NONE', ( #3219 ), #267, .T. ) ;
#2699 =( NAMED_UNIT ( * ) PLANE_ANGLE_UNIT ( ) SI_UNIT ( $, .RADIAN. ) );
#2700 =( GEOMETRIC_REPRESENTATION_CONTEXT ( 3 ) GLOBAL_UNCERTAINTY_ASSIGNED_CONTEXT ( ( #2859 ) ) GLOBAL_UNIT_ASSIGNED_CONTEXT ( ( #2887, #227, #3421 ) ) REPRESENTATION_CONTEXT ( 'NONE', 'WORKASPACE' ) );
#2701 = DIRECTION ( 'NONE',  ( 0.000000000000000000, 0.000000000000000000, 1.000000000000000000 ) ) ;
#2702 = CARTESIAN_POINT ( 'NONE',  ( 0.7462663575337484811, 0.5345999999999999641, -0.4018206422298686853 ) ) ;
#2703 = DIRECTION ( 'NONE',  ( 1.000000000000000000, 0.000000000000000000, 0.000000000000000000 ) ) ;
#2704 = DIRECTION ( 'NONE',  ( 0.000000000000000000, 0.000000000000000000, 1.000000000000000000 ) ) ;
#2705 = FILL_AREA_STYLE ('',( #240 ) ) ;
#2706 = EDGE_CURVE ( 'NONE', #1978, #2676, #2454, .T. ) ;
#2707 = LINE ( 'NONE', #289, #2836 ) ;
#2708 = FACE_OUTER_BOUND ( 'NONE', #470, .T. ) ;
#2709 = DIRECTION ( 'NONE',  ( 0.4573491243099514492, 0.000000000000000000, 0.8892872305913992470 ) ) ;
#2710 = ORIENTED_EDGE ( 'NONE', *, *, #2353, .T. ) ;
#2711 = VERTEX_POINT ( 'NONE', #686 ) ;
#2712 = EDGE_CURVE ( 'NONE', #230, #482, #2508, .T. ) ;
#2713 = DIRECTION ( 'NONE',  ( 0.000000000000000000, -1.000000000000000000, 0.000000000000000000 ) ) ;
#2714 = DIRECTION ( 'NONE',  ( 0.000000000000000000, 0.000000000000000000, -1.000000000000000000 ) ) ;
#2715 = EDGE_LOOP ( 'NONE', ( #2729, #2170, #3252, #24 ) ) ;
#2716 = FILL_AREA_STYLE_COLOUR ( '', #360 ) ;
#2717 = COLOUR_RGB ( '',0.8980392156862745390, 0.9215686274509803377, 0.9294117647058823817 ) ;
#2718 = UNCERTAINTY_MEASURE_WITH_UNIT (LENGTH_MEASURE( 1.000000000000000082E-05 ), #3300, 'distance_accuracy_value', 'NONE');
#2719 = LINE ( 'NONE', #2452, #494 ) ;
#2720 = CARTESIAN_POINT ( 'NONE',  ( 1.099936050430405210, 0.5345999999999999641, -0.4517119266896063023 ) ) ;
#2721 = STYLED_ITEM ( 'NONE', ( #1156 ), #2010 ) ;
#2722 = CARTESIAN_POINT ( 'NONE',  ( 1.278064516129032047, 0.5191999999999999948, -0.9000000000000000222 ) ) ;
#2723 = CARTESIAN_POINT ( 'NONE',  ( 0.8646532991793240974, 0.5346999999999999531, -0.3768750000000000155 ) ) ;
#2724 =( LENGTH_UNIT ( ) NAMED_UNIT ( * ) SI_UNIT ( .MILLI., .METRE. ) );
#2725 = EDGE_CURVE ( 'NONE', #3074, #2834, #1742, .T. ) ;
#2726 = CARTESIAN_POINT ( 'NONE',  ( 0.000000000000000000, 0.000000000000000000, -0.9000000000000000222 ) ) ;
#2727 = CARTESIAN_POINT ( 'NONE',  ( 0.9921934257978403116, 0.5345999999999999641, -0.4878935680071291858 ) ) ;
#2728 = DIRECTION ( 'NONE',  ( 1.000000000000000000, 0.000000000000000000, 0.000000000000000000 ) ) ;
#2729 = ORIENTED_EDGE ( 'NONE', *, *, #1334, .T. ) ;
#2730 = ORIENTED_EDGE ( 'NONE', *, *, #522, .T. ) ;
#2731 = DIRECTION ( 'NONE',  ( -0.3340201812137824078, -0.000000000000000000, -0.9425659226504594645 ) ) ;
#2732 = VERTEX_POINT ( 'NONE', #2791 ) ;
#2733 = ADVANCED_FACE ( 'NONE', ( #1175 ), #1208, .T. ) ;
#2734 = CARTESIAN_POINT ( 'NONE',  ( 0.6103457160740941578, 0.5345999999999999641, -0.3768750000000000155 ) ) ;
#2735 = CARTESIAN_POINT ( 'NONE',  ( 0.6739538897279853114, 0.5345999999999999641, -0.5265488533792125336 ) ) ;
#2736 = FILL_AREA_STYLE_COLOUR ( '', #3431 ) ;
#2737 = STYLED_ITEM ( 'NONE', ( #282 ), #3188 ) ;
#2738 = PRESENTATION_LAYER_ASSIGNMENT (  '', '', ( #3362 ) ) ;
#2739 = COLOUR_RGB ( '',0.1019607843137254888, 0.1019607843137254888, 0.1019607843137254888 ) ;
#2740 =( LENGTH_UNIT ( ) NAMED_UNIT ( * ) SI_UNIT ( .MILLI., .METRE. ) );
#2741 =( NAMED_UNIT ( * ) PLANE_ANGLE_UNIT ( ) SI_UNIT ( $, .RADIAN. ) );
#2742 = EDGE_CURVE ( 'NONE', #803, #974, #393, .T. ) ;
#2743 = DIRECTION ( 'NONE',  ( 1.000000000000000000, 0.000000000000000000, 0.000000000000000000 ) ) ;
#2744 = CARTESIAN_POINT ( 'NONE',  ( 0.9261082054436873268, 0.5346999999999999531, -0.4682489808992192359 ) ) ;
#2745 = VERTEX_POINT ( 'NONE', #2539 ) ;
#2746 = EDGE_LOOP ( 'NONE', ( #2994, #3181, #2153, #540 ) ) ;
#2747 = CARTESIAN_POINT ( 'NONE',  ( 1.196129032258064440, 0.5191999999999999948, -0.9000000000000000222 ) ) ;
#2748 = CARTESIAN_POINT ( 'NONE',  ( -0.009816291558974827788, 0.5346999999999999531, -0.03411630942139767808 ) ) ;
#2749 = VERTEX_POINT ( 'NONE', #2806 ) ;
#2750 = VERTEX_POINT ( 'NONE', #3356 ) ;
#2751 = SURFACE_STYLE_USAGE ( .BOTH. , #1452 ) ;
#2752 = VECTOR ( 'NONE', #2151, 1000.000000000000000 ) ;
#2753 = STYLED_ITEM ( 'NONE', ( #3401 ), #268 ) ;
#2754 = VECTOR ( 'NONE', #2491, 1000.000000000000000 ) ;
#2755 = EDGE_CURVE ( 'NONE', #3471, #909, #3117, .T. ) ;
#2756 = CARTESIAN_POINT ( 'NONE',  ( 1.196129032258064440, 0.5038000000000001366, -0.9000000000000000222 ) ) ;
#2757 = CLOSED_SHELL ( 'NONE', ( #3038, #3425, #586, #3151, #1514, #1327, #1870, #2596, #859, #3010, #2670, #904, #3120, #2519, #613 ) ) ;
#2758 = PLANE ( 'NONE',  #2926 ) ;
#2759 =( LENGTH_UNIT ( ) NAMED_UNIT ( * ) SI_UNIT ( .MILLI., .METRE. ) );
#2760 = STYLED_ITEM ( 'NONE', ( #2166 ), #379 ) ;
#2761 = CARTESIAN_POINT ( 'NONE',  ( 0.8244779899190651795, 0.5345999999999999641, -0.4333628294352412369 ) ) ;
#2762 = LINE ( 'NONE', #552, #3011 ) ;
#2763 = FILL_AREA_STYLE ('',( #1389 ) ) ;
#2764 = DIRECTION ( 'NONE',  ( 0.000000000000000000, 0.000000000000000000, 1.000000000000000000 ) ) ;
#2765 = CARTESIAN_POINT ( 'NONE',  ( -1.592421940838084637E-16, 0.5038000000000001366, 0.000000000000000000 ) ) ;
#2766 = FACE_OUTER_BOUND ( 'NONE', #2563, .T. ) ;
#2767 = VERTEX_POINT ( 'NONE', #1760 ) ;
#2768 = ORIENTED_EDGE ( 'NONE', *, *, #79, .T. ) ;
#2769 = LINE ( 'NONE', #3319, #314 ) ;
#2770 = PRODUCT ( 'RS_SMDCHIP_0603_L1.7W0.9T0.55B10.4B20.4', 'RS_SMDCHIP_0603_L1.7W0.9T0.55B10.4B20.4', '', ( #2055 ) ) ;
#2771 = VERTEX_POINT ( 'NONE', #1726 ) ;
#2772 =( NAMED_UNIT ( * ) SI_UNIT ( $, .STERADIAN. ) SOLID_ANGLE_UNIT ( ) );
#2773 = CARTESIAN_POINT ( 'NONE',  ( 1.138881578647107817, 0.5345999999999999641, -0.4517119266896063023 ) ) ;
#2774 = CARTESIAN_POINT ( 'NONE',  ( 0.9261082054436873268, 0.5346999999999999531, -0.4350052048712551023 ) ) ;
#2775 = EDGE_CURVE ( 'NONE', #101, #1992, #359, .T. ) ;
#2776 = CARTESIAN_POINT ( 'NONE',  ( 0.9921934257978403116, 0.5345999999999999641, -0.5265488533792125336 ) ) ;
#2777 = CARTESIAN_POINT ( 'NONE',  ( 0.4599999999999999645, 0.5038000000000001366, -0.9000000000000000222 ) ) ;
#2778 = DIRECTION ( 'NONE',  ( 0.000000000000000000, 0.000000000000000000, -1.000000000000000000 ) ) ;
#2779 = STYLED_ITEM ( 'NONE', ( #3144 ), #2062 ) ;
#2780 = EDGE_CURVE ( 'NONE', #2669, #1833, #2248, .T. ) ;
#2781 = CARTESIAN_POINT ( 'NONE',  ( 0.5151170298900759059, 0.5345999999999999641, -0.5265488533792125336 ) ) ;
#2782 = VECTOR ( 'NONE', #693, 1000.000000000000000 ) ;
#2783 = LINE ( 'NONE', #2799, #2135 ) ;
#2784 = VERTEX_POINT ( 'NONE', #2825 ) ;
#2785 = ORIENTED_EDGE ( 'NONE', *, *, #2216, .F. ) ;
#2786 = DIRECTION ( 'NONE',  ( 1.000000000000000000, 0.000000000000000000, 0.000000000000000000 ) ) ;
#2787 = EDGE_LOOP ( 'NONE', ( #244, #528, #3480, #1435 ) ) ;
#2788 =( NAMED_UNIT ( * ) SI_UNIT ( $, .STERADIAN. ) SOLID_ANGLE_UNIT ( ) );
#2789 = LINE ( 'NONE', #357, #2545 ) ;
#2790 = PLANE ( 'NONE',  #3474 ) ;
#2791 = CARTESIAN_POINT ( 'NONE',  ( 0.7845366261063888569, 0.5346000000000000751, -0.4519200433913761472 ) ) ;
#2792 = SURFACE_STYLE_FILL_AREA ( #2266 ) ;
#2793 = CARTESIAN_POINT ( 'NONE',  ( 0.5880344605344459685, 0.5345999999999999641, -0.4667599253043920315 ) ) ;
#2794 = VECTOR ( 'NONE', #2731, 1000.000000000000000 ) ;
#2795 = VECTOR ( 'NONE', #2478, 1000.000000000000000 ) ;
#2796 =( GEOMETRIC_REPRESENTATION_CONTEXT ( 3 ) GLOBAL_UNCERTAINTY_ASSIGNED_CONTEXT ( ( #3429 ) ) GLOBAL_UNIT_ASSIGNED_CONTEXT ( ( #2891, #2662, #3423 ) ) REPRESENTATION_CONTEXT ( 'NONE', 'WORKASPACE' ) );
#2797 = EDGE_CURVE ( 'NONE', #937, #387, #2527, .T. ) ;
#2798 = CARTESIAN_POINT ( 'NONE',  ( 0.000000000000000000, 0.000000000000000000, -0.9000000000000000222 ) ) ;
#2799 = CARTESIAN_POINT ( 'NONE',  ( 0.8844775060546001821, 0.5346999999999999531, -0.5265488533792125336 ) ) ;
#2800 = ORIENTED_EDGE ( 'NONE', *, *, #2627, .T. ) ;
#2801 = ORIENTED_EDGE ( 'NONE', *, *, #3245, .T. ) ;
#2802 = SURFACE_STYLE_FILL_AREA ( #2262 ) ;
#2803 = PRESENTATION_LAYER_ASSIGNMENT (  '', '', ( #2402 ) ) ;
#2804 = CARTESIAN_POINT ( 'NONE',  ( 1.067805097762828392, 0.5345999999999999641, -0.5265488533792126447 ) ) ;
#2805 = STYLED_ITEM ( 'NONE', ( #3066 ), #1711 ) ;
#2806 = CARTESIAN_POINT ( 'NONE',  ( 1.678064516129031958, 0.5191999999999999948, -0.9000000000000000222 ) ) ;
#2807 = VECTOR ( 'NONE', #2617, 1000.000000000000000 ) ;
#2808 = EDGE_CURVE ( 'NONE', #302, #2372, #138, .T. ) ;
#2809 = CARTESIAN_POINT ( 'NONE',  ( 1.035674145095251575, 0.5346999999999998421, -0.4517119266896063023 ) ) ;
#2810 =( BOUNDED_CURVE ( )  B_SPLINE_CURVE ( 3, ( #442, #1579, #2094, #423, #2043, #1805, #784 ),
 .UNSPECIFIED., .F., .T. ) 
 B_SPLINE_CURVE_WITH_KNOTS ( ( 4, 3, 4 ),
 ( 0.000000000000000000, 0.5000000000000000000, 0.5357290076124407996 ),
 .UNSPECIFIED. ) 
 CURVE ( )  GEOMETRIC_REPRESENTATION_ITEM ( )  RATIONAL_B_SPLINE_CURVE ( ( 1.000000000000000000, 0.7783869647857027951, 0.7783869647857027951, 1.000000000000000000, 0.9841639723556245833, 0.9694595558157624859, 0.9558867503804138188 ) ) 
 REPRESENTATION_ITEM ( '' )  );
#2811 = CARTESIAN_POINT ( 'NONE',  ( 0.8124387813336694242, 0.5345999999999999641, -0.4333628294352412369 ) ) ;
#2812 =( NAMED_UNIT ( * ) PLANE_ANGLE_UNIT ( ) SI_UNIT ( $, .RADIAN. ) );
#2813 = DIRECTION ( 'NONE',  ( 0.000000000000000000, 1.000000000000000000, 0.000000000000000000 ) ) ;
#2814 = COLOUR_RGB ( '',0.7921568627450980005, 0.8196078431372548767, 0.9333333333333333481 ) ;
#2815 = CARTESIAN_POINT ( 'NONE',  ( 0.5151170298900759059, 0.5345999999999999641, -0.5265488533792125336 ) ) ;
#2816 = VERTEX_POINT ( 'NONE', #2231 ) ;
#2817 = EDGE_CURVE ( 'NONE', #236, #259, #3308, .T. ) ;
#2818 = ORIENTED_EDGE ( 'NONE', *, *, #3146, .T. ) ;
#2819 = SURFACE_STYLE_USAGE ( .BOTH. , #2073 ) ;
#2820 = LINE ( 'NONE', #977, #232 ) ;
#2821 = ADVANCED_FACE ( 'NONE', ( #3327 ), #639, .T. ) ;
#2822 = MECHANICAL_DESIGN_GEOMETRIC_PRESENTATION_REPRESENTATION (  '', ( #2483 ), #2538 ) ;
#2823 = DIRECTION ( 'NONE',  ( 1.000000000000000000, 0.000000000000000000, 0.000000000000000000 ) ) ;
#2824 = LINE ( 'NONE', #669, #1387 ) ;
#2825 = CARTESIAN_POINT ( 'NONE',  ( 0.9921934257978403116, 0.5345999999999999641, -0.3768750000000000155 ) ) ;
#2826 = CARTESIAN_POINT ( 'NONE',  ( 0.000000000000000000, 0.5191999999999999948, 0.000000000000000000 ) ) ;
#2827 = SURFACE_STYLE_USAGE ( .BOTH. , #1763 ) ;
#2828 = SURFACE_STYLE_FILL_AREA ( #1517 ) ;
#2829 = FILL_AREA_STYLE ('',( #2544 ) ) ;
#2830 = AXIS2_PLACEMENT_3D ( 'NONE', #926, #1774, #2289 ) ;
#2831 = DIRECTION ( 'NONE',  ( 0.000000000000000000, 1.000000000000000000, -0.000000000000000000 ) ) ;
#2832 = VECTOR ( 'NONE', #3045, 1000.000000000000000 ) ;
#2833 = DIRECTION ( 'NONE',  ( -0.3922395649424730291, 0.000000000000000000, 0.9198631005175387232 ) ) ;
#2834 = VERTEX_POINT ( 'NONE', #1244 ) ;
#2835 = EDGE_CURVE ( 'NONE', #2322, #1231, #2307, .T. ) ;
#2836 = VECTOR ( 'NONE', #1663, 1000.000000000000000 ) ;
#2837 = ORIENTED_EDGE ( 'NONE', *, *, #538, .F. ) ;
#2838 = PRESENTATION_STYLE_ASSIGNMENT (( #2569 ) ) ;
#2839 = DIRECTION ( 'NONE',  ( 1.000000000000000000, 0.000000000000000000, 0.000000000000000000 ) ) ;
#2840 = LINE ( 'NONE', #424, #1332 ) ;
#2841 = EDGE_CURVE ( 'NONE', #1377, #368, #425, .T. ) ;
#2842 = PRESENTATION_STYLE_ASSIGNMENT (( #1456 ) ) ;
#2843 = FACE_OUTER_BOUND ( 'NONE', #154, .T. ) ;
#2844 = SURFACE_STYLE_USAGE ( .BOTH. , #3378 ) ;
#2845 = VERTEX_POINT ( 'NONE', #2101 ) ;
#2846 = CARTESIAN_POINT ( 'NONE',  ( 0.6693367468514946905, 0.5345999999999999641, -0.3980984844777932796 ) ) ;
#2847 = CARTESIAN_POINT ( 'NONE',  ( 1.099936050430405210, 0.5346999999999999531, -0.3840501145307970710 ) ) ;
#2848 = FILL_AREA_STYLE ('',( #1183 ) ) ;
#2849 = ORIENTED_EDGE ( 'NONE', *, *, #2129, .F. ) ;
#2850 = EDGE_CURVE ( 'NONE', #1270, #3490, #508, .T. ) ;
#2851 = EDGE_LOOP ( 'NONE', ( #1522, #2693, #46, #253 ) ) ;
#2852 = CARTESIAN_POINT ( 'NONE',  ( 0.9261082054436873268, 0.5345999999999999641, -0.4682489808992192359 ) ) ;
#2853 = EDGE_LOOP ( 'NONE', ( #1046, #2951, #3317, #23 ) ) ;
#2854 = DIRECTION ( 'NONE',  ( 0.000000000000000000, 0.000000000000000000, 1.000000000000000000 ) ) ;
#2855 = DIRECTION ( 'NONE',  ( -1.000000000000000000, 3.089178984103918623E-16, 0.000000000000000000 ) ) ;
#2856 = COLOUR_RGB ( '',0.8980392156862745390, 0.9215686274509803377, 0.9294117647058823817 ) ;
#2857 = EDGE_CURVE ( 'NONE', #1833, #279, #1835, .T. ) ;
#2858 = DIRECTION ( 'NONE',  ( 0.000000000000000000, 0.000000000000000000, 1.000000000000000000 ) ) ;
#2859 = UNCERTAINTY_MEASURE_WITH_UNIT (LENGTH_MEASURE( 1.000000000000000082E-05 ), #2887, 'distance_accuracy_value', 'NONE');
#2860 = DIRECTION ( 'NONE',  ( 0.000000000000000000, 0.000000000000000000, 1.000000000000000000 ) ) ;
#2861 = ORIENTED_EDGE ( 'NONE', *, *, #2071, .F. ) ;
#2862 = PRESENTATION_STYLE_ASSIGNMENT (( #2599 ) ) ;
#2863 = VECTOR ( 'NONE', #407, 1000.000000000000000 ) ;
#2864 = LINE ( 'NONE', #529, #1111 ) ;
#2865 = DIRECTION ( 'NONE',  ( 0.000000000000000000, 0.000000000000000000, -1.000000000000000000 ) ) ;
#2866 =( NAMED_UNIT ( * ) PLANE_ANGLE_UNIT ( ) SI_UNIT ( $, .RADIAN. ) );
#2867 = ORIENTED_EDGE ( 'NONE', *, *, #120, .T. ) ;
#2868 = APPLICATION_PROTOCOL_DEFINITION ( 'draft international standard', 'automotive_design', 1998, #1661 ) ;
#2869 = VECTOR ( 'NONE', #2979, 1000.000000000000000 ) ;
#2870 = ORIENTED_EDGE ( 'NONE', *, *, #3109, .F. ) ;
#2871 = VERTEX_POINT ( 'NONE', #2915 ) ;
#2872 = DIRECTION ( 'NONE',  ( 0.000000000000000000, 1.000000000000000000, 0.000000000000000000 ) ) ;
#2873 = SURFACE_SIDE_STYLE ('',( #392 ) ) ;
#2874 = EDGE_CURVE ( 'NONE', #3022, #907, #2416, .T. ) ;
#2875 = DIRECTION ( 'NONE',  ( 0.000000000000000000, 0.000000000000000000, 1.000000000000000000 ) ) ;
#2876 = ORIENTED_EDGE ( 'NONE', *, *, #1006, .T. ) ;
#2877 =( LENGTH_UNIT ( ) NAMED_UNIT ( * ) SI_UNIT ( .MILLI., .METRE. ) );
#2878 = SURFACE_STYLE_FILL_AREA ( #1333 ) ;
#2879 = EDGE_CURVE ( 'NONE', #2767, #907, #2395, .T. ) ;
#2880 = LINE ( 'NONE', #1251, #1378 ) ;
#2881 = CARTESIAN_POINT ( 'NONE',  ( 0.8646532991793240974, 0.5345999999999999641, -0.4692009540048023841 ) ) ;
#2882 = VECTOR ( 'NONE', #687, 1000.000000000000000 ) ;
#2883 = AXIS2_PLACEMENT_3D ( 'NONE', #2594, #2908, #1241 ) ;
#2884 = ORIENTED_EDGE ( 'NONE', *, *, #2712, .F. ) ;
#2885 = CARTESIAN_POINT ( 'NONE',  ( 0.3780645161290323020, 0.000000000000000000, 0.000000000000000000 ) ) ;
#2886 = ORIENTED_EDGE ( 'NONE', *, *, #161, .T. ) ;
#2887 =( LENGTH_UNIT ( ) NAMED_UNIT ( * ) SI_UNIT ( .MILLI., .METRE. ) );
#2888 = VECTOR ( 'NONE', #330, 1000.000000000000000 ) ;
#2889 = VECTOR ( 'NONE', #1882, 1000.000000000000000 ) ;
#2890 = DIRECTION ( 'NONE',  ( -0.4498696453631123027, 0.000000000000000000, 0.8930942291723016346 ) ) ;
#2891 =( LENGTH_UNIT ( ) NAMED_UNIT ( * ) SI_UNIT ( .MILLI., .METRE. ) );
#2892 = ORIENTED_EDGE ( 'NONE', *, *, #2448, .T. ) ;
#2893 = VECTOR ( 'NONE', #934, 1000.000000000000000 ) ;
#2894 = EDGE_LOOP ( 'NONE', ( #1716, #1067, #727, #921 ) ) ;
#2895 = EDGE_CURVE ( 'NONE', #2116, #2767, #3445, .T. ) ;
#2896 = EDGE_CURVE ( 'NONE', #485, #3074, #2434, .T. ) ;
#2897 = LINE ( 'NONE', #792, #1181 ) ;
#2898 = EDGE_LOOP ( 'NONE', ( #2410, #2985, #2623, #1804, #2376, #2548, #1365, #3060, #1201 ) ) ;
#2899 = CARTESIAN_POINT ( 'NONE',  ( 1.138881578647107817, 0.5346999999999999531, -0.4517119266896063023 ) ) ;
#2900 = CARTESIAN_POINT ( 'NONE',  ( 1.656129032258064404, 0.000000000000000000, -0.9000000000000000222 ) ) ;
#2901 = LINE ( 'NONE', #1300, #823 ) ;
#2902 = CARTESIAN_POINT ( 'NONE',  ( 0.9261082054436873268, 0.5346999999999999531, -0.4139433132780292457 ) ) ;
#2903 = ADVANCED_FACE ( 'NONE', ( #3233 ), #1044, .T. ) ;
#2904 = DIRECTION ( 'NONE',  ( 0.000000000000000000, 0.000000000000000000, 1.000000000000000000 ) ) ;
#2905 = CARTESIAN_POINT ( 'NONE',  ( 0.9849538863347389039, 0.5345999999999999641, -0.4350052048712551023 ) ) ;
#2906 = ORIENTED_EDGE ( 'NONE', *, *, #3205, .T. ) ;
#2907 = PRESENTATION_LAYER_ASSIGNMENT (  '', '', ( #92 ) ) ;
#2908 = DIRECTION ( 'NONE',  ( 0.000000000000000000, 0.000000000000000000, 1.000000000000000000 ) ) ;
#2909 = CARTESIAN_POINT ( 'NONE',  ( 0.4599999999999999645, 0.5191999999999999948, -0.9000000000000000222 ) ) ;
#2910 = VECTOR ( 'NONE', #3342, 1000.000000000000000 ) ;
#2911 = ORIENTED_EDGE ( 'NONE', *, *, #1211, .T. ) ;
#2912 = DIRECTION ( 'NONE',  ( 1.000000000000000000, 0.000000000000000000, 0.000000000000000000 ) ) ;
#2913 = APPLICATION_CONTEXT ( 'automotive_design' ) ;
#2914 = ORIENTED_EDGE ( 'NONE', *, *, #3448, .T. ) ;
#2915 = CARTESIAN_POINT ( 'NONE',  ( 1.278064516129032047, 0.5191999999999999948, 0.000000000000000000 ) ) ;
#2916 = DIRECTION ( 'NONE',  ( 0.000000000000000000, 0.000000000000000000, -1.000000000000000000 ) ) ;
#2917 = MECHANICAL_DESIGN_GEOMETRIC_PRESENTATION_REPRESENTATION (  '', ( #2402 ), #2573 ) ;
#2918 = ORIENTED_EDGE ( 'NONE', *, *, #319, .T. ) ;
#2919 = CARTESIAN_POINT ( 'NONE',  ( 0.7845366261063888569, 0.5345999999999999641, -0.4692113801542023843 ) ) ;
#2920 = CARTESIAN_POINT ( 'NONE',  ( 0.9261082054436873268, 0.5345999999999999641, -0.4350052048712551023 ) ) ;
#2921 = VECTOR ( 'NONE', #3430, 1000.000000000000000 ) ;
#2922 =( GEOMETRIC_REPRESENTATION_CONTEXT ( 3 ) GLOBAL_UNCERTAINTY_ASSIGNED_CONTEXT ( ( #966 ) ) GLOBAL_UNIT_ASSIGNED_CONTEXT ( ( #2759, #1104, #2180 ) ) REPRESENTATION_CONTEXT ( 'NONE', 'WORKASPACE' ) );
#2923 =( NAMED_UNIT ( * ) PLANE_ANGLE_UNIT ( ) SI_UNIT ( $, .RADIAN. ) );
#2924 = VECTOR ( 'NONE', #130, 1000.000000000000000 ) ;
#2925 = CARTESIAN_POINT ( 'NONE',  ( 0.9261082054436873268, 0.5346999999999999531, -0.4350052048712551023 ) ) ;
#2926 = AXIS2_PLACEMENT_3D ( 'NONE', #1673, #2396, #2418 ) ;
#2927 = CLOSED_SHELL ( 'NONE', ( #20, #1934, #1786, #951, #3373, #1316, #3103, #3129, #1141, #1583 ) ) ;
#2928 = DIRECTION ( 'NONE',  ( -0.8892872305913992470, 0.000000000000000000, 0.4573491243099514492 ) ) ;
#2929 = ADVANCED_FACE ( 'NONE', ( #526 ), #1328, .T. ) ;
#2930 = VERTEX_POINT ( 'NONE', #1725 ) ;
#2931 = ORIENTED_EDGE ( 'NONE', *, *, #1657, .T. ) ;
#2932 = ORIENTED_EDGE ( 'NONE', *, *, #2511, .T. ) ;
#2933 = EDGE_CURVE ( 'NONE', #2784, #2669, #48, .T. ) ;
#2934 = VERTEX_POINT ( 'NONE', #2490 ) ;
#2935 = DIRECTION ( 'NONE',  ( 1.000000000000000000, 0.000000000000000000, 0.000000000000000000 ) ) ;
#2936 = DIRECTION ( 'NONE',  ( 1.000000000000000000, 0.000000000000000000, 0.000000000000000000 ) ) ;
#2937 = ORIENTED_EDGE ( 'NONE', *, *, #637, .T. ) ;
#2938 =( NAMED_UNIT ( * ) SI_UNIT ( $, .STERADIAN. ) SOLID_ANGLE_UNIT ( ) );
#2939 = SURFACE_STYLE_USAGE ( .BOTH. , #757 ) ;
#2940 = DIRECTION ( 'NONE',  ( 0.000000000000000000, 0.000000000000000000, -1.000000000000000000 ) ) ;
#2941 = SURFACE_SIDE_STYLE ('',( #3501 ) ) ;
#2942 = DIRECTION ( 'NONE',  ( 0.8892872305913992470, 0.000000000000000000, 0.4573491243099514492 ) ) ;
#2943 = EDGE_CURVE ( 'NONE', #214, #3141, #1967, .T. ) ;
#2944 = ORIENTED_EDGE ( 'NONE', *, *, #30, .F. ) ;
#2945 = ORIENTED_EDGE ( 'NONE', *, *, #2335, .F. ) ;
#2946 = VECTOR ( 'NONE', #2136, 1000.000000000000000 ) ;
#2947 = CARTESIAN_POINT ( 'NONE',  ( 0.000000000000000000, 0.000000000000000000, -0.9000000000000000222 ) ) ;
#2948 = ORIENTED_EDGE ( 'NONE', *, *, #2706, .T. ) ;
#2949 = CARTESIAN_POINT ( 'NONE',  ( 1.035674145095251575, 0.5345999999999999641, -0.4517119266896063023 ) ) ;
#2950 = VECTOR ( 'NONE', #3464, 1000.000000000000000 ) ;
#2951 = ORIENTED_EDGE ( 'NONE', *, *, #3331, .T. ) ;
#2952 = EDGE_CURVE ( 'NONE', #1270, #2036, #3048, .T. ) ;
#2953 = CARTESIAN_POINT ( 'NONE',  ( 1.196129032258064440, 0.5038000000000001366, -0.9000000000000000222 ) ) ;
#2954 = MECHANICAL_DESIGN_GEOMETRIC_PRESENTATION_REPRESENTATION (  '', ( #14 ), #477 ) ;
#2955 = ORIENTED_EDGE ( 'NONE', *, *, #2857, .T. ) ;
#2956 = CARTESIAN_POINT ( 'NONE',  ( 1.656129032258064626, 0.5038000000000001366, -0.9000000000000000222 ) ) ;
#2957 = CARTESIAN_POINT ( 'NONE',  ( 1.099936050430404988, 0.5345999999999999641, -0.4517119266896061913 ) ) ;
#2958 = PLANE ( 'NONE',  #1177 ) ;
#2959 = PLANE ( 'NONE',  #3492 ) ;
#2960 = DIRECTION ( 'NONE',  ( 0.000000000000000000, 1.000000000000000000, 0.000000000000000000 ) ) ;
#2961 = LINE ( 'NONE', #277, #3249 ) ;
#2962 = LINE ( 'NONE', #2642, #3206 ) ;
#2963 = ORIENTED_EDGE ( 'NONE', *, *, #2071, .T. ) ;
#2964 = EDGE_LOOP ( 'NONE', ( #1889, #3263, #2119, #2918 ) ) ;
#2965 = ADVANCED_FACE ( 'NONE', ( #374 ), #638, .T. ) ;
#2966 = CARTESIAN_POINT ( 'NONE',  ( 0.5579175669401520432, 0.5345999999999999641, -0.5265488533792125336 ) ) ;
#2967 = LINE ( 'NONE', #501, #1281 ) ;
#2968 = ORIENTED_EDGE ( 'NONE', *, *, #3299, .T. ) ;
#2969 = CARTESIAN_POINT ( 'NONE',  ( 0.8646532991793240974, 0.5345999999999999641, -0.3768750000000000155 ) ) ;
#2970 = STYLED_ITEM ( 'NONE', ( #381 ), #948 ) ;
#2971 = VECTOR ( 'NONE', #1414, 1000.000000000000000 ) ;
#2972 = VERTEX_POINT ( 'NONE', #2776 ) ;
#2973 = SURFACE_STYLE_USAGE ( .BOTH. , #3496 ) ;
#2974 = EDGE_CURVE ( 'NONE', #3335, #803, #1455, .T. ) ;
#2975 = ORIENTED_EDGE ( 'NONE', *, *, #2712, .T. ) ;
#2976 = CARTESIAN_POINT ( 'NONE',  ( -1.592421940838084637E-16, 0.5038000000000001366, 0.000000000000000000 ) ) ;
#2977 = AXIS2_PLACEMENT_3D ( 'NONE', #2369, #2164, #1071 ) ;
#2978 = CARTESIAN_POINT ( 'NONE',  ( 0.6185244016848174820, 0.5345999999999999641, -0.3768750000000000155 ) ) ;
#2979 = DIRECTION ( 'NONE',  ( 0.000000000000000000, 1.000000000000000000, 0.000000000000000000 ) ) ;
#2980 = CARTESIAN_POINT ( 'NONE',  ( 0.9849538863347389039, 0.5346999999999999531, -0.4350052048712551023 ) ) ;
#2981 = PRESENTATION_LAYER_ASSIGNMENT (  '', '', ( #3258 ) ) ;
#2982 = DIRECTION ( 'NONE',  ( 0.000000000000000000, 0.000000000000000000, 1.000000000000000000 ) ) ;
#2983 = ORIENTED_EDGE ( 'NONE', *, *, #2879, .T. ) ;
#2984 = VECTOR ( 'NONE', #3393, 1000.000000000000000 ) ;
#2985 = ORIENTED_EDGE ( 'NONE', *, *, #1638, .F. ) ;
#2986 = CARTESIAN_POINT ( 'NONE',  ( 1.196129032258064440, 0.5191999999999999948, 0.000000000000000000 ) ) ;
#2987 = LINE ( 'NONE', #45, #2680 ) ;
#2988 = ORIENTED_EDGE ( 'NONE', *, *, #1748, .T. ) ;
#2989 = SURFACE_SIDE_STYLE ('',( #3324 ) ) ;
#2990 = DIRECTION ( 'NONE',  ( 0.000000000000000000, 0.000000000000000000, -1.000000000000000000 ) ) ;
#2991 = DIRECTION ( 'NONE',  ( 1.000000000000000000, 0.000000000000000000, 0.000000000000000000 ) ) ;
#2992 = ADVANCED_FACE ( 'NONE', ( #299 ), #580, .T. ) ;
#2993 = EDGE_CURVE ( 'NONE', #989, #2676, #90, .T. ) ;
#2994 = ORIENTED_EDGE ( 'NONE', *, *, #168, .F. ) ;
#2995 = LINE ( 'NONE', #1086, #3084 ) ;
#2996 = COLOUR_RGB ( '',0.7921568627450980005, 0.8196078431372548767, 0.9333333333333333481 ) ;
#2997 = CARTESIAN_POINT ( 'NONE',  ( 1.678064516129031958, 0.000000000000000000, 0.000000000000000000 ) ) ;
#2998 = EDGE_CURVE ( 'NONE', #3490, #1360, #2719, .T. ) ;
#2999 = CARTESIAN_POINT ( 'NONE',  ( 0.7462663575337484811, 0.5346999999999999531, -0.4517119266896063023 ) ) ;
#3000 = CARTESIAN_POINT ( 'NONE',  ( 1.196129032258064440, 0.5191999999999999948, -0.9000000000000000222 ) ) ;
#3001 = ORIENTED_EDGE ( 'NONE', *, *, #2952, .F. ) ;
#3002 = VERTEX_POINT ( 'NONE', #913 ) ;
#3003 = LINE ( 'NONE', #2947, #3174 ) ;
#3004 = DIRECTION ( 'NONE',  ( 1.000000000000000000, 0.000000000000000000, 0.000000000000000000 ) ) ;
#3005 = ORIENTED_EDGE ( 'NONE', *, *, #2998, .T. ) ;
#3006 = CARTESIAN_POINT ( 'NONE',  ( 0.8646532991793240974, 0.5345999999999999641, -0.4692009540048023841 ) ) ;
#3007 = MECHANICAL_DESIGN_GEOMETRIC_PRESENTATION_REPRESENTATION (  '', ( #2096 ), #3227 ) ;
#3008 = DIRECTION ( 'NONE',  ( 3.160821637233196943E-16, -1.000000000000000000, 0.000000000000000000 ) ) ;
#3009 = LINE ( 'NONE', #2720, #2250 ) ;
#3010 = ADVANCED_FACE ( 'NONE', ( #857 ), #2790, .T. ) ;
#3011 = VECTOR ( 'NONE', #1644, 1000.000000000000000 ) ;
#3012 = VECTOR ( 'NONE', #1481, 1000.000000000000000 ) ;
#3013 = DIRECTION ( 'NONE',  ( 0.000000000000000000, 0.000000000000000000, 1.000000000000000000 ) ) ;
#3014 = ADVANCED_BREP_SHAPE_REPRESENTATION ( 'RS_SMDCHIP_0603_L1.7W0.9T0.55B10.4B20.4', ( #1744, #548, #1711, #585, #513, #598, #488, #496, #1736, #2044 ), #2102 ) ;
#3015 = CARTESIAN_POINT ( 'NONE',  ( 0.6181513541287398938, 0.5345999999999999641, -0.5265488533792125336 ) ) ;
#3016 = EDGE_LOOP ( 'NONE', ( #1041, #1800, #3420, #1416 ) ) ;
#3017 = EDGE_CURVE ( 'NONE', #3111, #1962, #3062, .T. ) ;
#3018 = EDGE_LOOP ( 'NONE', ( #3387, #2389, #2066, #1448 ) ) ;
#3019 = LINE ( 'NONE', #1413, #3424 ) ;
#3020 = CARTESIAN_POINT ( 'NONE',  ( 0.8844775060546001821, 0.5345999999999999641, -0.3768750000000000155 ) ) ;
#3021 = ORIENTED_EDGE ( 'NONE', *, *, #1982, .F. ) ;
#3022 = VERTEX_POINT ( 'NONE', #874 ) ;
#3023 = CARTESIAN_POINT ( 'NONE',  ( 0.000000000000000000, 0.000000000000000000, -0.9000000000000000222 ) ) ;
#3024 = CARTESIAN_POINT ( 'NONE',  ( 1.138881578647107595, 0.5346999999999999531, -0.6013857800688187094 ) ) ;
#3025 = FACE_OUTER_BOUND ( 'NONE', #2787, .T. ) ;
#3026 = DIRECTION ( 'NONE',  ( 0.000000000000000000, 0.000000000000000000, 1.000000000000000000 ) ) ;
#3027 = COLOUR_RGB ( '',0.8980392156862745390, 0.9215686274509803377, 0.9294117647058823817 ) ;
#3028 = LINE ( 'NONE', #1693, #2638 ) ;
#3029 = COLOUR_RGB ( '',0.8980392156862745390, 0.9215686274509803377, 0.9294117647058823817 ) ;
#3030 =( LENGTH_UNIT ( ) NAMED_UNIT ( * ) SI_UNIT ( .MILLI., .METRE. ) );
#3031 = AXIS2_PLACEMENT_3D ( 'NONE', #186, #2865, #455 ) ;
#3032 = CARTESIAN_POINT ( 'NONE',  ( 0.4599999999999999645, 0.5038000000000001366, 0.000000000000000000 ) ) ;
#3033 = CARTESIAN_POINT ( 'NONE',  ( 0.7462663575337485922, 0.5345999999999999641, -0.4142934633448108195 ) ) ;
#3034 = LINE ( 'NONE', #1226, #3043 ) ;
#3035 = CARTESIAN_POINT ( 'NONE',  ( 0.7640562939950138466, 0.5345999999999999641, -0.3768750000000000155 ) ) ;
#3036 = DIRECTION ( 'NONE',  ( -1.000000000000000000, 0.000000000000000000, 0.000000000000000000 ) ) ;
#3037 = ORIENTED_EDGE ( 'NONE', *, *, #2241, .T. ) ;
#3038 = ADVANCED_FACE ( 'NONE', ( #3025 ), #2586, .T. ) ;
#3039 = ORIENTED_EDGE ( 'NONE', *, *, #2775, .F. ) ;
#3040 = CARTESIAN_POINT ( 'NONE',  ( 0.7845366261063887459, 0.5347000000000000641, -0.4723670181081077168 ) ) ;
#3041 = ORIENTED_EDGE ( 'NONE', *, *, #718, .F. ) ;
#3042 = ORIENTED_EDGE ( 'NONE', *, *, #50, .F. ) ;
#3043 = VECTOR ( 'NONE', #1698, 1000.000000000000114 ) ;
#3044 = AXIS2_PLACEMENT_3D ( 'NONE', #286, #1658, #34 ) ;
#3045 = DIRECTION ( 'NONE',  ( 0.000000000000000000, 1.000000000000000000, 0.000000000000000000 ) ) ;
#3046 = AXIS2_PLACEMENT_3D ( 'NONE', #1752, #626, #2256 ) ;
#3047 = VECTOR ( 'NONE', #1064, 1000.000000000000000 ) ;
#3048 = LINE ( 'NONE', #3307, #1838 ) ;
#3049 = EDGE_CURVE ( 'NONE', #2085, #989, #1402, .T. ) ;
#3050 = CARTESIAN_POINT ( 'NONE',  ( 0.9967286168785491896, 0.5346999999999999531, -0.4517119266896062468 ) ) ;
#3051 =( NAMED_UNIT ( * ) PLANE_ANGLE_UNIT ( ) SI_UNIT ( $, .RADIAN. ) );
#3052 = PRESENTATION_LAYER_ASSIGNMENT (  '', '', ( #2760 ) ) ;
#3053 = PRESENTATION_STYLE_ASSIGNMENT (( #2844 ) ) ;
#3054 =( NAMED_UNIT ( * ) SI_UNIT ( $, .STERADIAN. ) SOLID_ANGLE_UNIT ( ) );
#3055 = DIRECTION ( 'NONE',  ( 0.000000000000000000, 0.000000000000000000, -1.000000000000000000 ) ) ;
#3056 = CARTESIAN_POINT ( 'NONE',  ( 0.8844775060546001821, 0.5345999999999999641, -0.5265488533792125336 ) ) ;
#3057 = VERTEX_POINT ( 'NONE', #3269 ) ;
#3058 = ORIENTED_EDGE ( 'NONE', *, *, #712, .F. ) ;
#3059 = LINE ( 'NONE', #2431, #1172 ) ;
#3060 = ORIENTED_EDGE ( 'NONE', *, *, #1600, .F. ) ;
#3061 = CARTESIAN_POINT ( 'NONE',  ( 0.8173428384180279060, 0.5345999999999999641, -0.3768750000000000155 ) ) ;
#3062 = LINE ( 'NONE', #2525, #1957 ) ;
#3063 = CARTESIAN_POINT ( 'NONE',  ( 0.5657232049947971131, 0.5346999999999999531, -0.4281482597897918185 ) ) ;
#3064 = LINE ( 'NONE', #1494, #3344 ) ;
#3065 = ADVANCED_FACE ( 'NONE', ( #2209 ), #1120, .F. ) ;
#3066 = PRESENTATION_STYLE_ASSIGNMENT (( #916 ) ) ;
#3067 = VECTOR ( 'NONE', #1559, 1000.000000000000000 ) ;
#3068 = CARTESIAN_POINT ( 'NONE',  ( 0.000000000000000000, 0.5038000000000001366, -0.9000000000000000222 ) ) ;
#3069 = COLOUR_RGB ( '',0.7921568627450980005, 0.8196078431372548767, 0.9333333333333333481 ) ;
#3070 = CARTESIAN_POINT ( 'NONE',  ( 0.7245942471361694892, 0.5345999999999999641, -0.3768750000000000155 ) ) ;
#3071 = VECTOR ( 'NONE', #2813, 1000.000000000000000 ) ;
#3072 = CARTESIAN_POINT ( 'NONE',  ( 0.9261082054436873268, 0.5346999999999999531, -0.4139433132780292457 ) ) ;
#3073 = ORIENTED_EDGE ( 'NONE', *, *, #132, .T. ) ;
#3074 = VERTEX_POINT ( 'NONE', #194 ) ;
#3075 = EDGE_CURVE ( 'NONE', #2732, #371, #2604, .T. ) ;
#3076 = DIRECTION ( 'NONE',  ( 0.000000000000000000, 0.000000000000000000, -1.000000000000000000 ) ) ;
#3077 = DIRECTION ( 'NONE',  ( -1.000000000000000000, -1.204669080539449837E-16, -0.000000000000000000 ) ) ;
#3078 = CARTESIAN_POINT ( 'NONE',  ( 1.138881578647107595, 0.5345999999999998531, -0.5016032111493438084 ) ) ;
#3079 =( NAMED_UNIT ( * ) PLANE_ANGLE_UNIT ( ) SI_UNIT ( $, .RADIAN. ) );
#3080 = CARTESIAN_POINT ( 'NONE',  ( 1.099936050430405210, 0.5345999999999998531, -0.5193737388484154227 ) ) ;
#3081 = UNCERTAINTY_MEASURE_WITH_UNIT (LENGTH_MEASURE( 1.000000000000000082E-05 ), #448, 'distance_accuracy_value', 'NONE');
#3082 = EDGE_CURVE ( 'NONE', #214, #937, #1841, .T. ) ;
#3083 = VECTOR ( 'NONE', #2786, 1000.000000000000000 ) ;
#3084 = VECTOR ( 'NONE', #2438, 1000.000000000000000 ) ;
#3085 = CARTESIAN_POINT ( 'NONE',  ( 1.656129032258064404, -0.01539999999999996406, -0.9000000000000000222 ) ) ;
#3086 = PRESENTATION_LAYER_ASSIGNMENT (  '', '', ( #779 ) ) ;
#3087 = EDGE_CURVE ( 'NONE', #885, #2771, #2824, .T. ) ;
#3088 = FACE_BOUND ( 'NONE', #1525, .T. ) ;
#3089 = CARTESIAN_POINT ( 'NONE',  ( 0.5657232049947971131, 0.5346999999999999531, -0.3768750000000000155 ) ) ;
#3090 = ORIENTED_EDGE ( 'NONE', *, *, #1053, .F. ) ;
#3091 = ORIENTED_EDGE ( 'NONE', *, *, #3192, .T. ) ;
#3092 =( NAMED_UNIT ( * ) PLANE_ANGLE_UNIT ( ) SI_UNIT ( $, .RADIAN. ) );
#3093 = VECTOR ( 'NONE', #2403, 1000.000000000000000 ) ;
#3094 = SURFACE_STYLE_FILL_AREA ( #1204 ) ;
#3095 = SURFACE_STYLE_USAGE ( .BOTH. , #1438 ) ;
#3096 =( LENGTH_UNIT ( ) NAMED_UNIT ( * ) SI_UNIT ( .MILLI., .METRE. ) );
#3097 = AXIS2_PLACEMENT_3D ( 'NONE', #1178, #2858, #3329 ) ;
#3098 = CARTESIAN_POINT ( 'NONE',  ( 0.9849538863347389039, 0.5345999999999999641, -0.4682489808992192359 ) ) ;
#3099 = COLOUR_RGB ( '',0.8980392156862745390, 0.9215686274509803377, 0.9294117647058823817 ) ;
#3100 = VECTOR ( 'NONE', #1092, 1000.000000000000000 ) ;
#3101 = FILL_AREA_STYLE_COLOUR ( '', #2470 ) ;
#3102 = AXIS2_PLACEMENT_3D ( 'NONE', #110, #1210, #2012 ) ;
#3103 = ADVANCED_FACE ( 'NONE', ( #177 ), #963, .F. ) ;
#3104 = SURFACE_SIDE_STYLE ('',( #2828 ) ) ;
#3105 = FACE_OUTER_BOUND ( 'NONE', #3016, .T. ) ;
#3106 = LINE ( 'NONE', #2622, #2782 ) ;
#3107 = CARTESIAN_POINT ( 'NONE',  ( 0.7462663575337484811, 0.5345999999999999641, -0.4517119266896063023 ) ) ;
#3108 = ORIENTED_EDGE ( 'NONE', *, *, #1941, .T. ) ;
#3109 = EDGE_CURVE ( 'NONE', #236, #591, #2840, .T. ) ;
#3110 = UNCERTAINTY_MEASURE_WITH_UNIT (LENGTH_MEASURE( 1.000000000000000082E-05 ), #933, 'distance_accuracy_value', 'NONE');
#3111 = VERTEX_POINT ( 'NONE', #2572 ) ;
#3112 = DIRECTION ( 'NONE',  ( 0.000000000000000000, -0.000000000000000000, -1.000000000000000000 ) ) ;
#3113 = CARTESIAN_POINT ( 'NONE',  ( 1.656129032258064626, 0.5038000000000001366, -0.9000000000000000222 ) ) ;
#3114 = MECHANICAL_DESIGN_GEOMETRIC_PRESENTATION_REPRESENTATION (  '', ( #2653 ), #2366 ) ;
#3115 = SURFACE_SIDE_STYLE ('',( #1473 ) ) ;
#3116 = UNCERTAINTY_MEASURE_WITH_UNIT (LENGTH_MEASURE( 1.000000000000000082E-05 ), #2724, 'distance_accuracy_value', 'NONE');
#3117 = LINE ( 'NONE', #928, #793 ) ;
#3118 = CARTESIAN_POINT ( 'NONE',  ( 1.051739621429039984, 0.5345999999999998531, -0.4178810206102017144 ) ) ;
#3119 = FILL_AREA_STYLE_COLOUR ( '', #2070 ) ;
#3120 = ADVANCED_FACE ( 'NONE', ( #2306 ), #1242, .T. ) ;
#3121 = ORIENTED_EDGE ( 'NONE', *, *, #276, .F. ) ;
#3122 = DIRECTION ( 'NONE',  ( -1.000000000000000000, 0.000000000000000000, 0.000000000000000000 ) ) ;
#3123 = VECTOR ( 'NONE', #2823, 1000.000000000000000 ) ;
#3124 = VECTOR ( 'NONE', #1686, 1000.000000000000000 ) ;
#3125 =( NAMED_UNIT ( * ) SI_UNIT ( $, .STERADIAN. ) SOLID_ANGLE_UNIT ( ) );
#3126 = EDGE_LOOP ( 'NONE', ( #606, #1303, #983, #1130 ) ) ;
#3127 = VERTEX_POINT ( 'NONE', #2137 ) ;
#3128 = CARTESIAN_POINT ( 'NONE',  ( -0.02193548387096774452, 0.5191999999999999948, 0.000000000000000000 ) ) ;
#3129 = ADVANCED_FACE ( 'NONE', ( #2391 ), #3440, .F. ) ;
#3130 = ORIENTED_EDGE ( 'NONE', *, *, #2841, .T. ) ;
#3131 = CARTESIAN_POINT ( 'NONE',  ( 0.8173428384180279060, 0.5346999999999999531, -0.5265488533792125336 ) ) ;
#3132 = DIRECTION ( 'NONE',  ( -1.204669080539449837E-16, 1.000000000000000000, 0.000000000000000000 ) ) ;
#3133 = SURFACE_STYLE_USAGE ( .BOTH. , #1420 ) ;
#3134 = FILL_AREA_STYLE ('',( #3101 ) ) ;
#3135 = CARTESIAN_POINT ( 'NONE',  ( 1.067805097762828392, 0.5346999999999999531, -0.5265488533792126447 ) ) ;
#3136 = VERTEX_POINT ( 'NONE', #2909 ) ;
#3137 = CARTESIAN_POINT ( 'NONE',  ( 0.3780645161290323020, 0.000000000000000000, -0.9000000000000000222 ) ) ;
#3138 = LINE ( 'NONE', #723, #1391 ) ;
#3139 = DIRECTION ( 'NONE',  ( 1.000000000000000000, 0.000000000000000000, 0.000000000000000000 ) ) ;
#3140 = PLANE ( 'NONE',  #1191 ) ;
#3141 = VERTEX_POINT ( 'NONE', #521 ) ;
#3142 = MECHANICAL_DESIGN_GEOMETRIC_PRESENTATION_REPRESENTATION (  '', ( #836 ), #1834 ) ;
#3143 = ORIENTED_EDGE ( 'NONE', *, *, #225, .T. ) ;
#3144 = PRESENTATION_STYLE_ASSIGNMENT (( #2819 ) ) ;
#3145 = EDGE_CURVE ( 'NONE', #630, #2207, #2967, .T. ) ;
#3146 = EDGE_CURVE ( 'NONE', #860, #165, #1580, .T. ) ;
#3147 = ORIENTED_EDGE ( 'NONE', *, *, #2775, .T. ) ;
#3148 =( NAMED_UNIT ( * ) PLANE_ANGLE_UNIT ( ) SI_UNIT ( $, .RADIAN. ) );
#3149 = LINE ( 'NONE', #2629, #67 ) ;
#3150 =( GEOMETRIC_REPRESENTATION_CONTEXT ( 3 ) GLOBAL_UNCERTAINTY_ASSIGNED_CONTEXT ( ( #2718 ) ) GLOBAL_UNIT_ASSIGNED_CONTEXT ( ( #3300, #183, #414 ) ) REPRESENTATION_CONTEXT ( 'NONE', 'WORKASPACE' ) );
#3151 = ADVANCED_FACE ( 'NONE', ( #1059 ), #2645, .T. ) ;
#3152 = UNCERTAINTY_MEASURE_WITH_UNIT (LENGTH_MEASURE( 1.000000000000000082E-05 ), #1891, 'distance_accuracy_value', 'NONE');
#3153 = UNCERTAINTY_MEASURE_WITH_UNIT (LENGTH_MEASURE( 1.000000000000000082E-05 ), #1738, 'distance_accuracy_value', 'NONE');
#3154 = CARTESIAN_POINT ( 'NONE',  ( 0.9967286168785487455, 0.5346999999999998421, -0.5016032111493438084 ) ) ;
#3155 = AXIS2_PLACEMENT_3D ( 'NONE', #2658, #1320, #3240 ) ;
#3156 = ORIENTED_EDGE ( 'NONE', *, *, #3145, .F. ) ;
#3157 = CARTESIAN_POINT ( 'NONE',  ( 1.138881578647107595, 0.5345999999999998531, -0.3020380733103935622 ) ) ;
#3158 = VECTOR ( 'NONE', #1492, 1000.000000000000000 ) ;
#3159 = CARTESIAN_POINT ( 'NONE',  ( 0.9261082054436873268, 0.5345999999999999641, -0.4350052048712551023 ) ) ;
#3160 = EDGE_LOOP ( 'NONE', ( #1945, #1801, #3037, #170 ) ) ;
#3161 = FACE_OUTER_BOUND ( 'NONE', #1080, .T. ) ;
#3162 = PRESENTATION_LAYER_ASSIGNMENT (  '', '', ( #1757 ) ) ;
#3163 = ORIENTED_EDGE ( 'NONE', *, *, #1491, .T. ) ;
#3164 = LINE ( 'NONE', #1816, #753 ) ;
#3165 = SURFACE_SIDE_STYLE ('',( #3456 ) ) ;
#3166 = ORIENTED_EDGE ( 'NONE', *, *, #1, .F. ) ;
#3167 = ORIENTED_EDGE ( 'NONE', *, *, #2687, .F. ) ;
#3168 = DIRECTION ( 'NONE',  ( 0.000000000000000000, 0.000000000000000000, -1.000000000000000000 ) ) ;
#3169 = EDGE_CURVE ( 'NONE', #1292, #187, #2677, .T. ) ;
#3170 = ORIENTED_EDGE ( 'NONE', *, *, #2663, .F. ) ;
#3171 = DIRECTION ( 'NONE',  ( 0.000000000000000000, 1.000000000000000000, 0.000000000000000000 ) ) ;
#3172 = CARTESIAN_POINT ( 'NONE',  ( 0.8646532991793234313, 0.5346999999999999531, -0.4865027169182385980 ) ) ;
#3173 =( LENGTH_UNIT ( ) NAMED_UNIT ( * ) SI_UNIT ( .MILLI., .METRE. ) );
#3174 = VECTOR ( 'NONE', #1362, 1000.000000000000000 ) ;
#3175 = LINE ( 'NONE', #2566, #125 ) ;
#3176 =( BOUNDED_CURVE ( )  B_SPLINE_CURVE ( 3, ( #1887, #1629, #1097, #308, #2694, #281, #8 ),
 .UNSPECIFIED., .F., .F. ) 
 B_SPLINE_CURVE_WITH_KNOTS ( ( 4, 3, 4 ),
 ( 0.7500000000000000000, 1.000000000000000000, 1.249999999999999556 ),
 .UNSPECIFIED. ) 
 CURVE ( )  GEOMETRIC_REPRESENTATION_ITEM ( )  RATIONAL_B_SPLINE_CURVE ( ( 0.5000000000000000000, 0.5000000000000000000, 0.6666666666666667407, 1.000000000000000000, 0.6666666666666672958, 0.5000000000000006661, 0.5000000000000000000 ) ) 
 REPRESENTATION_ITEM ( '' )  );
#3177 = AXIS2_PLACEMENT_3D ( 'NONE', #1544, #744, #153 ) ;
#3178 = ORIENTED_EDGE ( 'NONE', *, *, #1076, .T. ) ;
#3179 = CARTESIAN_POINT ( 'NONE',  ( 0.9849538863347389039, 0.5346999999999999531, -0.4350052048712551023 ) ) ;
#3180 = DIRECTION ( 'NONE',  ( -1.000000000000000000, 3.089178984103918623E-16, 0.000000000000000000 ) ) ;
#3181 = ORIENTED_EDGE ( 'NONE', *, *, #2556, .F. ) ;
#3182 = CARTESIAN_POINT ( 'NONE',  ( 0.8646532991793234313, 0.5345999999999999641, -0.5265488533792125336 ) ) ;
#3183 = ORIENTED_EDGE ( 'NONE', *, *, #2297, .T. ) ;
#3184 =( NAMED_UNIT ( * ) SI_UNIT ( $, .STERADIAN. ) SOLID_ANGLE_UNIT ( ) );
#3185 = CARTESIAN_POINT ( 'NONE',  ( 0.9849538863347389039, 0.5345999999999999641, -0.4350052048712551023 ) ) ;
#3186 = ORIENTED_EDGE ( 'NONE', *, *, #914, .T. ) ;
#3187 = FACE_OUTER_BOUND ( 'NONE', #283, .T. ) ;
#3188 = ADVANCED_FACE ( 'NONE', ( #3229 ), #209, .F. ) ;
#3189 = DIRECTION ( 'NONE',  ( 0.000000000000000000, 1.000000000000000000, 0.000000000000000000 ) ) ;
#3190 = DIRECTION ( 'NONE',  ( 0.000000000000000000, -0.000000000000000000, -1.000000000000000000 ) ) ;
#3191 = CARTESIAN_POINT ( 'NONE',  ( 0.000000000000000000, 0.000000000000000000, 0.000000000000000000 ) ) ;
#3192 = EDGE_CURVE ( 'NONE', #438, #1363, #446, .T. ) ;
#3193 = LINE ( 'NONE', #1626, #41 ) ;
#3194 = ORIENTED_EDGE ( 'NONE', *, *, #252, .F. ) ;
#3195 = FILL_AREA_STYLE ('',( #1547 ) ) ;
#3196 = CARTESIAN_POINT ( 'NONE',  ( 0.8646532991793234313, 0.5345999999999999641, -0.4865027169182385980 ) ) ;
#3197 = PRESENTATION_LAYER_ASSIGNMENT (  '', '', ( #1224 ) ) ;
#3198 = ORIENTED_EDGE ( 'NONE', *, *, #2797, .T. ) ;
#3199 =( LENGTH_UNIT ( ) NAMED_UNIT ( * ) SI_UNIT ( .MILLI., .METRE. ) );
#3200 = ORIENTED_EDGE ( 'NONE', *, *, #3397, .T. ) ;
#3201 = CARTESIAN_POINT ( 'NONE',  ( 1.278064516129032047, 0.5191999999999999948, -0.9000000000000000222 ) ) ;
#3202 = CARTESIAN_POINT ( 'NONE',  ( 1.656129032258064404, -0.01539999999999996406, -0.9000000000000000222 ) ) ;
#3203 = EDGE_LOOP ( 'NONE', ( #2408, #1184, #1784, #1614 ) ) ;
#3204 = FACE_OUTER_BOUND ( 'NONE', #954, .T. ) ;
#3205 = EDGE_CURVE ( 'NONE', #772, #630, #3244, .T. ) ;
#3206 = VECTOR ( 'NONE', #1038, 1000.000000000000000 ) ;
#3207 = DIRECTION ( 'NONE',  ( 0.000000000000000000, -1.000000000000000000, 0.000000000000000000 ) ) ;
#3208 = AXIS2_PLACEMENT_3D ( 'NONE', #2001, #1166, #2547 ) ;
#3209 = CARTESIAN_POINT ( 'NONE',  ( 0.8646532991793234313, 0.5346999999999999531, -0.4865027169182385980 ) ) ;
#3210 = PRESENTATION_LAYER_ASSIGNMENT (  '', '', ( #1237 ) ) ;
#3211 = PLANE ( 'NONE',  #2132 ) ;
#3212 = ORIENTED_EDGE ( 'NONE', *, *, #906, .T. ) ;
#3213 = ADVANCED_FACE ( 'NONE', ( #840 ), #1907, .T. ) ;
#3214 = VERTEX_POINT ( 'NONE', #25 ) ;
#3216 = VECTOR ( 'NONE', #3484, 1000.000000000000000 ) ;
#3215 = FACE_OUTER_BOUND ( 'NONE', #628, .T. ) ;
#3217 = SURFACE_SIDE_STYLE ('',( #1010 ) ) ;
#3218 = ORIENTED_EDGE ( 'NONE', *, *, #1309, .T. ) ;
#3219 = FACE_OUTER_BOUND ( 'NONE', #681, .T. ) ;
#3220 = ORIENTED_EDGE ( 'NONE', *, *, #337, .T. ) ;
#3221 = CARTESIAN_POINT ( 'NONE',  ( 0.3780645161290323020, 0.5191999999999998838, -0.9000000000000000222 ) ) ;
#3222 = LINE ( 'NONE', #1623, #1055 ) ;
#3223 = EDGE_CURVE ( 'NONE', #3127, #1056, #2987, .T. ) ;
#3224 = CARTESIAN_POINT ( 'NONE',  ( 1.035674145095251575, 0.5346999999999999531, -0.4517119266896063023 ) ) ;
#3225 = EDGE_LOOP ( 'NONE', ( #680, #2113, #2975, #2886, #1282, #1380, #1545, #2906, #2636 ) ) ;
#3226 = ORIENTED_EDGE ( 'NONE', *, *, #1771, .F. ) ;
#3227 =( GEOMETRIC_REPRESENTATION_CONTEXT ( 3 ) GLOBAL_UNCERTAINTY_ASSIGNED_CONTEXT ( ( #2048 ) ) GLOBAL_UNIT_ASSIGNED_CONTEXT ( ( #1596, #2154, #824 ) ) REPRESENTATION_CONTEXT ( 'NONE', 'WORKASPACE' ) );
#3228 = FILL_AREA_STYLE ('',( #2446 ) ) ;
#3229 = FACE_OUTER_BOUND ( 'NONE', #2715, .T. ) ;
#3230 = EDGE_CURVE ( 'NONE', #152, #101, #908, .T. ) ;
#3231 = ORIENTED_EDGE ( 'NONE', *, *, #2841, .F. ) ;
#3232 = CARTESIAN_POINT ( 'NONE',  ( 0.8173428384180279060, 0.5346999999999999531, -0.3768750000000000155 ) ) ;
#3233 = FACE_OUTER_BOUND ( 'NONE', #1648, .T. ) ;
#3234 = SURFACE_SIDE_STYLE ('',( #343 ) ) ;
#3235 = ORIENTED_EDGE ( 'NONE', *, *, #1247, .T. ) ;
#3236 = CARTESIAN_POINT ( 'NONE',  ( 0.4599999999999999645, 0.5038000000000001366, -0.9000000000000000222 ) ) ;
#3237 = PLANE ( 'NONE',  #554 ) ;
#3238 = DIRECTION ( 'NONE',  ( 1.000000000000000000, -0.000000000000000000, -0.000000000000000000 ) ) ;
#3239 =( NAMED_UNIT ( * ) SI_UNIT ( $, .STERADIAN. ) SOLID_ANGLE_UNIT ( ) );
#3240 = DIRECTION ( 'NONE',  ( 1.000000000000000000, 0.000000000000000000, 0.000000000000000000 ) ) ;
#3241 = VERTEX_POINT ( 'NONE', #595 ) ;
#3242 = ORIENTED_EDGE ( 'NONE', *, *, #95, .T. ) ;
#3243 = FACE_BOUND ( 'NONE', #725, .T. ) ;
#3244 = LINE ( 'NONE', #1170, #2513 ) ;
#3245 = EDGE_CURVE ( 'NONE', #1992, #1833, #85, .T. ) ;
#3246 = ORIENTED_EDGE ( 'NONE', *, *, #1974, .T. ) ;
#3247 = AXIS2_PLACEMENT_3D ( 'NONE', #702, #2276, #1775 ) ;
#3248 = LINE ( 'NONE', #2734, #2832 ) ;
#3249 = VECTOR ( 'NONE', #326, 1000.000000000000000 ) ;
#3250 = VECTOR ( 'NONE', #358, 1000.000000000000000 ) ;
#3251 = CARTESIAN_POINT ( 'NONE',  ( 1.656129032258064404, 0.000000000000000000, -0.9000000000000000222 ) ) ;
#3252 = ORIENTED_EDGE ( 'NONE', *, *, #2993, .T. ) ;
#3253 = EDGE_CURVE ( 'NONE', #2934, #2077, #3059, .T. ) ;
#3254 = FILL_AREA_STYLE_COLOUR ( '', #789 ) ;
#3255 = FACE_OUTER_BOUND ( 'NONE', #871, .T. ) ;
#3256 = PLANE ( 'NONE',  #1400 ) ;
#3257 = CARTESIAN_POINT ( 'NONE',  ( 0.7845366261063886348, 0.5345999999999999641, -0.4316293235662193584 ) ) ;
#3258 = STYLED_ITEM ( 'NONE', ( #1710 ), #1636 ) ;
#3259 = CARTESIAN_POINT ( 'NONE',  ( 0.4599999999999999645, 0.5038000000000001366, -0.9000000000000000222 ) ) ;
#3260 = DIRECTION ( 'NONE',  ( 1.000000000000000000, 0.000000000000000000, 0.000000000000000000 ) ) ;
#3261 = ORIENTED_EDGE ( 'NONE', *, *, #1206, .T. ) ;
#3262 = PRESENTATION_LAYER_ASSIGNMENT (  '', '', ( #2019 ) ) ;
#3263 = ORIENTED_EDGE ( 'NONE', *, *, #1401, .F. ) ;
#3264 = SURFACE_STYLE_FILL_AREA ( #3228 ) ;
#3265 = DIRECTION ( 'NONE',  ( -1.000000000000000000, 0.000000000000000000, -0.000000000000000000 ) ) ;
#3266 = ORIENTED_EDGE ( 'NONE', *, *, #2381, .F. ) ;
#3267 = EDGE_CURVE ( 'NONE', #2784, #1992, #3301, .T. ) ;
#3268 = CARTESIAN_POINT ( 'NONE',  ( 0.9967286168785487455, 0.5347000000000001751, -0.4517119266896063023 ) ) ;
#3269 = CARTESIAN_POINT ( 'NONE',  ( 0.7640562939950138466, 0.5346999999999999531, -0.3768750000000000155 ) ) ;
#3270 = SURFACE_STYLE_FILL_AREA ( #2143 ) ;
#3271 = VERTEX_POINT ( 'NONE', #1669 ) ;
#3272 = EDGE_CURVE ( 'NONE', #1845, #2845, #1925, .T. ) ;
#3273 = FILL_AREA_STYLE ('',( #569 ) ) ;
#3274 = PRESENTATION_LAYER_ASSIGNMENT (  '', '', ( #2653 ) ) ;
#3275 = DIRECTION ( 'NONE',  ( 3.160821637233196943E-16, -1.000000000000000000, 0.000000000000000000 ) ) ;
#3276 = CARTESIAN_POINT ( 'NONE',  ( 1.278064516129032047, 0.000000000000000000, -0.9000000000000000222 ) ) ;
#3277 = DIRECTION ( 'NONE',  ( 0.000000000000000000, 1.000000000000000000, 0.000000000000000000 ) ) ;
#3278 = ORIENTED_EDGE ( 'NONE', *, *, #421, .F. ) ;
#3279 = ORIENTED_EDGE ( 'NONE', *, *, #2467, .F. ) ;
#3280 = CARTESIAN_POINT ( 'NONE',  ( 0.8124387813336694242, 0.5345999999999999641, -0.4333628294352412369 ) ) ;
#3281 = DIRECTION ( 'NONE',  ( 0.000000000000000000, 0.000000000000000000, 1.000000000000000000 ) ) ;
#3282 = ORIENTED_EDGE ( 'NONE', *, *, #1484, .T. ) ;
#3283 =( LENGTH_UNIT ( ) NAMED_UNIT ( * ) SI_UNIT ( .MILLI., .METRE. ) );
#3284 = CARTESIAN_POINT ( 'NONE',  ( -0.02193548387096774452, 0.5191999999999999948, -0.9000000000000000222 ) ) ;
#3285 = VECTOR ( 'NONE', #2855, 1000.000000000000000 ) ;
#3286 = DIRECTION ( 'NONE',  ( 0.000000000000000000, 1.000000000000000000, -0.000000000000000000 ) ) ;
#3287 =( LENGTH_UNIT ( ) NAMED_UNIT ( * ) SI_UNIT ( .MILLI., .METRE. ) );
#3288 = AXIS2_PLACEMENT_3D ( 'NONE', #579, #356, #315 ) ;
#3289 = MECHANICAL_DESIGN_GEOMETRIC_PRESENTATION_REPRESENTATION (  '', ( #657 ), #1493 ) ;
#3290 = CARTESIAN_POINT ( 'NONE',  ( 1.656129032258064404, 0.000000000000000000, 0.000000000000000000 ) ) ;
#3291 = EDGE_CURVE ( 'NONE', #371, #1350, #1961, .T. ) ;
#3292 = CARTESIAN_POINT ( 'NONE',  ( 0.8646532991793234313, 0.5345999999999999641, -0.4865027169182385980 ) ) ;
#3293 = FACE_OUTER_BOUND ( 'NONE', #1148, .T. ) ;
#3294 = CARTESIAN_POINT ( 'NONE',  ( 0.6924848844005146997, 0.5345999999999999641, -0.4582051529417540681 ) ) ;
#3295 = CARTESIAN_POINT ( 'NONE',  ( 0.8646532991793234313, 0.5346999999999999531, -0.5265488533792125336 ) ) ;
#3296 = DIRECTION ( 'NONE',  ( 0.000000000000000000, 0.000000000000000000, 1.000000000000000000 ) ) ;
#3297 = ORIENTED_EDGE ( 'NONE', *, *, #3407, .T. ) ;
#3298 = ORIENTED_EDGE ( 'NONE', *, *, #269, .F. ) ;
#3299 = EDGE_CURVE ( 'NONE', #3057, #3426, #2190, .T. ) ;
#3300 =( LENGTH_UNIT ( ) NAMED_UNIT ( * ) SI_UNIT ( .MILLI., .METRE. ) );
#3301 = LINE ( 'NONE', #1115, #2971 ) ;
#3302 = VERTEX_POINT ( 'NONE', #309 ) ;
#3303 = ORIENTED_EDGE ( 'NONE', *, *, #1370, .F. ) ;
#3304 = FILL_AREA_STYLE ('',( #87 ) ) ;
#3305 = FILL_AREA_STYLE ('',( #2716 ) ) ;
#3306 = PRESENTATION_STYLE_ASSIGNMENT (( #1706 ) ) ;
#3307 = CARTESIAN_POINT ( 'NONE',  ( 0.4599999999999999645, 0.000000000000000000, 0.000000000000000000 ) ) ;
#3308 = LINE ( 'NONE', #2555, #1637 ) ;
#3309 = CARTESIAN_POINT ( 'NONE',  ( 1.196129032258064440, 0.000000000000000000, -0.9000000000000000222 ) ) ;
#3310 =( GEOMETRIC_REPRESENTATION_CONTEXT ( 3 ) GLOBAL_UNCERTAINTY_ASSIGNED_CONTEXT ( ( #1279 ) ) GLOBAL_UNIT_ASSIGNED_CONTEXT ( ( #2115, #1324, #1852 ) ) REPRESENTATION_CONTEXT ( 'NONE', 'WORKASPACE' ) );
#3311 = CARTESIAN_POINT ( 'NONE',  ( 0.7818045979758883046, 0.5345999999999999641, -0.3768750000000000155 ) ) ;
#3312 =( BOUNDED_CURVE ( )  B_SPLINE_CURVE ( 3, ( #798, #550, #2439, #1036, #1369, #1353, #1106 ),
 .UNSPECIFIED., .F., .T. ) 
 B_SPLINE_CURVE_WITH_KNOTS ( ( 4, 3, 4 ),
 ( 0.7500000000000002220, 1.000000000000000000, 1.250000000000000000 ),
 .UNSPECIFIED. ) 
 CURVE ( )  GEOMETRIC_REPRESENTATION_ITEM ( )  RATIONAL_B_SPLINE_CURVE ( ( 0.5000000000000000000, 0.5000000000000003331, 0.6666666666666669627, 1.000000000000000000, 0.6666666666666667407, 0.5000000000000000000, 0.5000000000000000000 ) ) 
 REPRESENTATION_ITEM ( '' )  );
#3313 = STYLED_ITEM ( 'NONE', ( #77 ), #1316 ) ;
#3314 = CARTESIAN_POINT ( 'NONE',  ( 0.7818045979758883046, 0.5346999999999999531, -0.3768750000000000155 ) ) ;
#3315 = LINE ( 'NONE', #3035, #3349 ) ;
#3316 = DIRECTION ( 'NONE',  ( 0.000000000000000000, 0.000000000000000000, 1.000000000000000000 ) ) ;
#3317 = ORIENTED_EDGE ( 'NONE', *, *, #1847, .F. ) ;
#3318 = EDGE_LOOP ( 'NONE', ( #3042, #957, #1680, #297 ) ) ;
#3319 = CARTESIAN_POINT ( 'NONE',  ( 0.7845366261063888569, 0.5345999999999999641, -0.4519200433913762582 ) ) ;
#3320 = ORIENTED_EDGE ( 'NONE', *, *, #800, .F. ) ;
#3321 = PRESENTATION_STYLE_ASSIGNMENT (( #889 ) ) ;
#3322 =( GEOMETRIC_REPRESENTATION_CONTEXT ( 3 ) GLOBAL_UNCERTAINTY_ASSIGNED_CONTEXT ( ( #3152 ) ) GLOBAL_UNIT_ASSIGNED_CONTEXT ( ( #1891, #1084, #1635 ) ) REPRESENTATION_CONTEXT ( 'NONE', 'WORKASPACE' ) );
#3323 = ADVANCED_FACE ( 'NONE', ( #1133 ), #2243, .F. ) ;
#3324 = SURFACE_STYLE_FILL_AREA ( #3305 ) ;
#3325 = COLOUR_RGB ( '',0.8509803921568627194, 0.8509803921568627194, 0.8509803921568627194 ) ;
#3326 = DIRECTION ( 'NONE',  ( -1.000000000000000000, 0.000000000000000000, 0.000000000000000000 ) ) ;
#3327 = FACE_OUTER_BOUND ( 'NONE', #838, .T. ) ;
#3328 = DIRECTION ( 'NONE',  ( 0.000000000000000000, 0.000000000000000000, 1.000000000000000000 ) ) ;
#3329 = DIRECTION ( 'NONE',  ( 1.000000000000000000, 0.000000000000000000, 0.000000000000000000 ) ) ;
#3330 = MECHANICAL_DESIGN_GEOMETRIC_PRESENTATION_REPRESENTATION (  '', ( #2760 ), #1531 ) ;
#3331 = EDGE_CURVE ( 'NONE', #2732, #438, #2769, .T. ) ;
#3332 = LINE ( 'NONE', #1464, #3071 ) ;
#3333 = LINE ( 'NONE', #679, #1065 ) ;
#3334 = ORIENTED_EDGE ( 'NONE', *, *, #2943, .T. ) ;
#3335 = VERTEX_POINT ( 'NONE', #608 ) ;
#3336 = SURFACE_STYLE_USAGE ( .BOTH. , #1187 ) ;
#3337 = ORIENTED_EDGE ( 'NONE', *, *, #2998, .F. ) ;
#3338 =( LENGTH_UNIT ( ) NAMED_UNIT ( * ) SI_UNIT ( .MILLI., .METRE. ) );
#3339 = CARTESIAN_POINT ( 'NONE',  ( 0.7818045979758880826, 0.5346999999999999531, -0.5265488533792125336 ) ) ;
#3340 = DIRECTION ( 'NONE',  ( 0.000000000000000000, 1.000000000000000000, 0.000000000000000000 ) ) ;
#3341 = ADVANCED_FACE ( 'NONE', ( #2504 ), #1683, .T. ) ;
#3342 = DIRECTION ( 'NONE',  ( 0.000000000000000000, 0.000000000000000000, 1.000000000000000000 ) ) ;
#3343 =( LENGTH_UNIT ( ) NAMED_UNIT ( * ) SI_UNIT ( .MILLI., .METRE. ) );
#3344 = VECTOR ( 'NONE', #656, 1000.000000000000000 ) ;
#3345 = PRESENTATION_LAYER_ASSIGNMENT (  '', '', ( #956 ) ) ;
#3346 =( GEOMETRIC_REPRESENTATION_CONTEXT ( 3 ) GLOBAL_UNCERTAINTY_ASSIGNED_CONTEXT ( ( #2542 ) ) GLOBAL_UNIT_ASSIGNED_CONTEXT ( ( #3283, #632, #2772 ) ) REPRESENTATION_CONTEXT ( 'NONE', 'WORKASPACE' ) );
#3347 = STYLED_ITEM ( 'NONE', ( #3053 ), #3479 ) ;
#3348 = CARTESIAN_POINT ( 'NONE',  ( 0.8173428384180279060, 0.5345999999999999641, -0.5265488533792125336 ) ) ;
#3349 = VECTOR ( 'NONE', #2531, 1000.000000000000000 ) ;
#3350 = DIRECTION ( 'NONE',  ( -1.000000000000000000, 0.000000000000000000, 0.000000000000000000 ) ) ;
#3351 = ORIENTED_EDGE ( 'NONE', *, *, #1005, .F. ) ;
#3352 = VERTEX_POINT ( 'NONE', #62 ) ;
#3353 = DIRECTION ( 'NONE',  ( -1.000000000000000000, 0.000000000000000000, 0.000000000000000000 ) ) ;
#3354 =( NAMED_UNIT ( * ) SI_UNIT ( $, .STERADIAN. ) SOLID_ANGLE_UNIT ( ) );
#3355 = EDGE_CURVE ( 'NONE', #2568, #2191, #1152, .T. ) ;
#3356 = CARTESIAN_POINT ( 'NONE',  ( 0.3780645161290323020, -0.01540000000000006988, -0.9000000000000000222 ) ) ;
#3357 = DIRECTION ( 'NONE',  ( 0.000000000000000000, 1.000000000000000000, 0.000000000000000000 ) ) ;
#3358 = SURFACE_STYLE_FILL_AREA ( #3377 ) ;
#3359 = CARTESIAN_POINT ( 'NONE',  ( 0.6185244016848174820, 0.5345999999999999641, -0.3768750000000000155 ) ) ;
#3360 = VECTOR ( 'NONE', #3004, 1000.000000000000000 ) ;
#3361 = EDGE_CURVE ( 'NONE', #907, #2871, #1433, .T. ) ;
#3362 = STYLED_ITEM ( 'NONE', ( #3399 ), #758 ) ;
#3363 = CARTESIAN_POINT ( 'NONE',  ( 0.4599999999999999645, 0.5038000000000001366, -0.9000000000000000222 ) ) ;
#3364 = DIRECTION ( 'NONE',  ( 0.000000000000000000, 0.000000000000000000, 1.000000000000000000 ) ) ;
#3365 = CARTESIAN_POINT ( 'NONE',  ( 0.9849538863347389039, 0.5345999999999999641, -0.4682489808992192359 ) ) ;
#3366 = ORIENTED_EDGE ( 'NONE', *, *, #53, .T. ) ;
#3367 = ORIENTED_EDGE ( 'NONE', *, *, #120, .F. ) ;
#3368 = CARTESIAN_POINT ( 'NONE',  ( 1.278064516129032047, 0.000000000000000000, 0.000000000000000000 ) ) ;
#3369 = DIRECTION ( 'NONE',  ( 0.000000000000000000, 1.000000000000000000, 0.000000000000000000 ) ) ;
#3370 = CARTESIAN_POINT ( 'NONE',  ( 0.9849538863347389039, 0.5345999999999999641, -0.4682489808992192359 ) ) ;
#3371 = VECTOR ( 'NONE', #2122, 1000.000000000000000 ) ;
#3372 = COLOUR_RGB ( '',0.8980392156862745390, 0.9215686274509803377, 0.9294117647058823817 ) ;
#3373 = ADVANCED_FACE ( 'NONE', ( #370 ), #2260, .F. ) ;
#3374 = CARTESIAN_POINT ( 'NONE',  ( 0.8844775060546001821, 0.5346999999999999531, -0.3768750000000000155 ) ) ;
#3375 =( GEOMETRIC_REPRESENTATION_CONTEXT ( 3 ) GLOBAL_UNCERTAINTY_ASSIGNED_CONTEXT ( ( #466 ) ) GLOBAL_UNIT_ASSIGNED_CONTEXT ( ( #971, #3384, #3125 ) ) REPRESENTATION_CONTEXT ( 'NONE', 'WORKASPACE' ) );
#3376 = AXIS2_PLACEMENT_3D ( 'NONE', #3251, #2991, #582 ) ;
#3377 = FILL_AREA_STYLE ('',( #965 ) ) ;
#3378 = SURFACE_SIDE_STYLE ('',( #2063 ) ) ;
#3379 = CLOSED_SHELL ( 'NONE', ( #2010, #2316, #2698, #967, #1223, #3188 ) ) ;
#3380 = PLANE ( 'NONE',  #955 ) ;
#3381 = CARTESIAN_POINT ( 'NONE',  ( 0.9261082054436873268, 0.5345999999999999641, -0.4878935680071291858 ) ) ;
#3382 = EDGE_CURVE ( 'NONE', #2871, #2077, #2424, .T. ) ;
#3383 = FACE_OUTER_BOUND ( 'NONE', #887, .T. ) ;
#3384 =( NAMED_UNIT ( * ) PLANE_ANGLE_UNIT ( ) SI_UNIT ( $, .RADIAN. ) );
#3385 = ORIENTED_EDGE ( 'NONE', *, *, #1982, .T. ) ;
#3386 = UNCERTAINTY_MEASURE_WITH_UNIT (LENGTH_MEASURE( 1.000000000000000082E-05 ), #366, 'distance_accuracy_value', 'NONE');
#3387 = ORIENTED_EDGE ( 'NONE', *, *, #499, .F. ) ;
#3388 = LINE ( 'NONE', #2288, #1874 ) ;
#3389 = ORIENTED_EDGE ( 'NONE', *, *, #396, .F. ) ;
#3390 = CARTESIAN_POINT ( 'NONE',  ( 1.035674145095251797, 0.5345999999999998531, -0.5193737388484154227 ) ) ;
#3391 =( NAMED_UNIT ( * ) PLANE_ANGLE_UNIT ( ) SI_UNIT ( $, .RADIAN. ) );
#3392 = UNCERTAINTY_MEASURE_WITH_UNIT (LENGTH_MEASURE( 1.000000000000000082E-05 ), #1205, 'distance_accuracy_value', 'NONE');
#3393 = DIRECTION ( 'NONE',  ( -1.000000000000000000, 0.000000000000000000, 0.000000000000000000 ) ) ;
#3394 = MECHANICAL_DESIGN_GEOMETRIC_PRESENTATION_REPRESENTATION (  '', ( #1150 ), #2435 ) ;
#3395 = ORIENTED_EDGE ( 'NONE', *, *, #2035, .T. ) ;
#3396 = DIRECTION ( 'NONE',  ( 0.000000000000000000, -1.000000000000000000, 0.000000000000000000 ) ) ;
#3397 = EDGE_CURVE ( 'NONE', #1830, #3241, #1090, .T. ) ;
#3398 =( GEOMETRIC_REPRESENTATION_CONTEXT ( 3 ) GLOBAL_UNCERTAINTY_ASSIGNED_CONTEXT ( ( #2326 ) ) GLOBAL_UNIT_ASSIGNED_CONTEXT ( ( #2334, #1286, #1487 ) ) REPRESENTATION_CONTEXT ( 'NONE', 'WORKASPACE' ) );
#3399 = PRESENTATION_STYLE_ASSIGNMENT (( #2939 ) ) ;
#3400 = PRESENTATION_LAYER_ASSIGNMENT (  '', '', ( #1877 ) ) ;
#3401 = PRESENTATION_STYLE_ASSIGNMENT (( #2562 ) ) ;
#3402 = ORIENTED_EDGE ( 'NONE', *, *, #1401, .T. ) ;
#3403 = AXIS2_PLACEMENT_3D ( 'NONE', #3068, #2831, #97 ) ;
#3404 = EDGE_LOOP ( 'NONE', ( #2932, #2945, #2870, #2429 ) ) ;
#3405 = DIRECTION ( 'NONE',  ( 0.3889793462475059083, 0.000000000000000000, 0.9212464752675382229 ) ) ;
#3406 = EDGE_LOOP ( 'NONE', ( #260, #2261, #721, #786 ) ) ;
#3407 = EDGE_CURVE ( 'NONE', #1788, #3241, #602, .T. ) ;
#3408 = CARTESIAN_POINT ( 'NONE',  ( 0.7818045979758880826, 0.5345999999999998531, -0.5265488533792125336 ) ) ;
#3409 = PRESENTATION_STYLE_ASSIGNMENT (( #2324 ) ) ;
#3410 = LINE ( 'NONE', #449, #1095 ) ;
#3411 = CARTESIAN_POINT ( 'NONE',  ( 0.7025950329167406361, 0.5346999999999999531, -0.4344952741022945486 ) ) ;
#3412 = VERTEX_POINT ( 'NONE', #2150 ) ;
#3413 = PLANE ( 'NONE',  #835 ) ;
#3414 =( NAMED_UNIT ( * ) SI_UNIT ( $, .STERADIAN. ) SOLID_ANGLE_UNIT ( ) );
#3415 = PRESENTATION_LAYER_ASSIGNMENT (  '', '', ( #2970 ) ) ;
#3416 = CARTESIAN_POINT ( 'NONE',  ( 0.7025950329167406361, 0.5345999999999999641, -0.4344952741022945486 ) ) ;
#3417 = MECHANICAL_DESIGN_GEOMETRIC_PRESENTATION_REPRESENTATION (  '', ( #1791 ), #3310 ) ;
#3418 = EDGE_LOOP ( 'NONE', ( #743, #852, #2800, #3186 ) ) ;
#3419 = DIRECTION ( 'NONE',  ( 0.000000000000000000, -1.000000000000000000, 0.000000000000000000 ) ) ;
#3420 = ORIENTED_EDGE ( 'NONE', *, *, #3087, .F. ) ;
#3421 =( NAMED_UNIT ( * ) SI_UNIT ( $, .STERADIAN. ) SOLID_ANGLE_UNIT ( ) );
#3422 = CARTESIAN_POINT ( 'NONE',  ( 0.3780645161290323020, 0.5345999999999999641, -0.9000000000000000222 ) ) ;
#3423 =( NAMED_UNIT ( * ) SI_UNIT ( $, .STERADIAN. ) SOLID_ANGLE_UNIT ( ) );
#3424 = VECTOR ( 'NONE', #674, 1000.000000000000000 ) ;
#3425 = ADVANCED_FACE ( 'NONE', ( #2167 ), #1739, .F. ) ;
#3426 = VERTEX_POINT ( 'NONE', #832 ) ;
#3427 = PRESENTATION_STYLE_ASSIGNMENT (( #2666 ) ) ;
#3428 =( GEOMETRIC_REPRESENTATION_CONTEXT ( 3 ) GLOBAL_UNCERTAINTY_ASSIGNED_CONTEXT ( ( #363 ) ) GLOBAL_UNIT_ASSIGNED_CONTEXT ( ( #2877, #237, #2938 ) ) REPRESENTATION_CONTEXT ( 'NONE', 'WORKASPACE' ) );
#3429 = UNCERTAINTY_MEASURE_WITH_UNIT (LENGTH_MEASURE( 1.000000000000000082E-05 ), #2891, 'distance_accuracy_value', 'NONE');
#3430 = DIRECTION ( 'NONE',  ( -1.000000000000000000, 0.000000000000000000, -1.611334238267514251E-15 ) ) ;
#3431 = COLOUR_RGB ( '',0.1019607843137254888, 0.1019607843137254888, 0.1019607843137254888 ) ;
#3432 = VERTEX_POINT ( 'NONE', #1128 ) ;
#3433 = CARTESIAN_POINT ( 'NONE',  ( 0.7110158790730440881, 0.5345999999999999641, -0.5265488533792125336 ) ) ;
#3434 = DIRECTION ( 'NONE',  ( -1.000000000000000000, 0.000000000000000000, 0.000000000000000000 ) ) ;
#3435 = CARTESIAN_POINT ( 'NONE',  ( 0.6739538897279853114, 0.5345999999999999641, -0.5265488533792125336 ) ) ;
#3436 = EDGE_CURVE ( 'NONE', #2598, #2274, #767, .T. ) ;
#3437 = PRESENTATION_LAYER_ASSIGNMENT (  '', '', ( #2359 ) ) ;
#3438 = EDGE_LOOP ( 'NONE', ( #3001, #2643, #280, #3235 ) ) ;
#3439 =( LENGTH_UNIT ( ) NAMED_UNIT ( * ) SI_UNIT ( .MILLI., .METRE. ) );
#3440 = PLANE ( 'NONE',  #890 ) ;
#3441 = ORIENTED_EDGE ( 'NONE', *, *, #601, .F. ) ;
#3442 = CARTESIAN_POINT ( 'NONE',  ( 0.9921934257978403116, 0.5345999999999999641, -0.4878935680071291858 ) ) ;
#3443 = EDGE_CURVE ( 'NONE', #187, #3432, #878, .T. ) ;
#3444 = ORIENTED_EDGE ( 'NONE', *, *, #1273, .T. ) ;
#3445 = LINE ( 'NONE', #2953, #2630 ) ;
#3446 = CARTESIAN_POINT ( 'NONE',  ( 1.099936050430404988, 0.5346999999999999531, -0.4517119266896061913 ) ) ;
#3447 = ORIENTED_EDGE ( 'NONE', *, *, #2952, .T. ) ;
#3448 = EDGE_CURVE ( 'NONE', #1468, #2310, #1900, .T. ) ;
#3449 = DIRECTION ( 'NONE',  ( -0.3472853065715590937, 0.000000000000000000, 0.9377595191942859065 ) ) ;
#3450 = CARTESIAN_POINT ( 'NONE',  ( 0.8844775060546001821, 0.5346999999999999531, -0.5265488533792125336 ) ) ;
#3451 = LINE ( 'NONE', #2385, #2245 ) ;
#3452 = COLOUR_RGB ( '',0.7921568627450980005, 0.8196078431372548767, 0.9333333333333333481 ) ;
#3453 = FACE_OUTER_BOUND ( 'NONE', #1271, .T. ) ;
#3454 = ORIENTED_EDGE ( 'NONE', *, *, #3272, .F. ) ;
#3455 = CARTESIAN_POINT ( 'NONE',  ( 0.7462663575337483701, 0.5345999999999998531, -0.5016032111493438084 ) ) ;
#3456 = SURFACE_STYLE_FILL_AREA ( #2375 ) ;
#3457 = VERTEX_POINT ( 'NONE', #3032 ) ;
#3458 = AXIS2_PLACEMENT_3D ( 'NONE', #1713, #2514, #2253 ) ;
#3459 = EDGE_CURVE ( 'NONE', #2521, #3457, #2762, .T. ) ;
#3460 = ORIENTED_EDGE ( 'NONE', *, *, #2879, .F. ) ;
#3461 = DIRECTION ( 'NONE',  ( 0.000000000000000000, 1.000000000000000000, 0.000000000000000000 ) ) ;
#3462 = LINE ( 'NONE', #3411, #2469 ) ;
#3463 = ORIENTED_EDGE ( 'NONE', *, *, #3049, .T. ) ;
#3464 = DIRECTION ( 'NONE',  ( 1.000000000000000000, 0.000000000000000000, 0.000000000000000000 ) ) ;
#3465 = EDGE_CURVE ( 'NONE', #3127, #1360, #2707, .T. ) ;
#3466 = CARTESIAN_POINT ( 'NONE',  ( -1.592421940838084637E-16, 0.5038000000000001366, -0.9000000000000000222 ) ) ;
#3467 = CARTESIAN_POINT ( 'NONE',  ( 0.9967286168785491896, 0.5346999999999999531, -0.4018206422298686298 ) ) ;
#3468 = FACE_OUTER_BOUND ( 'NONE', #2285, .T. ) ;
#3469 = VECTOR ( 'NONE', #619, 1000.000000000000000 ) ;
#3470 = EDGE_LOOP ( 'NONE', ( #1823, #645, #1778, #2244 ) ) ;
#3471 = VERTEX_POINT ( 'NONE', #2726 ) ;
#3472 = COLOUR_RGB ( '',0.8980392156862745390, 0.9215686274509803377, 0.9294117647058823817 ) ;
#3473 = DIRECTION ( 'NONE',  ( 0.000000000000000000, 0.000000000000000000, 1.000000000000000000 ) ) ;
#3474 = AXIS2_PLACEMENT_3D ( 'NONE', #2264, #1138, #1983 ) ;
#3475 = ORIENTED_EDGE ( 'NONE', *, *, #1162, .T. ) ;
#3476 = SURFACE_STYLE_FILL_AREA ( #2378 ) ;
#3477 = VECTOR ( 'NONE', #3396, 1000.000000000000000 ) ;
#3478 = FILL_AREA_STYLE_COLOUR ( '', #2739 ) ;
#3479 = ADVANCED_FACE ( 'NONE', ( #1336 ), #3487, .F. ) ;
#3480 = ORIENTED_EDGE ( 'NONE', *, *, #443, .F. ) ;
#3481 = CARTESIAN_POINT ( 'NONE',  ( 0.8646532991793240974, 0.5345999999999999641, -0.4692009540048023841 ) ) ;
#3482 = EDGE_CURVE ( 'NONE', #2972, #825, #1712, .T. ) ;
#3483 = VECTOR ( 'NONE', #321, 1000.000000000000000 ) ;
#3484 = DIRECTION ( 'NONE',  ( 1.000000000000000000, 0.000000000000000000, 0.000000000000000000 ) ) ;
#3485 = AXIS2_PLACEMENT_3D ( 'NONE', #2777, #1984, #2574 ) ;
#3486 = EDGE_CURVE ( 'NONE', #249, #1815, #3410, .T. ) ;
#3487 = PLANE ( 'NONE',  #1375 ) ;
#3488 = CARTESIAN_POINT ( 'NONE',  ( -0.02193548387096774452, -0.01539999999999995713, 0.000000000000000000 ) ) ;
#3489 = ORIENTED_EDGE ( 'NONE', *, *, #1568, .F. ) ;
#3490 = VERTEX_POINT ( 'NONE', #2558 ) ;
#3492 = AXIS2_PLACEMENT_3D ( 'NONE', #3309, #551, #2778 ) ;
#3491 = CARTESIAN_POINT ( 'NONE',  ( 0.000000000000000000, 0.000000000000000000, 0.000000000000000000 ) ) ;
#3493 = FILL_AREA_STYLE_COLOUR ( '', #2236 ) ;
#3494 = ORIENTED_EDGE ( 'NONE', *, *, #311, .F. ) ;
#3495 = ORIENTED_EDGE ( 'NONE', *, *, #884, .F. ) ;
#3496 = SURFACE_SIDE_STYLE ('',( #1634 ) ) ;
#3497 = DIRECTION ( 'NONE',  ( 0.000000000000000000, 1.000000000000000000, 0.000000000000000000 ) ) ;
#3498 = VERTEX_POINT ( 'NONE', #2615 ) ;
#3499 = CARTESIAN_POINT ( 'NONE',  ( 1.656129032258064404, 0.5191999999999999948, -0.9000000000000000222 ) ) ;
#3500 = CARTESIAN_POINT ( 'NONE',  ( 0.4599999999999999645, 0.5038000000000001366, 0.000000000000000000 ) ) ;
#3501 = SURFACE_STYLE_FILL_AREA ( #2705 ) ;
ENDSEC;
END-ISO-10303-21;
