ISO-10303-21;
HEADER;
FILE_DESCRIPTION (( 'STEP AP214' ),
    '1' );
FILE_NAME ('RS_SMDCHIP_0805_L2.1W1.35T0.6B10.55B20.55.STEP',
    '2024-01-29T20:05:48',
    ( '' ),
    ( '' ),
    'SwSTEP 2.0',
    'SolidWorks 2021',
    '' );
FILE_SCHEMA (( 'AUTOMOTIVE_DESIGN' ));
ENDSEC;

DATA;
#1 = SURFACE_STYLE_FILL_AREA ( #2420 ) ;
#2 = ORIENTED_EDGE ( 'NONE', *, *, #425, .F. ) ;
#3 = CARTESIAN_POINT ( 'NONE',  ( 0.9218584416593362807, 0.5831999999999996076, -0.6775678900344093147 ) ) ;
#4 = DIRECTION ( 'NONE',  ( -1.000000000000000000, 0.000000000000000000, 0.000000000000000000 ) ) ;
#5 = CARTESIAN_POINT ( 'NONE',  ( 1.522903225806452099, -0.01679999999999997121, -1.350000000000000089 ) ) ;
#6 = CARTESIAN_POINT ( 'NONE',  ( 1.279362179235310260, 0.5832999999999997076, -0.6775678900344092037 ) ) ;
#7 = ORIENTED_EDGE ( 'NONE', *, *, #2047, .T. ) ;
#8 = UNCERTAINTY_MEASURE_WITH_UNIT (LENGTH_MEASURE( 1.000000000000000082E-05 ), #738, 'distance_accuracy_value', 'NONE');
#9 = ADVANCED_FACE ( 'NONE', ( #1964 ), #88, .F. ) ;
#10 = CARTESIAN_POINT ( 'NONE',  ( 1.413306451612903691, 0.5495999999999998664, -1.350000000000000089 ) ) ;
#11 = DIRECTION ( 'NONE',  ( 0.000000000000000000, 0.000000000000000000, -1.000000000000000000 ) ) ;
#12 = FILL_AREA_STYLE_COLOUR ( '', #609 ) ;
#13 = FACE_OUTER_BOUND ( 'NONE', #143, .T. ) ;
#14 = ORIENTED_EDGE ( 'NONE', *, *, #3057, .F. ) ;
#15 = CARTESIAN_POINT ( 'NONE',  ( 1.092589860420387859, 0.5832999999999995966, -0.7898232800688187449 ) ) ;
#16 = DIRECTION ( 'NONE',  ( -1.000000000000000000, 0.000000000000000000, 0.000000000000000000 ) ) ;
#17 = PLANE ( 'NONE',  #1898 ) ;
#18 = PLANE ( 'NONE',  #941 ) ;
#19 = PLANE ( 'NONE',  #2062 ) ;
#20 = ORIENTED_EDGE ( 'NONE', *, *, #2822, .F. ) ;
#21 = LINE ( 'NONE', #3001, #729 ) ;
#22 = SURFACE_STYLE_FILL_AREA ( #1880 ) ;
#23 = CARTESIAN_POINT ( 'NONE',  ( 1.009658800398740341, 0.5831999999999996076, -0.7898232800688187449 ) ) ;
#24 =( NAMED_UNIT ( * ) SI_UNIT ( $, .STERADIAN. ) SOLID_ANGLE_UNIT ( ) );
#25 = CARTESIAN_POINT ( 'NONE',  ( 1.068101134280340592, 0.5832999999999995966, -0.7898232800688187449 ) ) ;
#26 = DIRECTION ( 'NONE',  ( 0.000000000000000000, 0.000000000000000000, 1.000000000000000000 ) ) ;
#27 = CARTESIAN_POINT ( 'NONE',  ( 0.6891922885731290860, 0.5831999999999996076, -0.7898232800688187449 ) ) ;
#28 = ORIENTED_EDGE ( 'NONE', *, *, #2991, .F. ) ;
#29 = DIRECTION ( 'NONE',  ( 2.280947528996296938E-16, -1.000000000000000000, -0.000000000000000000 ) ) ;
#30 = PLANE ( 'NONE',  #555 ) ;
#31 = VERTEX_POINT ( 'NONE', #1391 ) ;
#32 = DIRECTION ( 'NONE',  ( 0.000000000000000000, 0.000000000000000000, 1.000000000000000000 ) ) ;
#33 = ORIENTED_EDGE ( 'NONE', *, *, #369, .F. ) ;
#34 = DIRECTION ( 'NONE',  ( 0.000000000000000000, 0.000000000000000000, -1.000000000000000000 ) ) ;
#35 = CARTESIAN_POINT ( 'NONE',  ( 2.045806451612903754, 0.000000000000000000, -1.350000000000000089 ) ) ;
#36 = CARTESIAN_POINT ( 'NONE',  ( 1.144016018489260045, 0.5832999999999995966, -0.7023734713488288817 ) ) ;
#37 =( NAMED_UNIT ( * ) SI_UNIT ( $, .STERADIAN. ) SOLID_ANGLE_UNIT ( ) );
#38 = ADVANCED_FACE ( 'NONE', ( #2180 ), #1132, .F. ) ;
#39 = VERTEX_POINT ( 'NONE', #1359 ) ;
#40 = EDGE_LOOP ( 'NONE', ( #2836, #3014, #472, #2393, #3378, #71, #1331, #1761 ) ) ;
#41 = FACE_OUTER_BOUND ( 'NONE', #1903, .T. ) ;
#42 = AXIS2_PLACEMENT_3D ( 'NONE', #2940, #1596, #258 ) ;
#43 = CARTESIAN_POINT ( 'NONE',  ( 1.144016018489260045, 0.5831999999999996076, -0.6209149699170437575 ) ) ;
#44 = EDGE_CURVE ( 'NONE', #2714, #1416, #2753, .T. ) ;
#45 = VECTOR ( 'NONE', #1807, 1000.000000000000000 ) ;
#46 = FACE_OUTER_BOUND ( 'NONE', #1642, .T. ) ;
#47 = CARTESIAN_POINT ( 'NONE',  ( 1.018472807895940635, 0.5833000000000001517, -0.6272312925211502854 ) ) ;
#48 = STYLED_ITEM ( 'NONE', ( #1545 ), #1478 ) ;
#49 = VECTOR ( 'NONE', #1877, 1000.000000000000000 ) ;
#50 = COLOUR_RGB ( '',0.1019607843137254888, 0.1019607843137254888, 0.1019607843137254888 ) ;
#51 = ORIENTED_EDGE ( 'NONE', *, *, #915, .F. ) ;
#52 = COLOUR_RGB ( '',0.8509803921568627194, 0.8509803921568627194, 0.8509803921568627194 ) ;
#53 = ORIENTED_EDGE ( 'NONE', *, *, #1580, .T. ) ;
#54 = DIRECTION ( 'NONE',  ( 0.000000000000000000, 0.000000000000000000, 1.000000000000000000 ) ) ;
#55 = ORIENTED_EDGE ( 'NONE', *, *, #44, .T. ) ;
#56 =( GEOMETRIC_REPRESENTATION_CONTEXT ( 3 ) GLOBAL_UNCERTAINTY_ASSIGNED_CONTEXT ( ( #3471 ) ) GLOBAL_UNIT_ASSIGNED_CONTEXT ( ( #1249, #814, #1066 ) ) REPRESENTATION_CONTEXT ( 'NONE', 'WORKASPACE' ) );
#57 = DIRECTION ( 'NONE',  ( 1.000000000000000000, 0.000000000000000000, 0.000000000000000000 ) ) ;
#58 = VECTOR ( 'NONE', #843, 1000.000000000000000 ) ;
#59 = VERTEX_POINT ( 'NONE', #334 ) ;
#60 = VERTEX_POINT ( 'NONE', #2718 ) ;
#61 = VECTOR ( 'NONE', #539, 1000.000000000000000 ) ;
#62 = EDGE_CURVE ( 'NONE', #1151, #1814, #2771, .T. ) ;
#63 = PRESENTATION_LAYER_ASSIGNMENT (  '', '', ( #1631 ) ) ;
#64 = FILL_AREA_STYLE_COLOUR ( '', #2423 ) ;
#65 = DIRECTION ( 'NONE',  ( 0.000000000000000000, 0.000000000000000000, -1.000000000000000000 ) ) ;
#66 = ORIENTED_EDGE ( 'NONE', *, *, #1464, .T. ) ;
#67 = LINE ( 'NONE', #1105, #2915 ) ;
#68 =( NAMED_UNIT ( * ) SI_UNIT ( $, .STERADIAN. ) SOLID_ANGLE_UNIT ( ) );
#69 = DIRECTION ( 'NONE',  ( 1.000000000000000000, 0.000000000000000000, 0.000000000000000000 ) ) ;
#70 = DIRECTION ( 'NONE',  ( 0.3284313343962578791, 0.000000000000000000, -0.9445278495559004117 ) ) ;
#71 = ORIENTED_EDGE ( 'NONE', *, *, #1622, .F. ) ;
#72 = CARTESIAN_POINT ( 'NONE',  ( 0.000000000000000000, 0.000000000000000000, -1.350000000000000089 ) ) ;
#73 = LINE ( 'NONE', #1150, #1509 ) ;
#74 = ORIENTED_EDGE ( 'NONE', *, *, #475, .T. ) ;
#75 = VERTEX_POINT ( 'NONE', #891 ) ;
#76 = CARTESIAN_POINT ( 'NONE',  ( 1.225650702456156482, 0.5832999999999995966, -0.6209149699170437575 ) ) ;
#77 = FACE_OUTER_BOUND ( 'NONE', #2680, .T. ) ;
#78 = CARTESIAN_POINT ( 'NONE',  ( 1.522903225806452099, 0.5831999999999998296, -1.350000000000000089 ) ) ;
#79 = EDGE_CURVE ( 'NONE', #1445, #3307, #3047, .T. ) ;
#80 = SURFACE_SIDE_STYLE ('',( #2249 ) ) ;
#81 =( NAMED_UNIT ( * ) PLANE_ANGLE_UNIT ( ) SI_UNIT ( $, .RADIAN. ) );
#82 = EDGE_CURVE ( 'NONE', #1775, #3156, #3244, .T. ) ;
#83 = DIRECTION ( 'NONE',  ( 0.000000000000000000, 0.000000000000000000, 1.000000000000000000 ) ) ;
#84 = EDGE_CURVE ( 'NONE', #1814, #1261, #3064, .T. ) ;
#85 = VERTEX_POINT ( 'NONE', #421 ) ;
#86 = CARTESIAN_POINT ( 'NONE',  ( 1.009706646540145636, 0.5831999999999996076, -0.7297540753773583688 ) ) ;
#87 = EDGE_CURVE ( 'NONE', #1381, #2045, #644, .T. ) ;
#88 = PLANE ( 'NONE',  #1942 ) ;
#89 = LINE ( 'NONE', #633, #1670 ) ;
#90 = EDGE_LOOP ( 'NONE', ( #1204, #1167, #2546, #1716 ) ) ;
#91 = VERTEX_POINT ( 'NONE', #2560 ) ;
#92 = EDGE_LOOP ( 'NONE', ( #792, #2643, #2896, #2672 ) ) ;
#93 = PLANE ( 'NONE',  #1176 ) ;
#94 = LINE ( 'NONE', #916, #3428 ) ;
#95 = LINE ( 'NONE', #1705, #3160 ) ;
#96 = FILL_AREA_STYLE ('',( #1426 ) ) ;
#97 = CARTESIAN_POINT ( 'NONE',  ( 1.279362179235310037, 0.5832999999999997076, -0.5760751717961954954 ) ) ;
#98 = PRESENTATION_LAYER_ASSIGNMENT (  '', '', ( #1719 ) ) ;
#99 = ORIENTED_EDGE ( 'NONE', *, *, #79, .F. ) ;
#100 = CARTESIAN_POINT ( 'NONE',  ( 0.6988345473465140678, 0.5831999999999996076, -0.6422223896846877000 ) ) ;
#101 = VECTOR ( 'NONE', #218, 1000.000000000000000 ) ;
#102 = AXIS2_PLACEMENT_3D ( 'NONE', #1571, #1001, #468 ) ;
#103 = EDGE_CURVE ( 'NONE', #2657, #2661, #2271, .T. ) ;
#104 = AXIS2_PLACEMENT_3D ( 'NONE', #995, #978, #2051 ) ;
#105 = CARTESIAN_POINT ( 'NONE',  ( 0.9693737704262533894, 0.5832999999999995966, -0.6722427766874520261 ) ) ;
#106 = VERTEX_POINT ( 'NONE', #2594 ) ;
#107 = FACE_OUTER_BOUND ( 'NONE', #412, .T. ) ;
#108 = VECTOR ( 'NONE', #479, 1000.000000000000000 ) ;
#109 = DIRECTION ( 'NONE',  ( -1.000000000000000000, -2.280947528996296938E-16, 0.000000000000000000 ) ) ;
#110 = DIRECTION ( 'NONE',  ( 0.000000000000000000, 1.000000000000000000, 0.000000000000000000 ) ) ;
#111 = VECTOR ( 'NONE', #278, 1000.000000000000000 ) ;
#112 = ORIENTED_EDGE ( 'NONE', *, *, #2139, .F. ) ;
#113 = ORIENTED_EDGE ( 'NONE', *, *, #3497, .T. ) ;
#114 = CARTESIAN_POINT ( 'NONE',  ( 2.045806451612903754, 0.000000000000000000, -1.350000000000000089 ) ) ;
#115 = COLOUR_RGB ( '',0.8980392156862745390, 0.9215686274509803377, 0.9294117647058823817 ) ;
#116 = CARTESIAN_POINT ( 'NONE',  ( 1.358744532884617273, 0.5832999999999997076, -0.6775678900344093147 ) ) ;
#117 = PLANE ( 'NONE',  #3259 ) ;
#118 = VECTOR ( 'NONE', #1825, 1000.000000000000000 ) ;
#119 = SURFACE_SIDE_STYLE ('',( #2007 ) ) ;
#120 = DIRECTION ( 'NONE',  ( 1.000000000000000000, -2.280947528996296938E-16, 0.000000000000000000 ) ) ;
#121 = AXIS2_PLACEMENT_3D ( 'NONE', #3097, #2035, #2538 ) ;
#122 =( NAMED_UNIT ( * ) SI_UNIT ( $, .STERADIAN. ) SOLID_ANGLE_UNIT ( ) );
#123 = ADVANCED_BREP_SHAPE_REPRESENTATION ( 'RS_SMDCHIP_0805_L2.1W1.35T0.6B10.55B20.55', ( #2689, #431, #1586, #410, #1528, #2740, #308, #400, #1523, #3281 ), #680 ) ;
#124 = VERTEX_POINT ( 'NONE', #2011 ) ;
#125 =( BOUNDED_SURFACE ( )  B_SPLINE_SURFACE ( 3, 1, ( 
 ( #3399, #2884 ),
 ( #718, #1263 ),
 ( #3381, #2568 ),
 ( #2849, #688 ) ),
 .UNSPECIFIED., .F., .F., .F. ) 
 B_SPLINE_SURFACE_WITH_KNOTS ( ( 4, 4 ),
 ( 2, 2 ),
 ( 0.7500000001580529041, 1.000000000000000000 ),
 ( 0.000000000000000000, 1.000000000000000000 ),
 .UNSPECIFIED. ) 
 GEOMETRIC_REPRESENTATION_ITEM ( )  RATIONAL_B_SPLINE_SURFACE ( (
 ( 0.5000000000000000000, 0.5000000000000000000),
 ( 0.5000000002107372055, 0.5000000002107372055),
 ( 0.6666666668774039461, 0.6666666668774039461),
 ( 1.000000000000000000, 1.000000000000000000) ) ) 
 REPRESENTATION_ITEM ( '' )  SURFACE ( )  );
#126 = ADVANCED_FACE ( 'NONE', ( #2796 ), #1244, .F. ) ;
#127 = CARTESIAN_POINT ( 'NONE',  ( 1.231252997320559928, 0.5832999999999997076, -0.6775678900344092037 ) ) ;
#128 = ORIENTED_EDGE ( 'NONE', *, *, #3407, .T. ) ;
#129 = CARTESIAN_POINT ( 'NONE',  ( -0.02709677419354838621, -3.148403361624908349E-19, -1.350000000000000089 ) ) ;
#130 =( NAMED_UNIT ( * ) SI_UNIT ( $, .STERADIAN. ) SOLID_ANGLE_UNIT ( ) );
#131 = PLANE ( 'NONE',  #2065 ) ;
#132 = VERTEX_POINT ( 'NONE', #3118 ) ;
#133 = VERTEX_POINT ( 'NONE', #2230 ) ;
#134 = CARTESIAN_POINT ( 'NONE',  ( 2.072903225806452365, 0.5663999999999996815, 0.000000000000000000 ) ) ;
#135 = LINE ( 'NONE', #948, #2256 ) ;
#136 = CARTESIAN_POINT ( 'NONE',  ( 0.9721854071353549509, 0.5831999999999996076, -0.6393598874698359635 ) ) ;
#137 = ORIENTED_EDGE ( 'NONE', *, *, #1325, .F. ) ;
#138 = CARTESIAN_POINT ( 'NONE',  ( 0.7640595550224216215, 0.5831999999999996076, -0.5653125000000001066 ) ) ;
#139 = CARTESIAN_POINT ( 'NONE',  ( 1.413306451612903691, 0.5663999999999999035, -1.350000000000000089 ) ) ;
#140 = ORIENTED_EDGE ( 'NONE', *, *, #1305, .F. ) ;
#141 = SURFACE_STYLE_USAGE ( .BOTH. , #974 ) ;
#142 = SURFACE_SIDE_STYLE ('',( #2613 ) ) ;
#143 = EDGE_LOOP ( 'NONE', ( #3354, #3360, #1110, #2992 ) ) ;
#144 = PRESENTATION_STYLE_ASSIGNMENT (( #965 ) ) ;
#145 = ADVANCED_FACE ( 'NONE', ( #1756 ), #117, .T. ) ;
#146 = LINE ( 'NONE', #1795, #939 ) ;
#147 = ADVANCED_FACE ( 'NONE', ( #3100 ), #418, .T. ) ;
#148 = DIRECTION ( 'NONE',  ( 1.000000000000000000, 0.000000000000000000, 0.000000000000000000 ) ) ;
#149 = CARTESIAN_POINT ( 'NONE',  ( 0.9218584416593361697, 0.5832999999999997076, -0.7524048167240156015 ) ) ;
#150 = CARTESIAN_POINT ( 'NONE',  ( 1.092589860420387859, 0.5832999999999995966, -0.7898232800688187449 ) ) ;
#151 = ORIENTED_EDGE ( 'NONE', *, *, #683, .T. ) ;
#152 = VECTOR ( 'NONE', #1342, 1000.000000000000000 ) ;
#153 = AXIS2_PLACEMENT_3D ( 'NONE', #1405, #1932, #607 ) ;
#154 = STYLED_ITEM ( 'NONE', ( #2425 ), #244 ) ;
#155 = DIRECTION ( 'NONE',  ( 1.000000000000000000, 0.000000000000000000, 0.000000000000000000 ) ) ;
#156 = EDGE_LOOP ( 'NONE', ( #2932, #3427, #74, #1919 ) ) ;
#157 = FILL_AREA_STYLE_COLOUR ( '', #828 ) ;
#158 =( NAMED_UNIT ( * ) SI_UNIT ( $, .STERADIAN. ) SOLID_ANGLE_UNIT ( ) );
#159 = PRESENTATION_LAYER_ASSIGNMENT (  '', '', ( #1951 ) ) ;
#160 = VECTOR ( 'NONE', #26, 1000.000000000000000 ) ;
#161 = ORIENTED_EDGE ( 'NONE', *, *, #2663, .T. ) ;
#162 = VECTOR ( 'NONE', #1966, 1000.000000000000000 ) ;
#163 = VECTOR ( 'NONE', #523, 1000.000000000000000 ) ;
#164 = CARTESIAN_POINT ( 'NONE',  ( 0.5229032258064516547, 0.000000000000000000, -1.350000000000000089 ) ) ;
#165 = CARTESIAN_POINT ( 'NONE',  ( 1.522903225806452099, 0.000000000000000000, -1.350000000000000089 ) ) ;
#166 = CARTESIAN_POINT ( 'NONE',  ( 0.8268277461106697812, 0.5831999999999996076, -0.5971477267166894753 ) ) ;
#167 =( GEOMETRIC_REPRESENTATION_CONTEXT ( 3 ) GLOBAL_UNCERTAINTY_ASSIGNED_CONTEXT ( ( #1271 ) ) GLOBAL_UNIT_ASSIGNED_CONTEXT ( ( #2866, #491, #2843 ) ) REPRESENTATION_CONTEXT ( 'NONE', 'WORKASPACE' ) );
#168 = CARTESIAN_POINT ( 'NONE',  ( 0.8164699832208903718, 0.5831999999999996076, -0.7898232800688187449 ) ) ;
#169 = ADVANCED_FACE ( 'NONE', ( #2572 ), #2183, .T. ) ;
#170 = DIRECTION ( 'NONE',  ( 1.000000000000000000, 0.000000000000000000, 0.000000000000000000 ) ) ;
#171 = CARTESIAN_POINT ( 'NONE',  ( 1.009706646541494335, 0.5832999999999995966, -0.7297540753773578137 ) ) ;
#172 = PLANE ( 'NONE',  #389 ) ;
#173 = EDGE_CURVE ( 'NONE', #1751, #3314, #1968, .T. ) ;
#174 = VECTOR ( 'NONE', #1533, 1000.000000000000000 ) ;
#175 = VERTEX_POINT ( 'NONE', #1149 ) ;
#176 = AXIS2_PLACEMENT_3D ( 'NONE', #216, #2634, #2903 ) ;
#177 = ORIENTED_EDGE ( 'NONE', *, *, #2407, .F. ) ;
#178 = CARTESIAN_POINT ( 'NONE',  ( 1.009658800398740341, 0.5831999999999996076, -0.7898232800688187449 ) ) ;
#179 = SHAPE_DEFINITION_REPRESENTATION ( #3239, #123 ) ;
#180 = VERTEX_POINT ( 'NONE', #1910 ) ;
#181 = PLANE ( 'NONE',  #104 ) ;
#182 =( NAMED_UNIT ( * ) PLANE_ANGLE_UNIT ( ) SI_UNIT ( $, .RADIAN. ) );
#183 = DIRECTION ( 'NONE',  ( 0.000000000000000000, 1.000000000000000000, 0.000000000000000000 ) ) ;
#184 = SURFACE_SIDE_STYLE ('',( #2342 ) ) ;
#185 = FILL_AREA_STYLE_COLOUR ( '', #1613 ) ;
#186 = SURFACE_STYLE_USAGE ( .BOTH. , #534 ) ;
#187 = CARTESIAN_POINT ( 'NONE',  ( 0.7640595550224216215, 0.5831999999999996076, -0.5653125000000001066 ) ) ;
#188 = ADVANCED_FACE ( 'NONE', ( #2530, #107 ), #1395, .F. ) ;
#189 = ORIENTED_EDGE ( 'NONE', *, *, #1399, .T. ) ;
#190 = UNCERTAINTY_MEASURE_WITH_UNIT (LENGTH_MEASURE( 1.000000000000000082E-05 ), #2792, 'distance_accuracy_value', 'NONE');
#191 = ADVANCED_FACE ( 'NONE', ( #2225 ), #2276, .T. ) ;
#192 = EDGE_CURVE ( 'NONE', #1460, #645, #2804, .T. ) ;
#193 = DIRECTION ( 'NONE',  ( -7.890845505716920974E-16, 1.000000000000000000, 0.000000000000000000 ) ) ;
#194 = ORIENTED_EDGE ( 'NONE', *, *, #2426, .F. ) ;
#195 = EDGE_CURVE ( 'NONE', #3031, #405, #394, .T. ) ;
#196 = PRESENTATION_STYLE_ASSIGNMENT (( #1790 ) ) ;
#197 = ORIENTED_EDGE ( 'NONE', *, *, #2590, .T. ) ;
#198 = DIRECTION ( 'NONE',  ( 0.000000000000000000, 0.000000000000000000, -1.000000000000000000 ) ) ;
#199 = CARTESIAN_POINT ( 'NONE',  ( 1.299207767647637235, 0.5831999999999996076, -0.6268215309153025716 ) ) ;
#200 = FACE_OUTER_BOUND ( 'NONE', #1972, .T. ) ;
#201 = FILL_AREA_STYLE ('',( #2317 ) ) ;
#202 = CARTESIAN_POINT ( 'NONE',  ( -1.253608761936364502E-16, 0.5495999999999998664, 0.000000000000000000 ) ) ;
#203 = DIRECTION ( 'NONE',  ( 0.000000000000000000, 1.000000000000000000, 0.000000000000000000 ) ) ;
#204 = ORIENTED_EDGE ( 'NONE', *, *, #936, .F. ) ;
#205 = ORIENTED_EDGE ( 'NONE', *, *, #2012, .F. ) ;
#206 = ADVANCED_FACE ( 'NONE', ( #924 ), #732, .T. ) ;
#207 = DIRECTION ( 'NONE',  ( -2.280947528996296444E-16, -1.000000000000000000, 0.000000000000000000 ) ) ;
#208 = AXIS2_PLACEMENT_3D ( 'NONE', #27, #2747, #3238 ) ;
#209 = EDGE_CURVE ( 'NONE', #2433, #498, #2388, .T. ) ;
#210 = VERTEX_POINT ( 'NONE', #2487 ) ;
#211 = EDGE_CURVE ( 'NONE', #3286, #2292, #2155, .T. ) ;
#212 = VECTOR ( 'NONE', #183, 1000.000000000000000 ) ;
#213 = CARTESIAN_POINT ( 'NONE',  ( 0.6988345473465140678, 0.5831999999999996076, -0.5653125000000001066 ) ) ;
#214 = CARTESIAN_POINT ( 'NONE',  ( 1.003600847529826146, 0.5832999999999995966, -0.7038014310072036039 ) ) ;
#215 = MECHANICAL_DESIGN_GEOMETRIC_PRESENTATION_REPRESENTATION (  '', ( #2187 ), #2808 ) ;
#216 = CARTESIAN_POINT ( 'NONE',  ( 0.000000000000000000, 0.000000000000000000, -1.350000000000000089 ) ) ;
#217 = VECTOR ( 'NONE', #1465, 1000.000000000000000 ) ;
#218 = DIRECTION ( 'NONE',  ( 0.000000000000000000, 0.000000000000000000, 1.000000000000000000 ) ) ;
#219 = STYLED_ITEM ( 'NONE', ( #2115 ), #2117 ) ;
#220 = ORIENTED_EDGE ( 'NONE', *, *, #759, .T. ) ;
#221 = UNCERTAINTY_MEASURE_WITH_UNIT (LENGTH_MEASURE( 1.000000000000000082E-05 ), #2846, 'distance_accuracy_value', 'NONE');
#222 = LINE ( 'NONE', #25, #2602 ) ;
#223 = DIRECTION ( 'NONE',  ( 0.000000000000000000, 0.000000000000000000, -1.000000000000000000 ) ) ;
#224 = ORIENTED_EDGE ( 'NONE', *, *, #1483, .F. ) ;
#225 = VECTOR ( 'NONE', #1254, 1000.000000000000000 ) ;
#226 = CARTESIAN_POINT ( 'NONE',  ( 0.5229032258064515437, 0.5663999999999997925, 0.000000000000000000 ) ) ;
#227 = EDGE_CURVE ( 'NONE', #645, #1377, #1060, .T. ) ;
#228 = ORIENTED_EDGE ( 'NONE', *, *, #2891, .T. ) ;
#229 = SURFACE_SIDE_STYLE ('',( #1595 ) ) ;
#230 = PRESENTATION_STYLE_ASSIGNMENT (( #1027 ) ) ;
#231 =( BOUNDED_CURVE ( )  B_SPLINE_CURVE ( 3, ( #1138, #1669, #1620, #2422, #808, #1879, #2938 ),
 .UNSPECIFIED., .F., .F. ) 
 B_SPLINE_CURVE_WITH_KNOTS ( ( 4, 3, 4 ),
 ( 0.7500000000000004441, 1.000000000000000000, 1.249999999999999334 ),
 .UNSPECIFIED. ) 
 CURVE ( )  GEOMETRIC_REPRESENTATION_ITEM ( )  RATIONAL_B_SPLINE_CURVE ( ( 0.5000000000000000000, 0.5000000000000006661, 0.6666666666666672958, 1.000000000000000000, 0.6666666666666676289, 0.5000000000000008882, 0.5000000000000000000 ) ) 
 REPRESENTATION_ITEM ( '' )  );
#232 = SURFACE_STYLE_USAGE ( .BOTH. , #184 ) ;
#233 = CARTESIAN_POINT ( 'NONE',  ( 0.8325312755463347703, 0.5832999999999995966, -0.7898232800688187449 ) ) ;
#234 = EDGE_LOOP ( 'NONE', ( #1402, #993, #604, #2828 ) ) ;
#235 = LINE ( 'NONE', #3457, #899 ) ;
#236 = CARTESIAN_POINT ( 'NONE',  ( 0.000000000000000000, 0.000000000000000000, -1.350000000000000089 ) ) ;
#237 = ORIENTED_EDGE ( 'NONE', *, *, #892, .T. ) ;
#238 = CARTESIAN_POINT ( 'NONE',  ( 0.000000000000000000, 0.000000000000000000, 0.000000000000000000 ) ) ;
#239 = VERTEX_POINT ( 'NONE', #1103 ) ;
#240 =( LENGTH_UNIT ( ) NAMED_UNIT ( * ) SI_UNIT ( .MILLI., .METRE. ) );
#241 = PLANE ( 'NONE',  #1175 ) ;
#242 =( LENGTH_UNIT ( ) NAMED_UNIT ( * ) SI_UNIT ( .MILLI., .METRE. ) );
#243 = SURFACE_STYLE_USAGE ( .BOTH. , #2457 ) ;
#244 = ADVANCED_FACE ( 'NONE', ( #3200 ), #248, .T. ) ;
#245 = UNCERTAINTY_MEASURE_WITH_UNIT (LENGTH_MEASURE( 1.000000000000000082E-05 ), #242, 'distance_accuracy_value', 'NONE');
#246 = CARTESIAN_POINT ( 'NONE',  ( 1.522903225806452099, 0.5663999999999999035, 0.000000000000000000 ) ) ;
#247 = ADVANCED_FACE ( 'NONE', ( #2135 ), #1917, .T. ) ;
#248 = PLANE ( 'NONE',  #2399 ) ;
#249 = LINE ( 'NONE', #1328, #931 ) ;
#250 = DIRECTION ( 'NONE',  ( 6.453584360032816065E-15, -1.000000000000000000, -0.000000000000000000 ) ) ;
#251 = ORIENTED_EDGE ( 'NONE', *, *, #1580, .F. ) ;
#252 = SURFACE_STYLE_USAGE ( .BOTH. , #1540 ) ;
#253 = LINE ( 'NONE', #1579, #666 ) ;
#254 = CARTESIAN_POINT ( 'NONE',  ( 2.045806451612903754, 0.000000000000000000, 0.000000000000000000 ) ) ;
#255 = ORIENTED_EDGE ( 'NONE', *, *, #1813, .F. ) ;
#256 =( NAMED_UNIT ( * ) PLANE_ANGLE_UNIT ( ) SI_UNIT ( $, .RADIAN. ) );
#257 = CARTESIAN_POINT ( 'NONE',  ( 0.8164699832208903718, 0.5831999999999996076, -0.7898232800688187449 ) ) ;
#258 = DIRECTION ( 'NONE',  ( -1.000000000000000000, 0.000000000000000000, -0.000000000000000000 ) ) ;
#259 = STYLED_ITEM ( 'NONE', ( #1582 ), #850 ) ;
#260 = CARTESIAN_POINT ( 'NONE',  ( 1.358744532884617495, 0.5831999999999996076, -0.6775678900344089817 ) ) ;
#261 = ORIENTED_EDGE ( 'NONE', *, *, #429, .F. ) ;
#262 = VECTOR ( 'NONE', #2005, 1000.000000000000000 ) ;
#263 = LINE ( 'NONE', #2960, #277 ) ;
#264 = FILL_AREA_STYLE_COLOUR ( '', #2638 ) ;
#265 = PRESENTATION_LAYER_ASSIGNMENT (  '', '', ( #610 ) ) ;
#266 = EDGE_CURVE ( 'NONE', #59, #2871, #3261, .T. ) ;
#267 = COLOUR_RGB ( '',0.8980392156862745390, 0.9215686274509803377, 0.9294117647058823817 ) ;
#268 = CARTESIAN_POINT ( 'NONE',  ( 1.225650702456156482, 0.5831999999999996076, -0.7898232800688187449 ) ) ;
#269 = EDGE_CURVE ( 'NONE', #2167, #106, #1852, .T. ) ;
#270 = CARTESIAN_POINT ( 'NONE',  ( 1.225650702456156482, 0.5832999999999995966, -0.5653125000000001066 ) ) ;
#271 = AXIS2_PLACEMENT_3D ( 'NONE', #511, #2349, #2946 ) ;
#272 = CARTESIAN_POINT ( 'NONE',  ( 1.009706646541494335, 0.5831999999999996076, -0.7297540753773578137 ) ) ;
#273 = ORIENTED_EDGE ( 'NONE', *, *, #2087, .F. ) ;
#274 = LINE ( 'NONE', #1357, #3040 ) ;
#275 = DIRECTION ( 'NONE',  ( 0.000000000000000000, 0.000000000000000000, 1.000000000000000000 ) ) ;
#276 = EDGE_LOOP ( 'NONE', ( #237, #3174, #1466, #1883 ) ) ;
#277 = VECTOR ( 'NONE', #1122, 1000.000000000000000 ) ;
#278 = DIRECTION ( 'NONE',  ( 1.000000000000000000, 0.000000000000000000, 0.000000000000000000 ) ) ;
#279 = ORIENTED_EDGE ( 'NONE', *, *, #3426, .F. ) ;
#280 = DIRECTION ( 'NONE',  ( 0.000000000000000000, -0.000000000000000000, -1.000000000000000000 ) ) ;
#281 = CARTESIAN_POINT ( 'NONE',  ( 0.5229032258064515437, 0.5831999999999997186, -1.350000000000000089 ) ) ;
#282 =( LENGTH_UNIT ( ) NAMED_UNIT ( * ) SI_UNIT ( .MILLI., .METRE. ) );
#283 =( GEOMETRIC_REPRESENTATION_CONTEXT ( 3 ) GLOBAL_UNCERTAINTY_ASSIGNED_CONTEXT ( ( #3157 ) ) GLOBAL_UNIT_ASSIGNED_CONTEXT ( ( #447, #182, #704 ) ) REPRESENTATION_CONTEXT ( 'NONE', 'WORKASPACE' ) );
#284 = FILL_AREA_STYLE ('',( #771 ) ) ;
#285 = EDGE_LOOP ( 'NONE', ( #647, #1250, #803, #3276 ) ) ;
#286 = CARTESIAN_POINT ( 'NONE',  ( 1.009658800287723590, 0.5832999999999998186, -0.5653124999999999956 ) ) ;
#287 = DIRECTION ( 'NONE',  ( 0.000000000000000000, 0.000000000000000000, -1.000000000000000000 ) ) ;
#288 =( NAMED_UNIT ( * ) SI_UNIT ( $, .STERADIAN. ) SOLID_ANGLE_UNIT ( ) );
#289 = ORIENTED_EDGE ( 'NONE', *, *, #3363, .F. ) ;
#290 = PLANE ( 'NONE',  #1234 ) ;
#291 = EDGE_CURVE ( 'NONE', #3459, #2499, #2443, .T. ) ;
#292 = CARTESIAN_POINT ( 'NONE',  ( 0.6988345473465140678, 0.5831999999999996076, -0.5653125000000001066 ) ) ;
#293 = CARTESIAN_POINT ( 'NONE',  ( 0.000000000000000000, 0.000000000000000000, -1.350000000000000089 ) ) ;
#294 = ADVANCED_FACE ( 'NONE', ( #1590 ), #723, .F. ) ;
#295 = PLANE ( 'NONE',  #2015 ) ;
#296 = ORIENTED_EDGE ( 'NONE', *, *, #2757, .T. ) ;
#297 = CARTESIAN_POINT ( 'NONE',  ( 0.8164699832208903718, 0.5831999999999996076, -0.7898232800688187449 ) ) ;
#298 = DIRECTION ( 'NONE',  ( 0.000000000000000000, 0.000000000000000000, 1.000000000000000000 ) ) ;
#299 = ORIENTED_EDGE ( 'NONE', *, *, #2763, .F. ) ;
#300 = ORIENTED_EDGE ( 'NONE', *, *, #3426, .T. ) ;
#301 = CARTESIAN_POINT ( 'NONE',  ( 0.9218584416593360586, 0.5831999999999994966, -0.6214401950704314670 ) ) ;
#302 = LINE ( 'NONE', #3295, #1560 ) ;
#303 = CARTESIAN_POINT ( 'NONE',  ( -0.02709677419354838621, -3.148403361624908349E-19, 0.000000000000000000 ) ) ;
#304 = CARTESIAN_POINT ( 'NONE',  ( 1.406853714799368049, 0.5831999999999996076, -0.7524048167240154905 ) ) ;
#305 = DIRECTION ( 'NONE',  ( -1.000000000000000000, 0.000000000000000000, 0.000000000000000000 ) ) ;
#306 = ORIENTED_EDGE ( 'NONE', *, *, #1259, .F. ) ;
#307 = DIRECTION ( 'NONE',  ( -1.000000000000000000, 0.000000000000000000, 0.000000000000000000 ) ) ;
#308 = MANIFOLD_SOLID_BREP ( 'Scale1[3]', #657 ) ;
#309 = DIRECTION ( 'NONE',  ( -0.3313268304642407180, 0.000000000000000000, 0.9435160472480158544 ) ) ;
#310 = EDGE_CURVE ( 'NONE', #2564, #2499, #1935, .T. ) ;
#311 = DIRECTION ( 'NONE',  ( -1.000000000000000000, -1.084202172485503941E-16, -0.000000000000000000 ) ) ;
#312 = ORIENTED_EDGE ( 'NONE', *, *, #429, .T. ) ;
#313 = FILL_AREA_STYLE ('',( #2738 ) ) ;
#314 = LINE ( 'NONE', #1165, #3383 ) ;
#315 = ADVANCED_FACE ( 'NONE', ( #1386 ), #2543, .T. ) ;
#316 = ADVANCED_FACE ( 'NONE', ( #2231 ), #1439, .T. ) ;
#317 = VERTEX_POINT ( 'NONE', #2814 ) ;
#318 = VERTEX_POINT ( 'NONE', #2781 ) ;
#319 = DIRECTION ( 'NONE',  ( 0.000000000000000000, 0.000000000000000000, 1.000000000000000000 ) ) ;
#320 = STYLED_ITEM ( 'NONE', ( #1429 ), #954 ) ;
#321 = PRESENTATION_STYLE_ASSIGNMENT (( #2791 ) ) ;
#322 = PLANE ( 'NONE',  #153 ) ;
#323 = AXIS2_PLACEMENT_3D ( 'NONE', #2540, #2215, #3072 ) ;
#324 = VECTOR ( 'NONE', #987, 1000.000000000000000 ) ;
#325 = CARTESIAN_POINT ( 'NONE',  ( 1.406853714799367827, 0.5831999999999994966, -0.6775678900344090927 ) ) ;
#326 = COLOUR_RGB ( '',0.7921568627450980005, 0.8196078431372548767, 0.9333333333333333481 ) ;
#327 = VECTOR ( 'NONE', #1156, 1000.000000000000000 ) ;
#328 = APPLICATION_CONTEXT ( 'automotive_design' ) ;
#329 = MECHANICAL_DESIGN_GEOMETRIC_PRESENTATION_REPRESENTATION (  '', ( #2009 ), #3322 ) ;
#330 = ORIENTED_EDGE ( 'NONE', *, *, #1564, .T. ) ;
#331 = CARTESIAN_POINT ( 'NONE',  ( 0.9826578683851602269, 0.5832999999999999297, -0.7297540753762087329 ) ) ;
#332 = UNCERTAINTY_MEASURE_WITH_UNIT (LENGTH_MEASURE( 1.000000000000000082E-05 ), #1865, 'distance_accuracy_value', 'NONE');
#333 =( GEOMETRIC_REPRESENTATION_CONTEXT ( 3 ) GLOBAL_UNCERTAINTY_ASSIGNED_CONTEXT ( ( #2863 ) ) GLOBAL_UNIT_ASSIGNED_CONTEXT ( ( #1749, #424, #158 ) ) REPRESENTATION_CONTEXT ( 'NONE', 'WORKASPACE' ) );
#334 = CARTESIAN_POINT ( 'NONE',  ( 1.225650702456156482, 0.5831999999999996076, -0.7898232800688187449 ) ) ;
#335 = CARTESIAN_POINT ( 'NONE',  ( 1.522903225806452099, 0.5831999999999998296, -1.350000000000000089 ) ) ;
#336 = ORIENTED_EDGE ( 'NONE', *, *, #2839, .T. ) ;
#337 = AXIS2_PLACEMENT_3D ( 'NONE', #2041, #3135, #709 ) ;
#338 =( NAMED_UNIT ( * ) SI_UNIT ( $, .STERADIAN. ) SOLID_ANGLE_UNIT ( ) );
#339 = ADVANCED_FACE ( 'NONE', ( #1692 ), #351, .F. ) ;
#340 = AXIS2_PLACEMENT_3D ( 'NONE', #1210, #1977, #642 ) ;
#341 = ORIENTED_EDGE ( 'NONE', *, *, #490, .T. ) ;
#342 = VERTEX_POINT ( 'NONE', #2794 ) ;
#343 = EDGE_CURVE ( 'NONE', #621, #2654, #2558, .T. ) ;
#344 = CARTESIAN_POINT ( 'NONE',  ( 1.406853714799368049, 0.5832999999999997076, -0.4530571099655903988 ) ) ;
#345 =( GEOMETRIC_REPRESENTATION_CONTEXT ( 3 ) GLOBAL_UNCERTAINTY_ASSIGNED_CONTEXT ( ( #3440 ) ) GLOBAL_UNIT_ASSIGNED_CONTEXT ( ( #1654, #381, #3297 ) ) REPRESENTATION_CONTEXT ( 'NONE', 'WORKASPACE' ) );
#346 = SURFACE_SIDE_STYLE ('',( #914 ) ) ;
#347 = EDGE_CURVE ( 'NONE', #1814, #1044, #3257, .T. ) ;
#348 = CARTESIAN_POINT ( 'NONE',  ( 1.225650702456156482, 0.5831999999999996076, -0.5653125000000001066 ) ) ;
#349 = PRESENTATION_STYLE_ASSIGNMENT (( #3349 ) ) ;
#350 = EDGE_CURVE ( 'NONE', #695, #2049, #1757, .T. ) ;
#351 = PLANE ( 'NONE',  #2966 ) ;
#352 = PLANE ( 'NONE',  #496 ) ;
#353 = ORIENTED_EDGE ( 'NONE', *, *, #1016, .F. ) ;
#354 =( BOUNDED_CURVE ( )  B_SPLINE_CURVE ( 3, ( #1648, #2737, #1396, #1911, #587, #3277, #2537 ),
 .UNSPECIFIED., .F., .T. ) 
 B_SPLINE_CURVE_WITH_KNOTS ( ( 4, 3, 4 ),
 ( 0.7500000000000008882, 1.000000000000000000, 1.249999999999999112 ),
 .UNSPECIFIED. ) 
 CURVE ( )  GEOMETRIC_REPRESENTATION_ITEM ( )  RATIONAL_B_SPLINE_CURVE ( ( 0.5000000000000000000, 0.5000000000000012212, 0.6666666666666678509, 1.000000000000000000, 0.6666666666666678509, 0.5000000000000012212, 0.5000000000000000000 ) ) 
 REPRESENTATION_ITEM ( '' )  );
#355 = DIRECTION ( 'NONE',  ( 0.000000000000000000, 1.000000000000000000, 0.000000000000000000 ) ) ;
#356 = CARTESIAN_POINT ( 'NONE',  ( 1.018472811076492235, 0.5831999999999996076, -0.6500442441528618831 ) ) ;
#357 = CARTESIAN_POINT ( 'NONE',  ( 1.225650702456156482, 0.5831999999999996076, -0.6209149699170437575 ) ) ;
#358 = VERTEX_POINT ( 'NONE', #1778 ) ;
#359 = LINE ( 'NONE', #2424, #1516 ) ;
#360 = CARTESIAN_POINT ( 'NONE',  ( 0.6988345473465140678, 0.5832999999999995966, -0.6422223896846877000 ) ) ;
#361 = EDGE_LOOP ( 'NONE', ( #408, #2191, #3067, #2817, #2493, #255, #807, #1838, #817 ) ) ;
#362 = ORIENTED_EDGE ( 'NONE', *, *, #1748, .F. ) ;
#363 = CARTESIAN_POINT ( 'NONE',  ( 1.358744532884617273, 0.5831999999999993856, -0.6775678900344093147 ) ) ;
#364 = EDGE_CURVE ( 'NONE', #3345, #752, #2056, .T. ) ;
#365 = SURFACE_STYLE_USAGE ( .BOTH. , #2459 ) ;
#366 =( LENGTH_UNIT ( ) NAMED_UNIT ( * ) SI_UNIT ( .MILLI., .METRE. ) );
#367 = DIRECTION ( 'NONE',  ( 0.000000000000000000, 0.000000000000000000, 1.000000000000000000 ) ) ;
#368 = CARTESIAN_POINT ( 'NONE',  ( 1.358744532884617273, 0.5832999999999997076, -0.6775678900344093147 ) ) ;
#369 = EDGE_CURVE ( 'NONE', #132, #2360, #452, .T. ) ;
#370 = DIRECTION ( 'NONE',  ( 0.000000000000000000, 0.000000000000000000, -1.000000000000000000 ) ) ;
#371 = EDGE_CURVE ( 'NONE', #1529, #1345, #2589, .T. ) ;
#372 = ORIENTED_EDGE ( 'NONE', *, *, #2797, .F. ) ;
#373 = LINE ( 'NONE', #2490, #1410 ) ;
#374 = FACE_OUTER_BOUND ( 'NONE', #3163, .T. ) ;
#375 = ORIENTED_EDGE ( 'NONE', *, *, #1684, .T. ) ;
#376 = DIRECTION ( 'NONE',  ( 0.000000000000000000, -0.000000000000000000, 1.000000000000000000 ) ) ;
#377 = ORIENTED_EDGE ( 'NONE', *, *, #269, .T. ) ;
#378 = ORIENTED_EDGE ( 'NONE', *, *, #2683, .F. ) ;
#379 = SURFACE_SIDE_STYLE ('',( #1702 ) ) ;
#380 = FILL_AREA_STYLE_COLOUR ( '', #2690 ) ;
#381 =( NAMED_UNIT ( * ) PLANE_ANGLE_UNIT ( ) SI_UNIT ( $, .RADIAN. ) );
#382 = DIRECTION ( 'NONE',  ( 0.000000000000000000, 1.000000000000000000, 0.000000000000000000 ) ) ;
#383 = VECTOR ( 'NONE', #844, 1000.000000000000000 ) ;
#384 = SURFACE_STYLE_FILL_AREA ( #1157 ) ;
#385 = VECTOR ( 'NONE', #2994, 1000.000000000000000 ) ;
#386 = ADVANCED_FACE ( 'NONE', ( #982 ), #1015, .T. ) ;
#387 = VERTEX_POINT ( 'NONE', #1502 ) ;
#388 = DIRECTION ( 'NONE',  ( 0.000000000000000000, 0.000000000000000000, 1.000000000000000000 ) ) ;
#389 = AXIS2_PLACEMENT_3D ( 'NONE', #432, #1491, #2841 ) ;
#390 = EDGE_CURVE ( 'NONE', #2628, #2654, #2300, .T. ) ;
#391 = PRESENTATION_LAYER_ASSIGNMENT (  '', '', ( #2008 ) ) ;
#392 =( GEOMETRIC_REPRESENTATION_CONTEXT ( 3 ) GLOBAL_UNCERTAINTY_ASSIGNED_CONTEXT ( ( #1867 ) ) GLOBAL_UNIT_ASSIGNED_CONTEXT ( ( #282, #1365, #1095 ) ) REPRESENTATION_CONTEXT ( 'NONE', 'WORKASPACE' ) );
#393 = ORIENTED_EDGE ( 'NONE', *, *, #801, .T. ) ;
#394 = LINE ( 'NONE', #513, #2294 ) ;
#395 = VECTOR ( 'NONE', #3476, 1000.000000000000000 ) ;
#396 = CARTESIAN_POINT ( 'NONE',  ( 2.045806451612903754, 0.5495999999999998664, -1.350000000000000089 ) ) ;
#397 = ORIENTED_EDGE ( 'NONE', *, *, #2304, .T. ) ;
#398 = ORIENTED_EDGE ( 'NONE', *, *, #3052, .T. ) ;
#399 = CARTESIAN_POINT ( 'NONE',  ( 1.413306451612903691, 0.5495999999999998664, 0.000000000000000000 ) ) ;
#400 = MANIFOLD_SOLID_BREP ( 'Scale1[4]', #3084 ) ;
#401 =( LENGTH_UNIT ( ) NAMED_UNIT ( * ) SI_UNIT ( .MILLI., .METRE. ) );
#402 = VECTOR ( 'NONE', #1322, 1000.000000000000000 ) ;
#403 = CARTESIAN_POINT ( 'NONE',  ( 0.9691334793078925092, 0.5831999999999996076, -0.6778800650870645539 ) ) ;
#404 = DIRECTION ( 'NONE',  ( -1.000000000000000000, -1.084202172485503941E-16, -0.000000000000000000 ) ) ;
#405 = VERTEX_POINT ( 'NONE', #2904 ) ;
#406 = CARTESIAN_POINT ( 'NONE',  ( 1.009658800398740341, 0.5832999999999995966, -0.5653125000000001066 ) ) ;
#407 = PLANE ( 'NONE',  #2357 ) ;
#408 = ORIENTED_EDGE ( 'NONE', *, *, #3326, .F. ) ;
#409 = ADVANCED_FACE ( 'NONE', ( #3132 ), #2635, .T. ) ;
#410 = MANIFOLD_SOLID_BREP ( 'Boss-Extrude4', #1885 ) ;
#411 = CARTESIAN_POINT ( 'NONE',  ( 1.225650702456156482, 0.5831999999999996076, -0.7318403520106933069 ) ) ;
#412 = EDGE_LOOP ( 'NONE', ( #1733, #443 ) ) ;
#413 = ORIENTED_EDGE ( 'NONE', *, *, #898, .F. ) ;
#414 =( LENGTH_UNIT ( ) NAMED_UNIT ( * ) SI_UNIT ( .MILLI., .METRE. ) );
#415 = FILL_AREA_STYLE ('',( #689 ) ) ;
#416 =( NAMED_UNIT ( * ) SI_UNIT ( $, .STERADIAN. ) SOLID_ANGLE_UNIT ( ) );
#417 = PLANE ( 'NONE',  #1225 ) ;
#418 = PLANE ( 'NONE',  #2584 ) ;
#419 = CARTESIAN_POINT ( 'NONE',  ( 1.003600847529826146, 0.5832999999999995966, -0.6500442441528618831 ) ) ;
#420 = CARTESIAN_POINT ( 'NONE',  ( -1.253608761936364502E-16, 0.5495999999999998664, 0.000000000000000000 ) ) ;
#421 = CARTESIAN_POINT ( 'NONE',  ( 1.009658800398740341, 0.5832999999999995966, -0.7898232800688187449 ) ) ;
#422 = VERTEX_POINT ( 'NONE', #3255 ) ;
#423 = VERTEX_POINT ( 'NONE', #591 ) ;
#424 =( NAMED_UNIT ( * ) PLANE_ANGLE_UNIT ( ) SI_UNIT ( $, .RADIAN. ) );
#425 = EDGE_CURVE ( 'NONE', #2555, #3423, #3466, .T. ) ;
#426 = EDGE_LOOP ( 'NONE', ( #3037, #2336, #2620, #393 ) ) ;
#427 = LINE ( 'NONE', #2086, #1051 ) ;
#428 = CARTESIAN_POINT ( 'NONE',  ( 0.6324999999999998401, 0.5663999999999997925, -1.350000000000000089 ) ) ;
#429 = EDGE_CURVE ( 'NONE', #2288, #2030, #3369, .T. ) ;
#430 = DIRECTION ( 'NONE',  ( -1.000000000000000000, -2.280947528996296938E-16, 0.000000000000000000 ) ) ;
#431 = MANIFOLD_SOLID_BREP ( 'Lead1', #3254 ) ;
#432 = CARTESIAN_POINT ( 'NONE',  ( 1.068101134280340592, 0.5831999999999996076, -0.7038014310072036039 ) ) ;
#433 = VERTEX_POINT ( 'NONE', #2501 ) ;
#434 = UNCERTAINTY_MEASURE_WITH_UNIT (LENGTH_MEASURE( 1.000000000000000082E-05 ), #3059, 'distance_accuracy_value', 'NONE');
#435 = VECTOR ( 'NONE', #1842, 1000.000000000000000 ) ;
#436 = VECTOR ( 'NONE', #1682, 999.9999999999998863 ) ;
#437 = VECTOR ( 'NONE', #2878, 1000.000000000000000 ) ;
#438 = AXIS2_PLACEMENT_3D ( 'NONE', #2505, #367, #933 ) ;
#439 = DIRECTION ( 'NONE',  ( 0.000000000000000000, 0.000000000000000000, 1.000000000000000000 ) ) ;
#440 = EDGE_LOOP ( 'NONE', ( #3134, #1417, #2040, #782 ) ) ;
#441 = MECHANICAL_DESIGN_GEOMETRIC_PRESENTATION_REPRESENTATION (  '', ( #610 ), #1834 ) ;
#442 = PRESENTATION_LAYER_ASSIGNMENT (  '', '', ( #2009 ) ) ;
#443 = ORIENTED_EDGE ( 'NONE', *, *, #3232, .F. ) ;
#444 = VECTOR ( 'NONE', #3051, 1000.000000000000000 ) ;
#445 =( NAMED_UNIT ( * ) SI_UNIT ( $, .STERADIAN. ) SOLID_ANGLE_UNIT ( ) );
#446 =( NAMED_UNIT ( * ) PLANE_ANGLE_UNIT ( ) SI_UNIT ( $, .RADIAN. ) );
#447 =( LENGTH_UNIT ( ) NAMED_UNIT ( * ) SI_UNIT ( .MILLI., .METRE. ) );
#448 = EDGE_CURVE ( 'NONE', #3156, #3241, #302, .T. ) ;
#449 = COLOUR_RGB ( '',0.8980392156862745390, 0.9215686274509803377, 0.9294117647058823817 ) ;
#450 = SURFACE_STYLE_USAGE ( .BOTH. , #1532 ) ;
#451 = CARTESIAN_POINT ( 'NONE',  ( 0.6324999999999999512, 0.5663999999999999035, -1.350000000000000089 ) ) ;
#452 = LINE ( 'NONE', #2089, #940 ) ;
#453 = ADVANCED_FACE ( 'NONE', ( #3039 ), #1953, .T. ) ;
#454 = CARTESIAN_POINT ( 'NONE',  ( 0.7640595550224216215, 0.5831999999999996076, -0.5653125000000001066 ) ) ;
#455 = ADVANCED_FACE ( 'NONE', ( #2214 ), #93, .F. ) ;
#456 = ORIENTED_EDGE ( 'NONE', *, *, #1949, .F. ) ;
#457 = COLOUR_RGB ( '',0.7921568627450980005, 0.8196078431372548767, 0.9333333333333333481 ) ;
#458 = DIRECTION ( 'NONE',  ( 0.000000000000000000, 1.000000000000000000, 0.000000000000000000 ) ) ;
#459 = VERTEX_POINT ( 'NONE', #1139 ) ;
#460 = DIRECTION ( 'NONE',  ( 0.000000000000000000, 1.000000000000000000, 0.000000000000000000 ) ) ;
#461 = PRESENTATION_STYLE_ASSIGNMENT (( #3161 ) ) ;
#462 = ORIENTED_EDGE ( 'NONE', *, *, #1161, .T. ) ;
#463 =( BOUNDED_SURFACE ( )  B_SPLINE_SURFACE ( 3, 1, ( 
 ( #855, #2205 ),
 ( #631, #3287 ),
 ( #2508, #331 ),
 ( #86, #1160 ) ),
 .UNSPECIFIED., .F., .F., .F. ) 
 B_SPLINE_SURFACE_WITH_KNOTS ( ( 4, 4 ),
 ( 2, 2 ),
 ( 0.000000000000000000, 0.2499999999958446573 ),
 ( 0.000000000000000000, 1.000000000000000000 ),
 .UNSPECIFIED. ) 
 GEOMETRIC_REPRESENTATION_ITEM ( )  RATIONAL_B_SPLINE_SURFACE ( (
 ( 1.000000000000000000, 1.000000000000000000),
 ( 0.6666666666722071977, 0.6666666666722071977),
 ( 0.5000000000055404570, 0.5000000000055404570),
 ( 0.5000000000000000000, 0.5000000000000000000) ) ) 
 REPRESENTATION_ITEM ( '' )  SURFACE ( )  );
#464 = CARTESIAN_POINT ( 'NONE',  ( 0.6324999999999999512, 0.5495999999999998664, -1.350000000000000089 ) ) ;
#465 = CARTESIAN_POINT ( 'NONE',  ( 1.413306451612903691, 0.5663999999999999035, -1.350000000000000089 ) ) ;
#466 = DIRECTION ( 'NONE',  ( 0.000000000000000000, 1.000000000000000000, 0.000000000000000000 ) ) ;
#467 = DIRECTION ( 'NONE',  ( 0.000000000000000000, 0.000000000000000000, -1.000000000000000000 ) ) ;
#468 = DIRECTION ( 'NONE',  ( -1.000000000000000000, 0.000000000000000000, 0.000000000000000000 ) ) ;
#469 =( NAMED_UNIT ( * ) PLANE_ANGLE_UNIT ( ) SI_UNIT ( $, .RADIAN. ) );
#470 = LINE ( 'NONE', #1547, #1397 ) ;
#471 = ADVANCED_FACE ( 'NONE', ( #637 ), #1170, .T. ) ;
#472 = ORIENTED_EDGE ( 'NONE', *, *, #3227, .F. ) ;
#473 = FILL_AREA_STYLE ('',( #1549 ) ) ;
#474 = UNCERTAINTY_MEASURE_WITH_UNIT (LENGTH_MEASURE( 1.000000000000000082E-05 ), #1994, 'distance_accuracy_value', 'NONE');
#475 = EDGE_CURVE ( 'NONE', #3065, #2936, #2338, .T. ) ;
#476 = CARTESIAN_POINT ( 'NONE',  ( 1.279362179235310260, 0.5831999999999996076, -0.6775678900344093147 ) ) ;
#477 = ORIENTED_EDGE ( 'NONE', *, *, #2047, .F. ) ;
#478 = SURFACE_STYLE_FILL_AREA ( #2933 ) ;
#479 = DIRECTION ( 'NONE',  ( 1.000000000000000000, 0.000000000000000000, 0.000000000000000000 ) ) ;
#480 = DIRECTION ( 'NONE',  ( 1.000000000000000000, 0.000000000000000000, 0.000000000000000000 ) ) ;
#481 = ORIENTED_EDGE ( 'NONE', *, *, #2987, .F. ) ;
#482 = CARTESIAN_POINT ( 'NONE',  ( 2.045806451612903754, 0.000000000000000000, 0.000000000000000000 ) ) ;
#483 = LINE ( 'NONE', #2854, #2532 ) ;
#484 =( BOUNDED_CURVE ( )  B_SPLINE_CURVE ( 3, ( #1890, #1646, #3269, #818 ),
 .UNSPECIFIED., .F., .F. ) 
 B_SPLINE_CURVE_WITH_KNOTS ( ( 4, 4 ),
 ( 0.5000000000000013323, 1.000000000000000000 ),
 .UNSPECIFIED. ) 
 CURVE ( )  GEOMETRIC_REPRESENTATION_ITEM ( )  RATIONAL_B_SPLINE_CURVE ( ( 0.5000000000000000000, 0.5000000000000008882, 0.6666666666666676289, 1.000000000000000000 ) ) 
 REPRESENTATION_ITEM ( '' )  );
#485 =( NAMED_UNIT ( * ) SI_UNIT ( $, .STERADIAN. ) SOLID_ANGLE_UNIT ( ) );
#486 = CARTESIAN_POINT ( 'NONE',  ( 0.6324999999999999512, 0.5495999999999998664, -1.350000000000000089 ) ) ;
#487 = ORIENTED_EDGE ( 'NONE', *, *, #2087, .T. ) ;
#488 =( NAMED_UNIT ( * ) SI_UNIT ( $, .STERADIAN. ) SOLID_ANGLE_UNIT ( ) );
#489 = EDGE_CURVE ( 'NONE', #923, #612, #1487, .T. ) ;
#490 = EDGE_CURVE ( 'NONE', #498, #913, #3382, .T. ) ;
#491 =( NAMED_UNIT ( * ) PLANE_ANGLE_UNIT ( ) SI_UNIT ( $, .RADIAN. ) );
#492 = ORIENTED_EDGE ( 'NONE', *, *, #1750, .F. ) ;
#493 = AXIS2_PLACEMENT_3D ( 'NONE', #2922, #2958, #550 ) ;
#494 = CARTESIAN_POINT ( 'NONE',  ( -0.01212600721991021618, 0.5831999999999996076, -0.05117446413209654488 ) ) ;
#495 = LINE ( 'NONE', #2934, #2353 ) ;
#496 = AXIS2_PLACEMENT_3D ( 'NONE', #2830, #2232, #1959 ) ;
#497 = AXIS2_PLACEMENT_3D ( 'NONE', #677, #1172, #3365 ) ;
#498 = VERTEX_POINT ( 'NONE', #1237 ) ;
#499 = LINE ( 'NONE', #2124, #606 ) ;
#500 = VECTOR ( 'NONE', #3179, 1000.000000000000000 ) ;
#501 = PLANE ( 'NONE',  #2350 ) ;
#502 = STYLED_ITEM ( 'NONE', ( #1474 ), #339 ) ;
#503 = LINE ( 'NONE', #3214, #163 ) ;
#504 = SURFACE_SIDE_STYLE ('',( #1618 ) ) ;
#505 = DIRECTION ( 'NONE',  ( 0.000000000000000000, -1.000000000000000000, 0.000000000000000000 ) ) ;
#506 = CARTESIAN_POINT ( 'NONE',  ( 2.045806451612903754, 0.5663999999999996815, -1.350000000000000089 ) ) ;
#507 = VECTOR ( 'NONE', #2413, 1000.000000000000000 ) ;
#508 = LINE ( 'NONE', #1081, #2057 ) ;
#509 = AXIS2_PLACEMENT_3D ( 'NONE', #874, #2450, #32 ) ;
#510 = ORIENTED_EDGE ( 'NONE', *, *, #2335, .T. ) ;
#511 = CARTESIAN_POINT ( 'NONE',  ( 0.7635987315707962741, 0.5831999999999996076, -0.7898232800688187449 ) ) ;
#512 = UNCERTAINTY_MEASURE_WITH_UNIT (LENGTH_MEASURE( 1.000000000000000082E-05 ), #1320, 'distance_accuracy_value', 'NONE');
#513 = CARTESIAN_POINT ( 'NONE',  ( 0.000000000000000000, 0.000000000000000000, 0.000000000000000000 ) ) ;
#514 = PRESENTATION_LAYER_ASSIGNMENT (  '', '', ( #2864 ) ) ;
#515 = SURFACE_STYLE_USAGE ( .BOTH. , #3422 ) ;
#516 = ORIENTED_EDGE ( 'NONE', *, *, #2944, .T. ) ;
#517 = PRESENTATION_LAYER_ASSIGNMENT (  '', '', ( #2767 ) ) ;
#518 = CARTESIAN_POINT ( 'NONE',  ( 1.413306451612903691, 0.5663999999999999035, -1.350000000000000089 ) ) ;
#519 = VECTOR ( 'NONE', #1498, 1000.000000000000000 ) ;
#520 = EDGE_CURVE ( 'NONE', #1492, #3413, #427, .T. ) ;
#521 = ORIENTED_EDGE ( 'NONE', *, *, #1140, .T. ) ;
#522 = FILL_AREA_STYLE ('',( #2978 ) ) ;
#523 = DIRECTION ( 'NONE',  ( 0.000000000000000000, 1.000000000000000000, 0.000000000000000000 ) ) ;
#524 =( NAMED_UNIT ( * ) SI_UNIT ( $, .STERADIAN. ) SOLID_ANGLE_UNIT ( ) );
#525 = DIRECTION ( 'NONE',  ( -1.000000000000000000, 0.000000000000000000, 0.000000000000000000 ) ) ;
#526 =( LENGTH_UNIT ( ) NAMED_UNIT ( * ) SI_UNIT ( .MILLI., .METRE. ) );
#527 = CARTESIAN_POINT ( 'NONE',  ( 1.231252997320559706, 0.5832999999999997076, -0.6775678900344093147 ) ) ;
#528 = PRESENTATION_STYLE_ASSIGNMENT (( #2136 ) ) ;
#529 = LINE ( 'NONE', #1923, #111 ) ;
#530 = VERTEX_POINT ( 'NONE', #1741 ) ;
#531 =( LENGTH_UNIT ( ) NAMED_UNIT ( * ) SI_UNIT ( .MILLI., .METRE. ) );
#532 = DIRECTION ( 'NONE',  ( -0.000000000000000000, 0.000000000000000000, 1.000000000000000000 ) ) ;
#533 = ORIENTED_EDGE ( 'NONE', *, *, #2504, .F. ) ;
#534 = SURFACE_SIDE_STYLE ('',( #2979 ) ) ;
#535 = ADVANCED_FACE ( 'NONE', ( #2315 ), #1771, .T. ) ;
#536 =( NAMED_UNIT ( * ) SI_UNIT ( $, .STERADIAN. ) SOLID_ANGLE_UNIT ( ) );
#537 = ORIENTED_EDGE ( 'NONE', *, *, #227, .T. ) ;
#538 = EDGE_CURVE ( 'NONE', #2017, #2209, #2604, .T. ) ;
#539 = DIRECTION ( 'NONE',  ( 0.000000000000000000, 0.000000000000000000, 1.000000000000000000 ) ) ;
#540 = DIRECTION ( 'NONE',  ( -1.000000000000000000, 1.250381969756347990E-16, 0.000000000000000000 ) ) ;
#541 = CARTESIAN_POINT ( 'NONE',  ( 0.7635987315707962741, 0.5832999999999995966, -0.7898232800688187449 ) ) ;
#542 = DIRECTION ( 'NONE',  ( 0.000000000000000000, 0.000000000000000000, 1.000000000000000000 ) ) ;
#543 = CARTESIAN_POINT ( 'NONE',  ( 0.9691334793078919541, 0.5832999999999998186, -0.6474439867258119374 ) ) ;
#544 = CARTESIAN_POINT ( 'NONE',  ( 0.6324999999999999512, 0.5495999999999998664, 0.000000000000000000 ) ) ;
#545 = EDGE_LOOP ( 'NONE', ( #1025, #1788, #2021, #3049 ) ) ;
#546 = UNCERTAINTY_MEASURE_WITH_UNIT (LENGTH_MEASURE( 1.000000000000000082E-05 ), #813, 'distance_accuracy_value', 'NONE');
#547 = CARTESIAN_POINT ( 'NONE',  ( 0.7539564727974104041, 0.5831999999999996076, -0.6422223896846877000 ) ) ;
#548 = CARTESIAN_POINT ( 'NONE',  ( 0.8554225042594593154, 0.5832999999999995966, -0.6873077294126306303 ) ) ;
#549 = ORIENTED_EDGE ( 'NONE', *, *, #1813, .T. ) ;
#550 = DIRECTION ( 'NONE',  ( -0.2801505321826879835, 0.000000000000000000, -0.9599560819734185291 ) ) ;
#551 = MECHANICAL_DESIGN_GEOMETRIC_PRESENTATION_REPRESENTATION (  '', ( #1719 ), #1332 ) ;
#552 = ORIENTED_EDGE ( 'NONE', *, *, #3319, .T. ) ;
#553 = MECHANICAL_DESIGN_GEOMETRIC_PRESENTATION_REPRESENTATION (  '', ( #2691 ), #1554 ) ;
#554 = DIRECTION ( 'NONE',  ( -0.3313268304642406625, 0.000000000000000000, -0.9435160472480158544 ) ) ;
#555 = AXIS2_PLACEMENT_3D ( 'NONE', #292, #1374, #3461 ) ;
#556 = PRESENTATION_LAYER_ASSIGNMENT (  '', '', ( #2187 ) ) ;
#557 = ADVANCED_FACE ( 'NONE', ( #3415 ), #181, .T. ) ;
#558 = VECTOR ( 'NONE', #1482, 1000.000000000000000 ) ;
#559 = FILL_AREA_STYLE ('',( #812 ) ) ;
#560 =( NAMED_UNIT ( * ) SI_UNIT ( $, .STERADIAN. ) SOLID_ANGLE_UNIT ( ) );
#561 = DIRECTION ( 'NONE',  ( -0.2801505321826879280, -0.000000000000000000, -0.9599560819734185291 ) ) ;
#562 = AXIS2_PLACEMENT_3D ( 'NONE', #236, #1314, #2372 ) ;
#563 = ORIENTED_EDGE ( 'NONE', *, *, #1070, .T. ) ;
#564 = LINE ( 'NONE', #1630, #1955 ) ;
#565 = STYLED_ITEM ( 'NONE', ( #1267 ), #2689 ) ;
#566 = PLANE ( 'NONE',  #1666 ) ;
#567 =( NAMED_UNIT ( * ) SI_UNIT ( $, .STERADIAN. ) SOLID_ANGLE_UNIT ( ) );
#568 = VECTOR ( 'NONE', #3018, 1000.000000000000000 ) ;
#569 = DIRECTION ( 'NONE',  ( 0.000000000000000000, 0.000000000000000000, 1.000000000000000000 ) ) ;
#570 = ORIENTED_EDGE ( 'NONE', *, *, #2319, .T. ) ;
#571 = PRESENTATION_STYLE_ASSIGNMENT (( #186 ) ) ;
#572 = PRESENTATION_STYLE_ASSIGNMENT (( #3175 ) ) ;
#573 =( NAMED_UNIT ( * ) PLANE_ANGLE_UNIT ( ) SI_UNIT ( $, .RADIAN. ) );
#574 = VERTEX_POINT ( 'NONE', #2071 ) ;
#575 = ORIENTED_EDGE ( 'NONE', *, *, #2717, .T. ) ;
#576 = CARTESIAN_POINT ( 'NONE',  ( 1.009658800398740341, 0.5831999999999996076, -0.5653125000000001066 ) ) ;
#577 = FACE_OUTER_BOUND ( 'NONE', #1510, .T. ) ;
#578 = CARTESIAN_POINT ( 'NONE',  ( 0.6988345473465140678, 0.5831999999999996076, -0.6422223896846877000 ) ) ;
#579 = ADVANCED_FACE ( 'NONE', ( #3164 ), #1808, .T. ) ;
#580 = EDGE_LOOP ( 'NONE', ( #1629, #2578, #3026, #1144 ) ) ;
#581 = CARTESIAN_POINT ( 'NONE',  ( 1.406853714799367827, 0.5831999999999994966, -0.6775678900344090927 ) ) ;
#582 = ADVANCED_FACE ( 'NONE', ( #1048 ), #18, .F. ) ;
#583 = ADVANCED_FACE ( 'NONE', ( #1113 ), #2721, .T. ) ;
#584 = CARTESIAN_POINT ( 'NONE',  ( 1.068101134280340592, 0.5831999999999996076, -0.5653125000000001066 ) ) ;
#585 = LINE ( 'NONE', #2733, #2861 ) ;
#586 = EDGE_LOOP ( 'NONE', ( #3086, #1380, #341, #300 ) ) ;
#587 = CARTESIAN_POINT ( 'NONE',  ( 1.338898944472290520, 0.5832999999999995966, -0.6268215309153025716 ) ) ;
#588 = EDGE_LOOP ( 'NONE', ( #2096, #1052, #928, #756 ) ) ;
#589 = ORIENTED_EDGE ( 'NONE', *, *, #806, .F. ) ;
#590 = CARTESIAN_POINT ( 'NONE',  ( 1.406853714799367605, 0.5832999999999997076, -0.6775678900344093147 ) ) ;
#591 = CARTESIAN_POINT ( 'NONE',  ( 0.8429334972688272698, 0.5832999999999995966, -0.6517429111534418507 ) ) ;
#592 = DIRECTION ( 'NONE',  ( -0.3313268304642406625, 0.000000000000000000, 0.9435160472480158544 ) ) ;
#593 = FILL_AREA_STYLE_COLOUR ( '', #2709 ) ;
#594 = LINE ( 'NONE', #2389, #655 ) ;
#595 = ORIENTED_EDGE ( 'NONE', *, *, #1321, .F. ) ;
#596 =( BOUNDED_CURVE ( )  B_SPLINE_CURVE ( 3, ( #325, #304, #628, #1934, #2780, #3061, #1385 ),
 .UNSPECIFIED., .F., .T. ) 
 B_SPLINE_CURVE_WITH_KNOTS ( ( 4, 3, 4 ),
 ( 0.2499999999999993894, 0.5000000000000000000, 0.7500000000000004441 ),
 .UNSPECIFIED. ) 
 CURVE ( )  GEOMETRIC_REPRESENTATION_ITEM ( )  RATIONAL_B_SPLINE_CURVE ( ( 0.5000000000000000000, 0.4999999999999992228, 0.6666666666666658525, 1.000000000000000000, 0.6666666666666660745, 0.4999999999999994449, 0.5000000000000000000 ) ) 
 REPRESENTATION_ITEM ( '' )  );
#597 = DIRECTION ( 'NONE',  ( 0.000000000000000000, 1.000000000000000000, 0.000000000000000000 ) ) ;
#598 = EDGE_CURVE ( 'NONE', #1377, #239, #503, .T. ) ;
#599 = CARTESIAN_POINT ( 'NONE',  ( 1.522903225806452099, 0.000000000000000000, -1.350000000000000089 ) ) ;
#600 = LINE ( 'NONE', #2160, #890 ) ;
#601 = ORIENTED_EDGE ( 'NONE', *, *, #2991, .T. ) ;
#602 = LINE ( 'NONE', #2163, #2202 ) ;
#603 = ORIENTED_EDGE ( 'NONE', *, *, #2647, .T. ) ;
#604 = ORIENTED_EDGE ( 'NONE', *, *, #1600, .F. ) ;
#605 = CARTESIAN_POINT ( 'NONE',  ( 1.406853714799368049, 0.5831999999999996076, -0.4530571099655903988 ) ) ;
#606 = VECTOR ( 'NONE', #2162, 1000.000000000000000 ) ;
#607 = DIRECTION ( 'NONE',  ( 0.3899943811336609722, 0.000000000000000000, 0.9208172363092325119 ) ) ;
#608 = VECTOR ( 'NONE', #1506, 1000.000000000000000 ) ;
#609 = COLOUR_RGB ( '',0.8980392156862745390, 0.9215686274509803377, 0.9294117647058823817 ) ;
#610 = STYLED_ITEM ( 'NONE', ( #1077 ), #1523 ) ;
#611 = DIRECTION ( 'NONE',  ( 1.000000000000000000, 0.000000000000000000, 0.000000000000000000 ) ) ;
#612 = VERTEX_POINT ( 'NONE', #36 ) ;
#613 = CARTESIAN_POINT ( 'NONE',  ( 0.9438342455232522354, 0.5831999999999996076, -0.5653125000000001066 ) ) ;
#614 = VECTOR ( 'NONE', #1800, 1000.000000000000000 ) ;
#615 = ORIENTED_EDGE ( 'NONE', *, *, #2216, .F. ) ;
#616 = CARTESIAN_POINT ( 'NONE',  ( 1.009706646541494335, 0.5832999999999995966, -0.7297540753773578137 ) ) ;
#617 = ORIENTED_EDGE ( 'NONE', *, *, #1862, .F. ) ;
#618 = AXIS2_PLACEMENT_3D ( 'NONE', #3242, #1803, #2158 ) ;
#619 = DIRECTION ( 'NONE',  ( -1.000000000000000000, 0.000000000000000000, -0.000000000000000000 ) ) ;
#620 = VECTOR ( 'NONE', #999, 1000.000000000000000 ) ;
#621 = VERTEX_POINT ( 'NONE', #2379 ) ;
#622 = EDGE_LOOP ( 'NONE', ( #1282, #1137, #2514, #2893 ) ) ;
#623 = AXIS2_PLACEMENT_3D ( 'NONE', #1772, #2327, #1754 ) ;
#624 = FILL_AREA_STYLE ('',( #2810 ) ) ;
#625 = ADVANCED_FACE ( 'NONE', ( #2649 ), #1319, .F. ) ;
#626 = SURFACE_SIDE_STYLE ('',( #1208 ) ) ;
#627 = EDGE_CURVE ( 'NONE', #1460, #2981, #3501, .T. ) ;
#628 = CARTESIAN_POINT ( 'NONE',  ( 1.362953535429666019, 0.5831999999999996076, -0.7898232800688189670 ) ) ;
#629 = CARTESIAN_POINT ( 'NONE',  ( 1.279362179235310260, 0.5832999999999997076, -0.6775678900344093147 ) ) ;
#630 = EDGE_LOOP ( 'NONE', ( #2734, #2463, #3054, #220 ) ) ;
#631 = CARTESIAN_POINT ( 'NONE',  ( 0.9691334793078919541, 0.5831999999999996076, -0.7038170702315645899 ) ) ;
#632 = ORIENTED_EDGE ( 'NONE', *, *, #873, .F. ) ;
#633 = CARTESIAN_POINT ( 'NONE',  ( 1.413306451612903691, 0.5495999999999998664, -1.350000000000000089 ) ) ;
#634 = VERTEX_POINT ( 'NONE', #2419 ) ;
#635 = ORIENTED_EDGE ( 'NONE', *, *, #1259, .T. ) ;
#636 = ORIENTED_EDGE ( 'NONE', *, *, #1245, .F. ) ;
#637 = FACE_OUTER_BOUND ( 'NONE', #2856, .T. ) ;
#638 = EDGE_CURVE ( 'NONE', #3307, #1310, #2165, .T. ) ;
#639 = LINE ( 'NONE', #3364, #2750 ) ;
#640 = EDGE_CURVE ( 'NONE', #2512, #1765, #2453, .T. ) ;
#641 = CARTESIAN_POINT ( 'NONE',  ( 2.045806451612903309, 0.5495999999999998664, -1.350000000000000089 ) ) ;
#642 = DIRECTION ( 'NONE',  ( 1.000000000000000000, 0.000000000000000000, -0.000000000000000000 ) ) ;
#643 = DIRECTION ( 'NONE',  ( 0.000000000000000000, 1.000000000000000000, 0.000000000000000000 ) ) ;
#644 = LINE ( 'NONE', #694, #822 ) ;
#645 = VERTEX_POINT ( 'NONE', #2189 ) ;
#646 = LINE ( 'NONE', #1732, #831 ) ;
#647 = ORIENTED_EDGE ( 'NONE', *, *, #2987, .T. ) ;
#648 =( NAMED_UNIT ( * ) PLANE_ANGLE_UNIT ( ) SI_UNIT ( $, .RADIAN. ) );
#649 = ORIENTED_EDGE ( 'NONE', *, *, #1797, .F. ) ;
#650 = ORIENTED_EDGE ( 'NONE', *, *, #2553, .T. ) ;
#651 = LINE ( 'NONE', #3348, #883 ) ;
#652 = FACE_OUTER_BOUND ( 'NONE', #276, .T. ) ;
#653 = CARTESIAN_POINT ( 'NONE',  ( 0.9692148651762062528, 0.5831999999999996076, -0.6741012186819255181 ) ) ;
#654 = PLANE ( 'NONE',  #340 ) ;
#655 = VECTOR ( 'NONE', #3473, 999.9999999999998863 ) ;
#656 = LINE ( 'NONE', #1726, #1831 ) ;
#657 = CLOSED_SHELL ( 'NONE', ( #700, #294, #3464, #206, #2384, #3184, #315, #2961, #1018, #2073, #2588, #3079, #1899, #582, #3302 ) ) ;
#658 = EDGE_CURVE ( 'NONE', #1912, #2411, #2474, .T. ) ;
#659 = ORIENTED_EDGE ( 'NONE', *, *, #82, .T. ) ;
#660 = CARTESIAN_POINT ( 'NONE',  ( 0.8679115112500913609, 0.5831999999999996076, -0.6517429111534418507 ) ) ;
#661 = VECTOR ( 'NONE', #676, 1000.000000000000000 ) ;
#662 = PRESENTATION_LAYER_ASSIGNMENT (  '', '', ( #2462 ) ) ;
#663 = DIRECTION ( 'NONE',  ( -1.000000000000000000, 0.000000000000000000, 0.000000000000000000 ) ) ;
#664 = ORIENTED_EDGE ( 'NONE', *, *, #3393, .T. ) ;
#665 = LINE ( 'NONE', #2289, #2984 ) ;
#666 = VECTOR ( 'NONE', #275, 1000.000000000000000 ) ;
#667 = SURFACE_STYLE_USAGE ( .BOTH. , #1216 ) ;
#668 = DIRECTION ( 'NONE',  ( 0.000000000000000000, 0.000000000000000000, 1.000000000000000000 ) ) ;
#669 = MECHANICAL_DESIGN_GEOMETRIC_PRESENTATION_REPRESENTATION (  '', ( #219 ), #56 ) ;
#670 = EDGE_LOOP ( 'NONE', ( #2227, #826, #3196, #854 ) ) ;
#671 = ORIENTED_EDGE ( 'NONE', *, *, #1308, .T. ) ;
#672 = SURFACE_STYLE_FILL_AREA ( #1236 ) ;
#673 = CARTESIAN_POINT ( 'NONE',  ( 1.413306451612903691, 0.5495999999999998664, -1.350000000000000089 ) ) ;
#674 = LINE ( 'NONE', #3129, #2491 ) ;
#675 = COLOUR_RGB ( '',0.1019607843137254888, 0.1019607843137254888, 0.1019607843137254888 ) ;
#676 = DIRECTION ( 'NONE',  ( 0.000000000000000000, 0.000000000000000000, -1.000000000000000000 ) ) ;
#677 = CARTESIAN_POINT ( 'NONE',  ( 0.000000000000000000, 0.000000000000000000, -1.350000000000000089 ) ) ;
#678 = STYLED_ITEM ( 'NONE', ( #1520 ), #2920 ) ;
#679 = CARTESIAN_POINT ( 'NONE',  ( 0.9218584416593365027, 0.5832999999999997076, -0.6775678900344089817 ) ) ;
#680 =( GEOMETRIC_REPRESENTATION_CONTEXT ( 3 ) GLOBAL_UNCERTAINTY_ASSIGNED_CONTEXT ( ( #2621 ) ) GLOBAL_UNIT_ASSIGNED_CONTEXT ( ( #720, #1987, #416 ) ) REPRESENTATION_CONTEXT ( 'NONE', 'WORKASPACE' ) );
#681 = CARTESIAN_POINT ( 'NONE',  ( 1.018472811076492235, 0.5831999999999996076, -0.6272312934209895996 ) ) ;
#682 = ORIENTED_EDGE ( 'NONE', *, *, #2622, .F. ) ;
#683 = EDGE_CURVE ( 'NONE', #2161, #3225, #354, .T. ) ;
#684 = DIRECTION ( 'NONE',  ( 2.280947528996296444E-16, -1.000000000000000000, 0.000000000000000000 ) ) ;
#685 = ORIENTED_EDGE ( 'NONE', *, *, #44, .F. ) ;
#686 = LINE ( 'NONE', #178, #3327 ) ;
#687 = VERTEX_POINT ( 'NONE', #3346 ) ;
#688 = CARTESIAN_POINT ( 'NONE',  ( 0.9218584416593362807, 0.5832999999999997076, -0.6775678900344093147 ) ) ;
#689 = FILL_AREA_STYLE_COLOUR ( '', #2756 ) ;
#690 = PRESENTATION_STYLE_ASSIGNMENT (( #1983 ) ) ;
#691 = CARTESIAN_POINT ( 'NONE',  ( 1.358744532884617717, 0.5831999999999996076, -0.7113987961138137361 ) ) ;
#692 = CARTESIAN_POINT ( 'NONE',  ( 0.7635987315707962741, 0.5831999999999996076, -0.7898232800688187449 ) ) ;
#693 = CARTESIAN_POINT ( 'NONE',  ( 0.6324999999999999512, 0.5495999999999998664, -1.350000000000000089 ) ) ;
#694 = CARTESIAN_POINT ( 'NONE',  ( 1.225650702456156482, 0.5831999999999996076, -0.5653125000000001066 ) ) ;
#695 = VERTEX_POINT ( 'NONE', #2193 ) ;
#696 = EDGE_CURVE ( 'NONE', #2470, #2421, #1419, .T. ) ;
#697 = CARTESIAN_POINT ( 'NONE',  ( 1.068101134280340592, 0.5831999999999996076, -0.7898232800688187449 ) ) ;
#698 = EDGE_LOOP ( 'NONE', ( #575, #1538, #306, #742 ) ) ;
#699 = FILL_AREA_STYLE_COLOUR ( '', #943 ) ;
#700 = ADVANCED_FACE ( 'NONE', ( #2229 ), #125, .T. ) ;
#701 = EDGE_CURVE ( 'NONE', #1032, #3459, #737, .T. ) ;
#702 = ORIENTED_EDGE ( 'NONE', *, *, #2506, .F. ) ;
#703 =( BOUNDED_SURFACE ( )  B_SPLINE_SURFACE ( 3, 1, ( 
 ( #1142, #629 ),
 ( #1693, #97 ),
 ( #2519, #3298 ),
 ( #2782, #368 ) ),
 .UNSPECIFIED., .F., .F., .F. ) 
 B_SPLINE_SURFACE_WITH_KNOTS ( ( 4, 4 ),
 ( 2, 2 ),
 ( 0.000000000000000000, 0.5000000078403995518 ),
 ( 0.000000000000000000, 1.000000000000000000 ),
 .UNSPECIFIED. ) 
 GEOMETRIC_REPRESENTATION_ITEM ( )  RATIONAL_B_SPLINE_SURFACE ( (
 ( 1.000000000000000000, 1.000000000000000000),
 ( 0.3333333333333333703, 0.3333333333333333703),
 ( 0.3333333333333333703, 0.3333333333333333703),
 ( 1.000000000000000000, 1.000000000000000000) ) ) 
 REPRESENTATION_ITEM ( '' )  SURFACE ( )  );
#704 =( NAMED_UNIT ( * ) SI_UNIT ( $, .STERADIAN. ) SOLID_ANGLE_UNIT ( ) );
#705 = EDGE_CURVE ( 'NONE', #1310, #1492, #3414, .T. ) ;
#706 =( NAMED_UNIT ( * ) PLANE_ANGLE_UNIT ( ) SI_UNIT ( $, .RADIAN. ) );
#707 = FACE_OUTER_BOUND ( 'NONE', #1878, .T. ) ;
#708 = ORIENTED_EDGE ( 'NONE', *, *, #310, .T. ) ;
#709 = DIRECTION ( 'NONE',  ( 0.3284313343962578791, 0.000000000000000000, 0.9445278495559004117 ) ) ;
#710 = UNCERTAINTY_MEASURE_WITH_UNIT (LENGTH_MEASURE( 1.000000000000000082E-05 ), #2845, 'distance_accuracy_value', 'NONE');
#711 = VECTOR ( 'NONE', #750, 1000.000000000000000 ) ;
#712 = VECTOR ( 'NONE', #3487, 1000.000000000000000 ) ;
#713 = VECTOR ( 'NONE', #287, 1000.000000000000000 ) ;
#714 = ORIENTED_EDGE ( 'NONE', *, *, #269, .F. ) ;
#715 = PRESENTATION_STYLE_ASSIGNMENT (( #141 ) ) ;
#716 = SURFACE_STYLE_FILL_AREA ( #2826 ) ;
#717 = VERTEX_POINT ( 'NONE', #134 ) ;
#718 = CARTESIAN_POINT ( 'NONE',  ( 0.9511252278564634732, 0.5831999999999997186, -0.7898232799741934373 ) ) ;
#719 = DIRECTION ( 'NONE',  ( 0.000000000000000000, -1.000000000000000000, 0.000000000000000000 ) ) ;
#720 =( LENGTH_UNIT ( ) NAMED_UNIT ( * ) SI_UNIT ( .MILLI., .METRE. ) );
#721 = VECTOR ( 'NONE', #1412, 1000.000000000000000 ) ;
#722 =( NAMED_UNIT ( * ) PLANE_ANGLE_UNIT ( ) SI_UNIT ( $, .RADIAN. ) );
#723 =( BOUNDED_SURFACE ( )  B_SPLINE_SURFACE ( 3, 1, ( 
 ( #1327, #47 ),
 ( #834, #2669 ),
 ( #2948, #543 ),
 ( #2404, #2990 ) ),
 .UNSPECIFIED., .F., .F., .F. ) 
 B_SPLINE_SURFACE_WITH_KNOTS ( ( 4, 4 ),
 ( 2, 2 ),
 ( 0.000000000000000000, 0.2773300229037050091 ),
 ( 0.000000000000000000, 1.000000000000000000 ),
 .UNSPECIFIED. ) 
 GEOMETRIC_REPRESENTATION_ITEM ( )  RATIONAL_B_SPLINE_SURFACE ( (
 ( 0.5059754412153363301, 0.5059754412153363301),
 ( 0.4655517832001720979, 0.4655517832001720979),
 ( 0.6302266361283933582, 0.6302266361283933582),
 ( 1.000000000000000000, 1.000000000000000000) ) ) 
 REPRESENTATION_ITEM ( '' )  SURFACE ( )  );
#724 = CARTESIAN_POINT ( 'NONE',  ( 1.003600847529826146, 0.5831999999999996076, -0.7038014310072036039 ) ) ;
#725 = MECHANICAL_DESIGN_GEOMETRIC_PRESENTATION_REPRESENTATION (  '', ( #565 ), #2252 ) ;
#726 = CARTESIAN_POINT ( 'NONE',  ( 1.522903225806452099, 0.5663999999999999035, -1.350000000000000089 ) ) ;
#727 = CARTESIAN_POINT ( 'NONE',  ( 0.5229032258064515437, 0.5663999999999997925, 0.000000000000000000 ) ) ;
#728 = CARTESIAN_POINT ( 'NONE',  ( 1.413306451612903691, 0.000000000000000000, -1.350000000000000089 ) ) ;
#729 = VECTOR ( 'NONE', #554, 1000.000000000000227 ) ;
#730 = VERTEX_POINT ( 'NONE', #164 ) ;
#731 = CARTESIAN_POINT ( 'NONE',  ( 1.092589860420387859, 0.5831999999999996076, -0.5653125000000001066 ) ) ;
#732 = PLANE ( 'NONE',  #767 ) ;
#733 = MECHANICAL_DESIGN_GEOMETRIC_PRESENTATION_REPRESENTATION (  '', ( #3108 ), #1355 ) ;
#734 = ORIENTED_EDGE ( 'NONE', *, *, #347, .T. ) ;
#735 = DIRECTION ( 'NONE',  ( 1.000000000000000000, 1.250381969756347990E-16, 0.000000000000000000 ) ) ;
#736 = VERTEX_POINT ( 'NONE', #2281 ) ;
#737 = LINE ( 'NONE', #1793, #45 ) ;
#738 =( LENGTH_UNIT ( ) NAMED_UNIT ( * ) SI_UNIT ( .MILLI., .METRE. ) );
#739 = CARTESIAN_POINT ( 'NONE',  ( 1.068101134280340592, 0.5831999999999996076, -0.5653125000000001066 ) ) ;
#740 = EDGE_CURVE ( 'NONE', #2360, #2759, #3362, .T. ) ;
#741 = DIRECTION ( 'NONE',  ( 6.453584360032816065E-15, -1.000000000000000000, -0.000000000000000000 ) ) ;
#742 = ORIENTED_EDGE ( 'NONE', *, *, #1090, .T. ) ;
#743 = CARTESIAN_POINT ( 'NONE',  ( 1.144016018489260045, 0.5831999999999996076, -0.6209149699170437575 ) ) ;
#744 = PRODUCT_DEFINITION_CONTEXT ( 'detailed design', #2374, 'design' ) ;
#745 = ORIENTED_EDGE ( 'NONE', *, *, #3204, .T. ) ;
#746 = PRESENTATION_STYLE_ASSIGNMENT (( #252 ) ) ;
#747 = CARTESIAN_POINT ( 'NONE',  ( 0.8268277461106697812, 0.5831999999999996076, -0.5971477267166894753 ) ) ;
#748 = DIRECTION ( 'NONE',  ( -1.000000000000000000, 0.000000000000000000, 0.000000000000000000 ) ) ;
#749 = ORIENTED_EDGE ( 'NONE', *, *, #2170, .T. ) ;
#750 = DIRECTION ( 'NONE',  ( 0.000000000000000000, 1.000000000000000000, 0.000000000000000000 ) ) ;
#751 = DIRECTION ( 'NONE',  ( -1.000000000000000000, 0.000000000000000000, 0.000000000000000000 ) ) ;
#752 = VERTEX_POINT ( 'NONE', #1253 ) ;
#753 = LINE ( 'NONE', #1777, #3107 ) ;
#754 = DIRECTION ( 'NONE',  ( 0.000000000000000000, 1.000000000000000000, 0.000000000000000000 ) ) ;
#755 = LINE ( 'NONE', #2027, #2240 ) ;
#756 = ORIENTED_EDGE ( 'NONE', *, *, #1158, .T. ) ;
#757 = LINE ( 'NONE', #2880, #1181 ) ;
#758 = DIRECTION ( 'NONE',  ( 0.000000000000000000, 1.000000000000000000, 0.000000000000000000 ) ) ;
#759 = EDGE_CURVE ( 'NONE', #1577, #2167, #929, .T. ) ;
#760 = FACE_OUTER_BOUND ( 'NONE', #1745, .T. ) ;
#761 = EDGE_LOOP ( 'NONE', ( #3069, #3293, #3270, #1388, #66, #1548, #113, #1713, #1525 ) ) ;
#762 = VECTOR ( 'NONE', #977, 1000.000000000000000 ) ;
#763 = EDGE_CURVE ( 'NONE', #75, #1261, #1496, .T. ) ;
#764 = PLANE ( 'NONE',  #1126 ) ;
#765 = ADVANCED_FACE ( 'NONE', ( #947 ), #2872, .T. ) ;
#766 = PRESENTATION_LAYER_ASSIGNMENT (  '', '', ( #2805 ) ) ;
#767 = AXIS2_PLACEMENT_3D ( 'NONE', #3441, #1295, #1313 ) ;
#768 = ORIENTED_EDGE ( 'NONE', *, *, #347, .F. ) ;
#769 = LINE ( 'NONE', #2676, #711 ) ;
#770 =( GEOMETRIC_REPRESENTATION_CONTEXT ( 3 ) GLOBAL_UNCERTAINTY_ASSIGNED_CONTEXT ( ( #1550 ) ) GLOBAL_UNIT_ASSIGNED_CONTEXT ( ( #1583, #573, #37 ) ) REPRESENTATION_CONTEXT ( 'NONE', 'WORKASPACE' ) );
#771 = FILL_AREA_STYLE_COLOUR ( '', #3320 ) ;
#772 = AXIS2_PLACEMENT_3D ( 'NONE', #3187, #2699, #2392 ) ;
#773 = CARTESIAN_POINT ( 'NONE',  ( 0.8679115112500913609, 0.5831999999999996076, -0.6517429111534418507 ) ) ;
#774 = PRESENTATION_LAYER_ASSIGNMENT (  '', '', ( #2642 ) ) ;
#775 = VECTOR ( 'NONE', #250, 1000.000000000000000 ) ;
#776 = CARTESIAN_POINT ( 'NONE',  ( -0.01212600721991021618, 0.5831999999999996076, -0.05117446413209654488 ) ) ;
#777 = UNCERTAINTY_MEASURE_WITH_UNIT (LENGTH_MEASURE( 1.000000000000000082E-05 ), #2496, 'distance_accuracy_value', 'NONE');
#778 = DIRECTION ( 'NONE',  ( 0.000000000000000000, 1.000000000000000000, 0.000000000000000000 ) ) ;
#779 =( NAMED_UNIT ( * ) PLANE_ANGLE_UNIT ( ) SI_UNIT ( $, .RADIAN. ) );
#780 =( GEOMETRIC_REPRESENTATION_CONTEXT ( 3 ) GLOBAL_UNCERTAINTY_ASSIGNED_CONTEXT ( ( #2042 ) ) GLOBAL_UNIT_ASSIGNED_CONTEXT ( ( #531, #1592, #1040 ) ) REPRESENTATION_CONTEXT ( 'NONE', 'WORKASPACE' ) );
#781 = CARTESIAN_POINT ( 'NONE',  ( 0.9861619325342171338, 0.5831999999999996076, -0.7297540753773583688 ) ) ;
#782 = ORIENTED_EDGE ( 'NONE', *, *, #266, .T. ) ;
#783 = AXIS2_PLACEMENT_3D ( 'NONE', #2726, #981, #1255 ) ;
#784 = EDGE_CURVE ( 'NONE', #60, #717, #499, .T. ) ;
#785 = DIRECTION ( 'NONE',  ( 0.000000000000000000, 0.000000000000000000, 1.000000000000000000 ) ) ;
#786 = CARTESIAN_POINT ( 'NONE',  ( 0.7640595550224216215, 0.5831999999999996076, -0.5653125000000001066 ) ) ;
#787 = ADVANCED_FACE ( 'NONE', ( #789 ), #2704, .T. ) ;
#788 = ORIENTED_EDGE ( 'NONE', *, *, #2400, .T. ) ;
#789 = FACE_OUTER_BOUND ( 'NONE', #622, .T. ) ;
#790 = PLANE ( 'NONE',  #1003 ) ;
#791 = FILL_AREA_STYLE_COLOUR ( '', #115 ) ;
#792 = ORIENTED_EDGE ( 'NONE', *, *, #1406, .F. ) ;
#793 = CARTESIAN_POINT ( 'NONE',  ( 0.9218584416593360586, 0.5832999999999995966, -0.6214401950704314670 ) ) ;
#794 = DIRECTION ( 'NONE',  ( 2.280947528996296938E-16, -1.000000000000000000, -0.000000000000000000 ) ) ;
#795 = LINE ( 'NONE', #3021, #3210 ) ;
#796 = SURFACE_STYLE_FILL_AREA ( #559 ) ;
#797 = LINE ( 'NONE', #2949, #2632 ) ;
#798 = CARTESIAN_POINT ( 'NONE',  ( 1.299207767647636791, 0.5832999999999997076, -0.7283142491535162799 ) ) ;
#799 = ORIENTED_EDGE ( 'NONE', *, *, #3232, .T. ) ;
#800 = CARTESIAN_POINT ( 'NONE',  ( 1.225650702456156482, 0.5831999999999996076, -0.5653125000000001066 ) ) ;
#801 = EDGE_CURVE ( 'NONE', #132, #459, #1362, .T. ) ;
#802 = CARTESIAN_POINT ( 'NONE',  ( -0.02709677419354838621, -0.01679999999999981161, -1.350000000000000089 ) ) ;
#803 = ORIENTED_EDGE ( 'NONE', *, *, #1602, .F. ) ;
#804 = SURFACE_STYLE_USAGE ( .BOTH. , #229 ) ;
#805 = DIRECTION ( 'NONE',  ( 0.000000000000000000, 0.000000000000000000, 1.000000000000000000 ) ) ;
#806 = EDGE_CURVE ( 'NONE', #1151, #75, #3448, .T. ) ;
#807 = ORIENTED_EDGE ( 'NONE', *, *, #475, .F. ) ;
#808 = CARTESIAN_POINT ( 'NONE',  ( 1.362953535429665353, 0.5832999999999995966, -0.5653124999999998845 ) ) ;
#809 = EDGE_CURVE ( 'NONE', #2360, #2428, #2629, .T. ) ;
#810 = LINE ( 'NONE', #1572, #712 ) ;
#811 =( LENGTH_UNIT ( ) NAMED_UNIT ( * ) SI_UNIT ( .MILLI., .METRE. ) );
#812 = FILL_AREA_STYLE_COLOUR ( '', #1576 ) ;
#813 =( LENGTH_UNIT ( ) NAMED_UNIT ( * ) SI_UNIT ( .MILLI., .METRE. ) );
#814 =( NAMED_UNIT ( * ) PLANE_ANGLE_UNIT ( ) SI_UNIT ( $, .RADIAN. ) );
#815 = ORIENTED_EDGE ( 'NONE', *, *, #2198, .F. ) ;
#816 = DIRECTION ( 'NONE',  ( 0.000000000000000000, -1.000000000000000000, 0.000000000000000000 ) ) ;
#817 = ORIENTED_EDGE ( 'NONE', *, *, #173, .F. ) ;
#818 = CARTESIAN_POINT ( 'NONE',  ( 1.009658800398740341, 0.5831999999999996076, -0.5653125000000001066 ) ) ;
#819 = EDGE_LOOP ( 'NONE', ( #2033, #1891, #55, #1700 ) ) ;
#820 = FACE_OUTER_BOUND ( 'NONE', #2696, .T. ) ;
#821 =( GEOMETRIC_REPRESENTATION_CONTEXT ( 3 ) GLOBAL_UNCERTAINTY_ASSIGNED_CONTEXT ( ( #1801 ) ) GLOBAL_UNIT_ASSIGNED_CONTEXT ( ( #414, #964, #445 ) ) REPRESENTATION_CONTEXT ( 'NONE', 'WORKASPACE' ) );
#822 = VECTOR ( 'NONE', #370, 1000.000000000000000 ) ;
#823 = ORIENTED_EDGE ( 'NONE', *, *, #3454, .T. ) ;
#824 = VECTOR ( 'NONE', #1897, 1000.000000000000000 ) ;
#825 =( GEOMETRIC_REPRESENTATION_CONTEXT ( 3 ) GLOBAL_UNCERTAINTY_ASSIGNED_CONTEXT ( ( #2697 ) ) GLOBAL_UNIT_ASSIGNED_CONTEXT ( ( #1672, #2573, #905 ) ) REPRESENTATION_CONTEXT ( 'NONE', 'WORKASPACE' ) );
#826 = ORIENTED_EDGE ( 'NONE', *, *, #2663, .F. ) ;
#827 = EDGE_CURVE ( 'NONE', #106, #612, #3189, .T. ) ;
#828 = COLOUR_RGB ( '',0.8980392156862745390, 0.9215686274509803377, 0.9294117647058823817 ) ;
#829 = CARTESIAN_POINT ( 'NONE',  ( -1.941793234769294427E-16, 0.5663999999999996815, -1.350000000000000089 ) ) ;
#830 =( GEOMETRIC_REPRESENTATION_CONTEXT ( 3 ) GLOBAL_UNCERTAINTY_ASSIGNED_CONTEXT ( ( #1020 ) ) GLOBAL_UNIT_ASSIGNED_CONTEXT ( ( #1304, #2101, #3190 ) ) REPRESENTATION_CONTEXT ( 'NONE', 'WORKASPACE' ) );
#831 = VECTOR ( 'NONE', #663, 1000.000000000000000 ) ;
#832 = CARTESIAN_POINT ( 'NONE',  ( 1.406853714799367827, 0.5831999999999994966, -0.6775678900344090927 ) ) ;
#833 = EDGE_CURVE ( 'NONE', #1445, #39, #769, .T. ) ;
#834 = CARTESIAN_POINT ( 'NONE',  ( 0.9870079596216979612, 0.5831999999999997186, -0.6183292840604496243 ) ) ;
#835 = VECTOR ( 'NONE', #2415, 1000.000000000000000 ) ;
#836 = ORIENTED_EDGE ( 'NONE', *, *, #2765, .F. ) ;
#837 = CARTESIAN_POINT ( 'NONE',  ( 0.6324999999999998401, 0.5663999999999997925, 0.000000000000000000 ) ) ;
#838 = SURFACE_STYLE_USAGE ( .BOTH. , #3318 ) ;
#839 = DIRECTION ( 'NONE',  ( 0.000000000000000000, 0.000000000000000000, 1.000000000000000000 ) ) ;
#840 = MECHANICAL_DESIGN_GEOMETRIC_PRESENTATION_REPRESENTATION (  '', ( #2767 ), #1963 ) ;
#841 = CARTESIAN_POINT ( 'NONE',  ( 0.5229032258064516547, 0.000000000000000000, 0.000000000000000000 ) ) ;
#842 = ORIENTED_EDGE ( 'NONE', *, *, #87, .T. ) ;
#843 = DIRECTION ( 'NONE',  ( 0.000000000000000000, 0.000000000000000000, 1.000000000000000000 ) ) ;
#844 = DIRECTION ( 'NONE',  ( 1.000000000000000000, -0.000000000000000000, -0.000000000000000000 ) ) ;
#845 = DIRECTION ( 'NONE',  ( 1.000000000000000000, 0.000000000000000000, 0.000000000000000000 ) ) ;
#846 = VECTOR ( 'NONE', #2052, 1000.000000000000000 ) ;
#847 = ORIENTED_EDGE ( 'NONE', *, *, #2480, .F. ) ;
#848 = VERTEX_POINT ( 'NONE', #15 ) ;
#849 = CARTESIAN_POINT ( 'NONE',  ( 1.231252997320559484, 0.5831999999999996076, -0.4530571099655903988 ) ) ;
#850 = ADVANCED_FACE ( 'NONE', ( #1339 ), #1823, .F. ) ;
#851 = DIRECTION ( 'NONE',  ( 2.280947528996296444E-16, -1.000000000000000000, 0.000000000000000000 ) ) ;
#852 = CARTESIAN_POINT ( 'NONE',  ( 0.8554225042594593154, 0.5831999999999996076, -0.6873077294126306303 ) ) ;
#853 = ADVANCED_FACE ( 'NONE', ( #3285 ), #3202, .F. ) ;
#854 = ORIENTED_EDGE ( 'NONE', *, *, #1423, .T. ) ;
#855 = CARTESIAN_POINT ( 'NONE',  ( 0.9691334793078920651, 0.5831999999999996076, -0.6778800650870643318 ) ) ;
#856 =( BOUNDED_SURFACE ( )  B_SPLINE_SURFACE ( 3, 1, ( 
 ( #2194, #3278 ),
 ( #849, #1914 ),
 ( #605, #344 ),
 ( #2128, #590 ) ),
 .UNSPECIFIED., .F., .F., .F. ) 
 B_SPLINE_SURFACE_WITH_KNOTS ( ( 4, 4 ),
 ( 2, 2 ),
 ( 0.000000000000000000, 0.5000000040649861255 ),
 ( 0.000000000000000000, 1.000000000000000000 ),
 .UNSPECIFIED. ) 
 GEOMETRIC_REPRESENTATION_ITEM ( )  RATIONAL_B_SPLINE_SURFACE ( (
 ( 1.000000000000000000, 1.000000000000000000),
 ( 0.3333333333333333703, 0.3333333333333333703),
 ( 0.3333333333333333703, 0.3333333333333333703),
 ( 1.000000000000000000, 1.000000000000000000) ) ) 
 REPRESENTATION_ITEM ( '' )  SURFACE ( )  );
#857 = DIRECTION ( 'NONE',  ( 0.3284313343962577125, 0.000000000000000000, -0.9445278495559003007 ) ) ;
#858 = EDGE_LOOP ( 'NONE', ( #2639, #1302, #2581, #3300 ) ) ;
#859 = DIRECTION ( 'NONE',  ( 0.000000000000000000, 1.000000000000000000, 0.000000000000000000 ) ) ;
#860 = DIRECTION ( 'NONE',  ( 0.000000000000000000, -1.000000000000000000, 0.000000000000000000 ) ) ;
#861 = EDGE_LOOP ( 'NONE', ( #3211, #312 ) ) ;
#862 = ORIENTED_EDGE ( 'NONE', *, *, #806, .T. ) ;
#863 = CARTESIAN_POINT ( 'NONE',  ( 1.068101134280340592, 0.5831999999999996076, -0.5653125000000001066 ) ) ;
#864 = CARTESIAN_POINT ( 'NONE',  ( 1.522903225806452099, 0.5663999999999999035, -1.350000000000000089 ) ) ;
#865 = LINE ( 'NONE', #2515, #3028 ) ;
#866 = FILL_AREA_STYLE_COLOUR ( '', #675 ) ;
#867 = CARTESIAN_POINT ( 'NONE',  ( 0.6324999999999999512, 0.5495999999999998664, 0.000000000000000000 ) ) ;
#868 = ORIENTED_EDGE ( 'NONE', *, *, #2595, .F. ) ;
#869 = CARTESIAN_POINT ( 'NONE',  ( 0.6363210369230349883, 0.5831999999999996076, -0.7898232800688187449 ) ) ;
#870 = PRODUCT_CONTEXT ( 'NONE', #328, 'mechanical' ) ;
#871 = ADVANCED_FACE ( 'NONE', ( #1853 ), #3007, .T. ) ;
#872 = PRESENTATION_STYLE_ASSIGNMENT (( #3268 ) ) ;
#873 = EDGE_CURVE ( 'NONE', #1152, #2981, #594, .T. ) ;
#874 = CARTESIAN_POINT ( 'NONE',  ( 1.319053356059963766, 0.5832999999999995966, -0.6775678900344093147 ) ) ;
#875 = EDGE_LOOP ( 'NONE', ( #1944, #1224, #1982, #1164, #2844, #1799, #2919, #1436 ) ) ;
#876 = LINE ( 'NONE', #2531, #3436 ) ;
#877 = VERTEX_POINT ( 'NONE', #2930 ) ;
#878 = ORIENTED_EDGE ( 'NONE', *, *, #3323, .F. ) ;
#879 = VECTOR ( 'NONE', #3096, 1000.000000000000000 ) ;
#880 = AXIS2_PLACEMENT_3D ( 'NONE', #1901, #65, #305 ) ;
#881 =( NAMED_UNIT ( * ) PLANE_ANGLE_UNIT ( ) SI_UNIT ( $, .RADIAN. ) );
#882 = DIRECTION ( 'NONE',  ( -0.3313268304642406625, 0.000000000000000000, 0.9435160472480158544 ) ) ;
#883 = VECTOR ( 'NONE', #1193, 1000.000000000000000 ) ;
#884 = STYLED_ITEM ( 'NONE', ( #3119 ), #409 ) ;
#885 =( NAMED_UNIT ( * ) SI_UNIT ( $, .STERADIAN. ) SOLID_ANGLE_UNIT ( ) );
#886 = COLOUR_RGB ( '',0.7921568627450980005, 0.8196078431372548767, 0.9333333333333333481 ) ;
#887 = AXIS2_PLACEMENT_3D ( 'NONE', #747, #1820, #845 ) ;
#888 = VERTEX_POINT ( 'NONE', #3223 ) ;
#889 = CARTESIAN_POINT ( 'NONE',  ( 1.092589860420387859, 0.5831999999999996076, -0.7898232800688187449 ) ) ;
#890 = VECTOR ( 'NONE', #3498, 1000.000000000000000 ) ;
#891 = CARTESIAN_POINT ( 'NONE',  ( 1.018472811076492235, 0.5832999999999995966, -0.6500442441528618831 ) ) ;
#892 = EDGE_CURVE ( 'NONE', #2279, #687, #249, .T. ) ;
#893 = LINE ( 'NONE', #2274, #162 ) ;
#894 = EDGE_LOOP ( 'NONE', ( #968, #3405, #112, #768, #2976, #14, #204, #2242, #3137, #685, #815, #1555, #378 ) ) ;
#895 = PRESENTATION_LAYER_ASSIGNMENT (  '', '', ( #565 ) ) ;
#896 = PLANE ( 'NONE',  #623 ) ;
#897 = DIRECTION ( 'NONE',  ( 0.000000000000000000, 1.000000000000000000, 0.000000000000000000 ) ) ;
#898 = EDGE_CURVE ( 'NONE', #2428, #2448, #797, .T. ) ;
#899 = VECTOR ( 'NONE', #542, 1000.000000000000000 ) ;
#900 = EDGE_LOOP ( 'NONE', ( #3439, #533, #920, #3398 ) ) ;
#901 = VERTEX_POINT ( 'NONE', #270 ) ;
#902 = STYLED_ITEM ( 'NONE', ( #1294 ), #3408 ) ;
#903 = CARTESIAN_POINT ( 'NONE',  ( 1.358744532884617273, 0.5831999999999992745, -0.7790606082726232451 ) ) ;
#904 = PRESENTATION_STYLE_ASSIGNMENT (( #2542 ) ) ;
#905 =( NAMED_UNIT ( * ) SI_UNIT ( $, .STERADIAN. ) SOLID_ANGLE_UNIT ( ) );
#906 = CARTESIAN_POINT ( 'NONE',  ( 2.072903225806452365, -3.148403361624908349E-19, -1.350000000000000089 ) ) ;
#907 = ORIENTED_EDGE ( 'NONE', *, *, #1185, .T. ) ;
#908 = LINE ( 'NONE', #1479, #3198 ) ;
#909 = ORIENTED_EDGE ( 'NONE', *, *, #2595, .T. ) ;
#910 = FILL_AREA_STYLE ('',( #157 ) ) ;
#911 = SURFACE_SIDE_STYLE ('',( #3050 ) ) ;
#912 = VERTEX_POINT ( 'NONE', #1353 ) ;
#913 = VERTEX_POINT ( 'NONE', #5 ) ;
#914 = SURFACE_STYLE_FILL_AREA ( #624 ) ;
#915 = EDGE_CURVE ( 'NONE', #2759, #1215, #1084, .T. ) ;
#916 = CARTESIAN_POINT ( 'NONE',  ( 0.8429334972688272698, 0.5832999999999995966, -0.6517429111534418507 ) ) ;
#917 = CARTESIAN_POINT ( 'NONE',  ( 0.6891922885731290860, 0.5831999999999996076, -0.7898232800688187449 ) ) ;
#918 = CARTESIAN_POINT ( 'NONE',  ( 1.018472811076492235, 0.5831999999999996076, -0.6272312934209895996 ) ) ;
#919 = DIRECTION ( 'NONE',  ( -1.000000000000000000, 1.161910764409192650E-17, 0.000000000000000000 ) ) ;
#920 = ORIENTED_EDGE ( 'NONE', *, *, #1974, .F. ) ;
#921 = UNCERTAINTY_MEASURE_WITH_UNIT (LENGTH_MEASURE( 1.000000000000000082E-05 ), #1931, 'distance_accuracy_value', 'NONE');
#922 = DIRECTION ( 'NONE',  ( 0.000000000000000000, 0.000000000000000000, -1.000000000000000000 ) ) ;
#923 = VERTEX_POINT ( 'NONE', #1991 ) ;
#924 = FACE_OUTER_BOUND ( 'NONE', #2522, .T. ) ;
#925 =( NAMED_UNIT ( * ) SI_UNIT ( $, .STERADIAN. ) SOLID_ANGLE_UNIT ( ) );
#926 = CARTESIAN_POINT ( 'NONE',  ( 1.144016018489260045, 0.5831999999999996076, -0.6525078073068826257 ) ) ;
#927 = ORIENTED_EDGE ( 'NONE', *, *, #3326, .T. ) ;
#928 = ORIENTED_EDGE ( 'NONE', *, *, #2261, .T. ) ;
#929 = LINE ( 'NONE', #1753, #2684 ) ;
#930 = LINE ( 'NONE', #1774, #661 ) ;
#931 = VECTOR ( 'NONE', #1064, 1000.000000000000000 ) ;
#932 = ADVANCED_FACE ( 'NONE', ( #2768 ), #703, .F. ) ;
#933 = DIRECTION ( 'NONE',  ( 1.000000000000000000, 0.000000000000000000, 0.000000000000000000 ) ) ;
#934 = DIRECTION ( 'NONE',  ( 1.000000000000000000, 0.000000000000000000, 0.000000000000000000 ) ) ;
#935 = COLOUR_RGB ( '',0.8509803921568627194, 0.8509803921568627194, 0.8509803921568627194 ) ;
#936 = EDGE_CURVE ( 'NONE', #1470, #2862, #3311, .T. ) ;
#937 = ADVANCED_FACE ( 'NONE', ( #1197 ), #352, .T. ) ;
#938 = ORIENTED_EDGE ( 'NONE', *, *, #1161, .F. ) ;
#939 = VECTOR ( 'NONE', #466, 1000.000000000000000 ) ;
#940 = VECTOR ( 'NONE', #170, 1000.000000000000000 ) ;
#941 = AXIS2_PLACEMENT_3D ( 'NONE', #2898, #2678, #805 ) ;
#942 = ORIENTED_EDGE ( 'NONE', *, *, #1373, .F. ) ;
#943 = COLOUR_RGB ( '',0.8980392156862745390, 0.9215686274509803377, 0.9294117647058823817 ) ;
#944 = CARTESIAN_POINT ( 'NONE',  ( 0.7539564727974104041, 0.5831999999999996076, -0.6422223896846877000 ) ) ;
#945 = AXIS2_PLACEMENT_3D ( 'NONE', #3228, #2754, #2954 ) ;
#946 = VERTEX_POINT ( 'NONE', #1979 ) ;
#947 = FACE_OUTER_BOUND ( 'NONE', #1361, .T. ) ;
#948 = CARTESIAN_POINT ( 'NONE',  ( 1.216707741942912868, 0.5831999999999996076, -0.7023734713488288817 ) ) ;
#949 = VECTOR ( 'NONE', #2618, 1000.000000000000000 ) ;
#950 = CARTESIAN_POINT ( 'NONE',  ( 1.279362179235309815, 0.5831999999999996076, -0.7113987961138137361 ) ) ;
#951 = FILL_AREA_STYLE_COLOUR ( '', #935 ) ;
#952 = MECHANICAL_DESIGN_GEOMETRIC_PRESENTATION_REPRESENTATION (  '', ( #3279 ), #345 ) ;
#953 = DIRECTION ( 'NONE',  ( 1.000000000000000000, 1.250381969756347990E-16, 0.000000000000000000 ) ) ;
#954 = ADVANCED_FACE ( 'NONE', ( #3076 ), #3025, .F. ) ;
#955 = ORIENTED_EDGE ( 'NONE', *, *, #2891, .F. ) ;
#956 = EDGE_CURVE ( 'NONE', #342, #1038, #2219, .T. ) ;
#957 = EDGE_CURVE ( 'NONE', #574, #459, #1744, .T. ) ;
#958 = SURFACE_STYLE_USAGE ( .BOTH. , #2310 ) ;
#959 = EDGE_LOOP ( 'NONE', ( #3171, #3170, #1435, #2099 ) ) ;
#960 = EDGE_CURVE ( 'NONE', #2204, #1581, #656, .T. ) ;
#961 = CARTESIAN_POINT ( 'NONE',  ( 1.009706646541494335, 0.5831999999999996076, -0.7297540753773578137 ) ) ;
#962 = PLANE ( 'NONE',  #2246 ) ;
#963 = EDGE_LOOP ( 'NONE', ( #1950, #1562, #1011, #2724, #2707, #2079, #3340, #635 ) ) ;
#964 =( NAMED_UNIT ( * ) PLANE_ANGLE_UNIT ( ) SI_UNIT ( $, .RADIAN. ) );
#965 = SURFACE_STYLE_USAGE ( .BOTH. , #2569 ) ;
#966 = PLANE ( 'NONE',  #121 ) ;
#967 = CARTESIAN_POINT ( 'NONE',  ( 1.413306451612903691, 0.5495999999999998664, 0.000000000000000000 ) ) ;
#968 = ORIENTED_EDGE ( 'NONE', *, *, #1308, .F. ) ;
#969 = DIRECTION ( 'NONE',  ( 0.000000000000000000, 0.000000000000000000, 1.000000000000000000 ) ) ;
#970 = ORIENTED_EDGE ( 'NONE', *, *, #740, .T. ) ;
#971 = DIRECTION ( 'NONE',  ( 0.000000000000000000, -1.000000000000000000, 0.000000000000000000 ) ) ;
#972 = ORIENTED_EDGE ( 'NONE', *, *, #448, .T. ) ;
#973 = ADVANCED_FACE ( 'NONE', ( #1475 ), #2559, .F. ) ;
#974 = SURFACE_SIDE_STYLE ('',( #3087 ) ) ;
#975 = FACE_OUTER_BOUND ( 'NONE', #2513, .T. ) ;
#976 = ORIENTED_EDGE ( 'NONE', *, *, #701, .F. ) ;
#977 = DIRECTION ( 'NONE',  ( -1.000000000000000000, 0.000000000000000000, 0.000000000000000000 ) ) ;
#978 = DIRECTION ( 'NONE',  ( 0.000000000000000000, 0.000000000000000000, -1.000000000000000000 ) ) ;
#979 = DIRECTION ( 'NONE',  ( -1.000000000000000000, 0.000000000000000000, 0.000000000000000000 ) ) ;
#980 = CARTESIAN_POINT ( 'NONE',  ( 0.000000000000000000, 0.000000000000000000, -1.350000000000000089 ) ) ;
#981 = DIRECTION ( 'NONE',  ( -1.000000000000000000, 0.000000000000000000, 0.000000000000000000 ) ) ;
#982 = FACE_OUTER_BOUND ( 'NONE', #2879, .T. ) ;
#983 = CARTESIAN_POINT ( 'NONE',  ( 0.9218584416593365027, 0.5832999999999997076, -0.6775678900344089817 ) ) ;
#984 = PLANE ( 'NONE',  #1947 ) ;
#985 = EDGE_LOOP ( 'NONE', ( #205, #878, #2529, #1909 ) ) ;
#986 = UNCERTAINTY_MEASURE_WITH_UNIT (LENGTH_MEASURE( 1.000000000000000082E-05 ), #2910, 'distance_accuracy_value', 'NONE');
#987 = DIRECTION ( 'NONE',  ( -1.000000000000000000, 0.000000000000000000, 0.000000000000000000 ) ) ;
#988 = PRESENTATION_LAYER_ASSIGNMENT (  '', '', ( #2527 ) ) ;
#989 = ORIENTED_EDGE ( 'NONE', *, *, #1940, .F. ) ;
#990 = VECTOR ( 'NONE', #460, 1000.000000000000000 ) ;
#991 = VECTOR ( 'NONE', #719, 1000.000000000000000 ) ;
#992 = EDGE_CURVE ( 'NONE', #3314, #1668, #2010, .T. ) ;
#993 = ORIENTED_EDGE ( 'NONE', *, *, #2941, .F. ) ;
#994 = AXIS2_PLACEMENT_3D ( 'NONE', #238, #532, #480 ) ;
#995 = CARTESIAN_POINT ( 'NONE',  ( 1.216707741942912868, 0.5831999999999996076, -0.7023734713488288817 ) ) ;
#996 = EDGE_CURVE ( 'NONE', #317, #433, #2488, .T. ) ;
#997 = VECTOR ( 'NONE', #1854, 1000.000000000000000 ) ;
#998 = CARTESIAN_POINT ( 'NONE',  ( 1.279362179235310260, 0.5831999999999996076, -0.6775678900344092037 ) ) ;
#999 = DIRECTION ( 'NONE',  ( 0.000000000000000000, 0.000000000000000000, 1.000000000000000000 ) ) ;
#1000 =( GEOMETRIC_REPRESENTATION_CONTEXT ( 3 ) GLOBAL_UNCERTAINTY_ASSIGNED_CONTEXT ( ( #2928 ) ) GLOBAL_UNIT_ASSIGNED_CONTEXT ( ( #811, #2441, #24 ) ) REPRESENTATION_CONTEXT ( 'NONE', 'WORKASPACE' ) );
#1001 = DIRECTION ( 'NONE',  ( 0.000000000000000000, 0.000000000000000000, -1.000000000000000000 ) ) ;
#1002 = CARTESIAN_POINT ( 'NONE',  ( 0.8268277461106697812, 0.5832999999999995966, -0.5971477267166894753 ) ) ;
#1003 = AXIS2_PLACEMENT_3D ( 'NONE', #1340, #16, #1945 ) ;
#1004 = ORIENTED_EDGE ( 'NONE', *, *, #640, .T. ) ;
#1005 = DIRECTION ( 'NONE',  ( 0.000000000000000000, 1.000000000000000000, 0.000000000000000000 ) ) ;
#1006 = PRESENTATION_LAYER_ASSIGNMENT (  '', '', ( #902 ) ) ;
#1007 = FILL_AREA_STYLE_COLOUR ( '', #3101 ) ;
#1008 = VERTEX_POINT ( 'NONE', #1674 ) ;
#1009 =( NAMED_UNIT ( * ) PLANE_ANGLE_UNIT ( ) SI_UNIT ( $, .RADIAN. ) );
#1010 = CARTESIAN_POINT ( 'NONE',  ( 0.000000000000000000, 0.000000000000000000, -1.350000000000000089 ) ) ;
#1011 = ORIENTED_EDGE ( 'NONE', *, *, #3011, .F. ) ;
#1012 = DIRECTION ( 'NONE',  ( 0.000000000000000000, -1.000000000000000000, 0.000000000000000000 ) ) ;
#1013 = PRESENTATION_STYLE_ASSIGNMENT (( #3480 ) ) ;
#1014 = PLANE ( 'NONE',  #2600 ) ;
#1015 = PLANE ( 'NONE',  #102 ) ;
#1016 = EDGE_CURVE ( 'NONE', #423, #175, #2039, .T. ) ;
#1017 = DIRECTION ( 'NONE',  ( 0.000000000000000000, 0.000000000000000000, 1.000000000000000000 ) ) ;
#1018 = ADVANCED_FACE ( 'NONE', ( #707 ), #172, .T. ) ;
#1019 = EDGE_LOOP ( 'NONE', ( #2741, #3395, #3330, #197 ) ) ;
#1020 = UNCERTAINTY_MEASURE_WITH_UNIT (LENGTH_MEASURE( 1.000000000000000082E-05 ), #1304, 'distance_accuracy_value', 'NONE');
#1021 = CARTESIAN_POINT ( 'NONE',  ( 1.406853714799367605, 0.5831999999999996076, -0.6775678900344093147 ) ) ;
#1022 = CARTESIAN_POINT ( 'NONE',  ( 1.144016018489260045, 0.5831999999999996076, -0.6209149699170437575 ) ) ;
#1023 = EDGE_LOOP ( 'NONE', ( #2378, #3499, #2498, #1434 ) ) ;
#1024 = LINE ( 'NONE', #547, #395 ) ;
#1025 = ORIENTED_EDGE ( 'NONE', *, *, #1938, .F. ) ;
#1026 = DIRECTION ( 'NONE',  ( 0.000000000000000000, -1.000000000000000000, 0.000000000000000000 ) ) ;
#1027 = SURFACE_STYLE_USAGE ( .BOTH. , #1843 ) ;
#1028 = PLANE ( 'NONE',  #2072 ) ;
#1029 = CARTESIAN_POINT ( 'NONE',  ( 1.231252997320559928, 0.5832999999999997076, -0.6775678900344092037 ) ) ;
#1030 = CARTESIAN_POINT ( 'NONE',  ( 1.225650702456156482, 0.5832999999999995966, -0.7318403520106933069 ) ) ;
#1031 = EDGE_CURVE ( 'NONE', #1775, #3031, #755, .T. ) ;
#1032 = VERTEX_POINT ( 'NONE', #1759 ) ;
#1033 = PLANE ( 'NONE',  #1960 ) ;
#1034 = CARTESIAN_POINT ( 'NONE',  ( 1.231252997320559484, 0.5831999999999996076, -0.9020786701032285082 ) ) ;
#1035 = EDGE_CURVE ( 'NONE', #848, #912, #2574, .T. ) ;
#1036 = SURFACE_STYLE_FILL_AREA ( #2444 ) ;
#1037 = LINE ( 'NONE', #2624, #1286 ) ;
#1038 = VERTEX_POINT ( 'NONE', #1002 ) ;
#1039 = COLOUR_RGB ( '',0.8980392156862745390, 0.9215686274509803377, 0.9294117647058823817 ) ;
#1040 =( NAMED_UNIT ( * ) SI_UNIT ( $, .STERADIAN. ) SOLID_ANGLE_UNIT ( ) );
#1041 = CARTESIAN_POINT ( 'NONE',  ( 1.216707741942912868, 0.5831999999999996076, -0.6525078073068826257 ) ) ;
#1042 = VECTOR ( 'NONE', #741, 1000.000000000000000 ) ;
#1043 = PRESENTATION_LAYER_ASSIGNMENT (  '', '', ( #154 ) ) ;
#1044 = VERTEX_POINT ( 'NONE', #1781 ) ;
#1045 = SURFACE_SIDE_STYLE ('',( #2145 ) ) ;
#1046 = PRESENTATION_LAYER_ASSIGNMENT (  '', '', ( #2691 ) ) ;
#1047 = LINE ( 'NONE', #257, #1678 ) ;
#1048 = FACE_OUTER_BOUND ( 'NONE', #894, .T. ) ;
#1049 =( NAMED_UNIT ( * ) PLANE_ANGLE_UNIT ( ) SI_UNIT ( $, .RADIAN. ) );
#1050 = VECTOR ( 'NONE', #3375, 1000.000000000000000 ) ;
#1051 = VECTOR ( 'NONE', #1514, 1000.000000000000000 ) ;
#1052 = ORIENTED_EDGE ( 'NONE', *, *, #195, .T. ) ;
#1053 = CARTESIAN_POINT ( 'NONE',  ( 1.231252997320559706, 0.5831999999999996076, -0.6775678900344093147 ) ) ;
#1054 = SURFACE_STYLE_FILL_AREA ( #1123 ) ;
#1055 = MECHANICAL_DESIGN_GEOMETRIC_PRESENTATION_REPRESENTATION (  '', ( #3155 ), #2545 ) ;
#1056 = VECTOR ( 'NONE', #2698, 1000.000000000000000 ) ;
#1057 = DIRECTION ( 'NONE',  ( 0.000000000000000000, 0.000000000000000000, 1.000000000000000000 ) ) ;
#1058 = UNCERTAINTY_MEASURE_WITH_UNIT (LENGTH_MEASURE( 1.000000000000000082E-05 ), #2659, 'distance_accuracy_value', 'NONE');
#1059 = CARTESIAN_POINT ( 'NONE',  ( 2.045806451612903754, 0.5495999999999998664, -1.350000000000000089 ) ) ;
#1060 = LINE ( 'NONE', #2713, #2237 ) ;
#1061 =( BOUNDED_CURVE ( )  B_SPLINE_CURVE ( 3, ( #3109, #1182, #2287, #2238 ),
 .UNSPECIFIED., .F., .T. ) 
 B_SPLINE_CURVE_WITH_KNOTS ( ( 4, 4 ),
 ( 0.5000000000000013323, 1.000000000000000000 ),
 .UNSPECIFIED. ) 
 CURVE ( )  GEOMETRIC_REPRESENTATION_ITEM ( )  RATIONAL_B_SPLINE_CURVE ( ( 0.5000000000000000000, 0.5000000000000008882, 0.6666666666666676289, 1.000000000000000000 ) ) 
 REPRESENTATION_ITEM ( '' )  );
#1062 = EDGE_CURVE ( 'NONE', #1044, #2106, #2860, .T. ) ;
#1063 = VECTOR ( 'NONE', #2708, 1000.000000000000000 ) ;
#1064 = DIRECTION ( 'NONE',  ( 0.000000000000000000, -1.000000000000000000, 0.000000000000000000 ) ) ;
#1065 = EDGE_CURVE ( 'NONE', #91, #695, #3133, .T. ) ;
#1066 =( NAMED_UNIT ( * ) SI_UNIT ( $, .STERADIAN. ) SOLID_ANGLE_UNIT ( ) );
#1067 = ORIENTED_EDGE ( 'NONE', *, *, #3390, .F. ) ;
#1068 = MECHANICAL_DESIGN_GEOMETRIC_PRESENTATION_REPRESENTATION (  '', ( #1631 ), #283 ) ;
#1069 = LINE ( 'NONE', #1839, #2918 ) ;
#1070 = EDGE_CURVE ( 'NONE', #2996, #2564, #2637, .T. ) ;
#1071 = CARTESIAN_POINT ( 'NONE',  ( 0.8840172624082487385, 0.5831999999999996076, -0.5971477267166894753 ) ) ;
#1072 = EDGE_CURVE ( 'NONE', #2448, #877, #1223, .T. ) ;
#1073 = DIRECTION ( 'NONE',  ( 1.000000000000000000, 0.000000000000000000, 0.000000000000000000 ) ) ;
#1074 = ORIENTED_EDGE ( 'NONE', *, *, #2139, .T. ) ;
#1075 = CARTESIAN_POINT ( 'NONE',  ( 2.045806451612903754, -0.01679999999999981508, -1.350000000000000089 ) ) ;
#1076 = DIRECTION ( 'NONE',  ( 0.3899943811336609722, 0.000000000000000000, -0.9208172363092325119 ) ) ;
#1077 = PRESENTATION_STYLE_ASSIGNMENT (( #1366 ) ) ;
#1078 = ORIENTED_EDGE ( 'NONE', *, *, #1658, .T. ) ;
#1079 = CARTESIAN_POINT ( 'NONE',  ( 0.9511252278564634732, 0.5832999999999997076, -0.5653125000946254142 ) ) ;
#1080 =( NAMED_UNIT ( * ) PLANE_ANGLE_UNIT ( ) SI_UNIT ( $, .RADIAN. ) );
#1081 = CARTESIAN_POINT ( 'NONE',  ( 1.225650702456156482, 0.5831999999999996076, -0.6209149699170437575 ) ) ;
#1082 = LINE ( 'NONE', #2668, #1352 ) ;
#1083 = FILL_AREA_STYLE ('',( #1641 ) ) ;
#1084 = LINE ( 'NONE', #2967, #1114 ) ;
#1085 = CARTESIAN_POINT ( 'NONE',  ( 1.338898944472290520, 0.5832999999999995966, -0.7283142491535162799 ) ) ;
#1086 = EDGE_LOOP ( 'NONE', ( #492, #3008, #2951, #2631 ) ) ;
#1087 =( BOUNDED_SURFACE ( )  B_SPLINE_SURFACE ( 3, 1, ( 
 ( #1021, #1604 ),
 ( #2172, #2687 ),
 ( #1034, #3182 ),
 ( #2442, #527 ) ),
 .UNSPECIFIED., .F., .F., .F. ) 
 B_SPLINE_SURFACE_WITH_KNOTS ( ( 4, 4 ),
 ( 2, 2 ),
 ( 0.5000000040649861255, 1.000000000000000000 ),
 ( 0.000000000000000000, 1.000000000000000000 ),
 .UNSPECIFIED. ) 
 GEOMETRIC_REPRESENTATION_ITEM ( )  RATIONAL_B_SPLINE_SURFACE ( (
 ( 1.000000000000000000, 1.000000000000000000),
 ( 0.3333333333333333703, 0.3333333333333333703),
 ( 0.3333333333333333703, 0.3333333333333333703),
 ( 1.000000000000000000, 1.000000000000000000) ) ) 
 REPRESENTATION_ITEM ( '' )  SURFACE ( )  );
#1088 = DIRECTION ( 'NONE',  ( 0.000000000000000000, 0.000000000000000000, 1.000000000000000000 ) ) ;
#1089 = LINE ( 'NONE', #1805, #1178 ) ;
#1090 = EDGE_CURVE ( 'NONE', #358, #687, #1257, .T. ) ;
#1091 = DIRECTION ( 'NONE',  ( 0.9445278495559004117, 0.000000000000000000, 0.3284313343962578791 ) ) ;
#1092 = ORIENTED_EDGE ( 'NONE', *, *, #1031, .T. ) ;
#1093 = SURFACE_SIDE_STYLE ('',( #2395 ) ) ;
#1094 = SURFACE_SIDE_STYLE ('',( #2452 ) ) ;
#1095 =( NAMED_UNIT ( * ) SI_UNIT ( $, .STERADIAN. ) SOLID_ANGLE_UNIT ( ) );
#1096 = ADVANCED_FACE ( 'NONE', ( #2318 ), #984, .T. ) ;
#1097 = EDGE_CURVE ( 'NONE', #1179, #2657, #3120, .T. ) ;
#1098 = EDGE_LOOP ( 'NONE', ( #1828, #2239 ) ) ;
#1099 = CARTESIAN_POINT ( 'NONE',  ( 0.6363210369230349883, 0.5832999999999995966, -0.7898232800688187449 ) ) ;
#1100 = CARTESIAN_POINT ( 'NONE',  ( 0.9218584416593365027, 0.5831999999999996076, -0.6775678900344089817 ) ) ;
#1101 = DIRECTION ( 'NONE',  ( 1.000000000000000000, 0.000000000000000000, -0.000000000000000000 ) ) ;
#1102 = CARTESIAN_POINT ( 'NONE',  ( 0.6891922885731290860, 0.5831999999999996076, -0.7898232800688187449 ) ) ;
#1103 = CARTESIAN_POINT ( 'NONE',  ( 0.7263955100719626801, 0.5832999999999995966, -0.7001398879565884359 ) ) ;
#1104 = ORIENTED_EDGE ( 'NONE', *, *, #1245, .T. ) ;
#1105 = CARTESIAN_POINT ( 'NONE',  ( 2.045806451612903754, 0.5663999999999996815, 0.000000000000000000 ) ) ;
#1106 = CARTESIAN_POINT ( 'NONE',  ( 0.000000000000000000, 0.000000000000000000, 0.000000000000000000 ) ) ;
#1107 = FACE_BOUND ( 'NONE', #1701, .T. ) ;
#1108 =( NAMED_UNIT ( * ) PLANE_ANGLE_UNIT ( ) SI_UNIT ( $, .RADIAN. ) );
#1109 = CARTESIAN_POINT ( 'NONE',  ( 0.5229032258064515437, 0.5831999999999997186, -1.350000000000000089 ) ) ;
#1110 = ORIENTED_EDGE ( 'NONE', *, *, #2765, .T. ) ;
#1111 = CARTESIAN_POINT ( 'NONE',  ( 0.6363210369230349883, 0.5831999999999996076, -0.7898232800688187449 ) ) ;
#1112 = CARTESIAN_POINT ( 'NONE',  ( -2.100641709190641345E-18, -0.01679999999999981508, 0.000000000000000000 ) ) ;
#1113 = FACE_OUTER_BOUND ( 'NONE', #1513, .T. ) ;
#1114 = VECTOR ( 'NONE', #561, 1000.000000000000114 ) ;
#1115 = MECHANICAL_DESIGN_GEOMETRIC_PRESENTATION_REPRESENTATION (  '', ( #1169 ), #3140 ) ;
#1116 = EDGE_CURVE ( 'NONE', #913, #387, #1268, .T. ) ;
#1117 = CARTESIAN_POINT ( 'NONE',  ( 0.5229032258064515437, 0.5831999999999997186, -1.350000000000000089 ) ) ;
#1118 = ORIENTED_EDGE ( 'NONE', *, *, #390, .T. ) ;
#1119 = VECTOR ( 'NONE', #1798, 1000.000000000000000 ) ;
#1120 = EDGE_LOOP ( 'NONE', ( #3356, #2262, #1394, #398, #2603, #375, #1924, #377, #2675, #3337, #1432, #1855 ) ) ;
#1121 = ADVANCED_FACE ( 'NONE', ( #1826 ), #2346, .T. ) ;
#1122 = DIRECTION ( 'NONE',  ( 0.000000000000000000, 0.000000000000000000, -1.000000000000000000 ) ) ;
#1123 = FILL_AREA_STYLE ('',( #264 ) ) ;
#1124 = CARTESIAN_POINT ( 'NONE',  ( 0.8783137329725838605, 0.5832999999999995966, -0.7898232800688187449 ) ) ;
#1125 = PRESENTATION_LAYER_ASSIGNMENT (  '', '', ( #3199 ) ) ;
#1126 = AXIS2_PLACEMENT_3D ( 'NONE', #800, #2431, #11 ) ;
#1127 = DIRECTION ( 'NONE',  ( 0.000000000000000000, -1.000000000000000000, 0.000000000000000000 ) ) ;
#1128 = FILL_AREA_STYLE ('',( #2460 ) ) ;
#1129 = ORIENTED_EDGE ( 'NONE', *, *, #1773, .T. ) ;
#1130 = CARTESIAN_POINT ( 'NONE',  ( 0.000000000000000000, 0.000000000000000000, -1.350000000000000089 ) ) ;
#1131 = MECHANICAL_DESIGN_GEOMETRIC_PRESENTATION_REPRESENTATION (  '', ( #1467 ), #2199 ) ;
#1132 = PLANE ( 'NONE',  #1553 ) ;
#1133 = VECTOR ( 'NONE', #1895, 1000.000000000000000 ) ;
#1134 = CARTESIAN_POINT ( 'NONE',  ( 0.9218584416593365027, 0.5831999999999996076, -0.6775678900344089817 ) ) ;
#1135 = VERTEX_POINT ( 'NONE', #2078 ) ;
#1136 = ORIENTED_EDGE ( 'NONE', *, *, #705, .F. ) ;
#1137 = ORIENTED_EDGE ( 'NONE', *, *, #1423, .F. ) ;
#1138 = CARTESIAN_POINT ( 'NONE',  ( 1.231252997320559928, 0.5832999999999997076, -0.6775678900344092037 ) ) ;
#1139 = CARTESIAN_POINT ( 'NONE',  ( 0.8950870111682094343, 0.5832999999999995966, -0.5653125000000001066 ) ) ;
#1140 = EDGE_CURVE ( 'NONE', #2555, #2421, #2058, .T. ) ;
#1141 = SURFACE_STYLE_USAGE ( .BOTH. , #1174 ) ;
#1142 = CARTESIAN_POINT ( 'NONE',  ( 1.279362179235310260, 0.5831999999999993856, -0.6775678900344093147 ) ) ;
#1143 = EDGE_CURVE ( 'NONE', #2867, #318, #3168, .T. ) ;
#1144 = ORIENTED_EDGE ( 'NONE', *, *, #1504, .T. ) ;
#1145 = CARTESIAN_POINT ( 'NONE',  ( 0.8783137329725838605, 0.5831999999999996076, -0.7898232800688187449 ) ) ;
#1146 = ORIENTED_EDGE ( 'NONE', *, *, #3494, .T. ) ;
#1147 = PLANE ( 'NONE',  #509 ) ;
#1148 = ORIENTED_EDGE ( 'NONE', *, *, #3141, .T. ) ;
#1149 = CARTESIAN_POINT ( 'NONE',  ( 0.8679115112500913609, 0.5832999999999993745, -0.6517429111534418507 ) ) ;
#1150 = CARTESIAN_POINT ( 'NONE',  ( 1.068101134280340592, 0.5832999999999995966, -0.7898232800688187449 ) ) ;
#1151 = VERTEX_POINT ( 'NONE', #3420 ) ;
#1152 = VERTEX_POINT ( 'NONE', #3154 ) ;
#1153 = DIRECTION ( 'NONE',  ( -1.000000000000000000, 0.000000000000000000, 0.000000000000000000 ) ) ;
#1154 = SURFACE_STYLE_USAGE ( .BOTH. , #626 ) ;
#1155 = LINE ( 'NONE', #917, #1292 ) ;
#1156 = DIRECTION ( 'NONE',  ( -1.000000000000000000, -3.428307264776298658E-16, 0.000000000000000000 ) ) ;
#1157 = FILL_AREA_STYLE ('',( #2815 ) ) ;
#1158 = EDGE_CURVE ( 'NONE', #1411, #2355, #2887, .T. ) ;
#1159 = ORIENTED_EDGE ( 'NONE', *, *, #1062, .F. ) ;
#1160 = CARTESIAN_POINT ( 'NONE',  ( 1.009706646540145636, 0.5832999999999998186, -0.7297540753773583688 ) ) ;
#1161 = EDGE_CURVE ( 'NONE', #923, #1135, #470, .T. ) ;
#1162 = FILL_AREA_STYLE ('',( #12 ) ) ;
#1163 = CARTESIAN_POINT ( 'NONE',  ( 0.8429334972688272698, 0.5831999999999996076, -0.6517429111534418507 ) ) ;
#1164 = ORIENTED_EDGE ( 'NONE', *, *, #209, .F. ) ;
#1165 = CARTESIAN_POINT ( 'NONE',  ( 0.8157579973507091964, 0.5831999999999996076, -0.5653125000000001066 ) ) ;
#1166 = ORIENTED_EDGE ( 'NONE', *, *, #1876, .T. ) ;
#1167 = ORIENTED_EDGE ( 'NONE', *, *, #3407, .F. ) ;
#1168 = PRESENTATION_LAYER_ASSIGNMENT (  '', '', ( #259 ) ) ;
#1169 = STYLED_ITEM ( 'NONE', ( #872 ), #38 ) ;
#1170 = PLANE ( 'NONE',  #2909 ) ;
#1171 =( NAMED_UNIT ( * ) SI_UNIT ( $, .STERADIAN. ) SOLID_ANGLE_UNIT ( ) );
#1172 = DIRECTION ( 'NONE',  ( -0.000000000000000000, 0.000000000000000000, 1.000000000000000000 ) ) ;
#1173 = VECTOR ( 'NONE', #754, 1000.000000000000000 ) ;
#1174 = SURFACE_SIDE_STYLE ('',( #3074 ) ) ;
#1175 = AXIS2_PLACEMENT_3D ( 'NONE', #2126, #2102, #2380 ) ;
#1176 = AXIS2_PLACEMENT_3D ( 'NONE', #114, #3019, #2482 ) ;
#1177 = SURFACE_SIDE_STYLE ('',( #384 ) ) ;
#1178 = VECTOR ( 'NONE', #2016, 1000.000000000000000 ) ;
#1179 = VERTEX_POINT ( 'NONE', #693 ) ;
#1180 = DIRECTION ( 'NONE',  ( 1.000000000000000000, 0.000000000000000000, 0.000000000000000000 ) ) ;
#1181 = VECTOR ( 'NONE', #2889, 1000.000000000000000 ) ;
#1182 = CARTESIAN_POINT ( 'NONE',  ( 0.9218584416593367248, 0.5832999999999995966, -0.6027309633448029169 ) ) ;
#1183 = VERTEX_POINT ( 'NONE', #2197 ) ;
#1184 = MECHANICAL_DESIGN_GEOMETRIC_PRESENTATION_REPRESENTATION (  '', ( #3389 ), #1000 ) ;
#1185 = EDGE_CURVE ( 'NONE', #2045, #2555, #508, .T. ) ;
#1186 = DIRECTION ( 'NONE',  ( 1.000000000000000000, 0.000000000000000000, 0.000000000000000000 ) ) ;
#1187 = AXIS2_PLACEMENT_3D ( 'NONE', #2518, #1127, #3335 ) ;
#1188 = EDGE_LOOP ( 'NONE', ( #632, #2732, #3113, #1447 ) ) ;
#1189 = ORIENTED_EDGE ( 'NONE', *, *, #1861, .T. ) ;
#1190 = AXIS2_PLACEMENT_3D ( 'NONE', #3359, #110, #376 ) ;
#1191 = DIRECTION ( 'NONE',  ( 0.000000000000000000, 0.000000000000000000, -1.000000000000000000 ) ) ;
#1192 = CARTESIAN_POINT ( 'NONE',  ( 0.5229032258064515437, 0.5663999999999997925, -1.350000000000000089 ) ) ;
#1193 = DIRECTION ( 'NONE',  ( 0.000000000000000000, 0.000000000000000000, -1.000000000000000000 ) ) ;
#1194 = DIRECTION ( 'NONE',  ( 0.000000000000000000, 0.000000000000000000, -1.000000000000000000 ) ) ;
#1195 = PLANE ( 'NONE',  #1187 ) ;
#1196 = FILL_AREA_STYLE_COLOUR ( '', #1570 ) ;
#1197 = FACE_OUTER_BOUND ( 'NONE', #2182, .T. ) ;
#1198 = EDGE_LOOP ( 'NONE', ( #3361, #2748, #462, #3344 ) ) ;
#1199 = CARTESIAN_POINT ( 'NONE',  ( 0.000000000000000000, 0.000000000000000000, -1.350000000000000089 ) ) ;
#1200 = CARTESIAN_POINT ( 'NONE',  ( 0.6324999999999998401, 0.5663999999999997925, -1.350000000000000089 ) ) ;
#1201 = EDGE_LOOP ( 'NONE', ( #1873, #1258, #537, #3017 ) ) ;
#1202 = DIRECTION ( 'NONE',  ( 1.000000000000000000, 1.161910764409192650E-17, -0.000000000000000000 ) ) ;
#1203 = PLANE ( 'NONE',  #994 ) ;
#1204 = ORIENTED_EDGE ( 'NONE', *, *, #1373, .T. ) ;
#1205 = ORIENTED_EDGE ( 'NONE', *, *, #1116, .T. ) ;
#1206 = LINE ( 'NONE', #1742, #846 ) ;
#1207 = EDGE_CURVE ( 'NONE', #2468, #2167, #810, .T. ) ;
#1208 = SURFACE_STYLE_FILL_AREA ( #2812 ) ;
#1209 = EDGE_CURVE ( 'NONE', #1215, #1530, #2653, .T. ) ;
#1210 = CARTESIAN_POINT ( 'NONE',  ( 0.000000000000000000, 0.000000000000000000, 0.000000000000000000 ) ) ;
#1211 = CARTESIAN_POINT ( 'NONE',  ( 0.8429334972688272698, 0.5831999999999996076, -0.6517429111534418507 ) ) ;
#1212 = DIRECTION ( 'NONE',  ( 0.000000000000000000, 1.000000000000000000, 0.000000000000000000 ) ) ;
#1213 = ORIENTED_EDGE ( 'NONE', *, *, #3104, .T. ) ;
#1214 = PRESENTATION_STYLE_ASSIGNMENT (( #958 ) ) ;
#1215 = VERTEX_POINT ( 'NONE', #1124 ) ;
#1216 = SURFACE_SIDE_STYLE ('',( #3111 ) ) ;
#1217 = ORIENTED_EDGE ( 'NONE', *, *, #2454, .T. ) ;
#1218 = ADVANCED_FACE ( 'NONE', ( #1323 ), #3219, .T. ) ;
#1219 = DIRECTION ( 'NONE',  ( 0.000000000000000000, 0.000000000000000000, 1.000000000000000000 ) ) ;
#1220 = ADVANCED_FACE ( 'NONE', ( #1866 ), #2171, .T. ) ;
#1221 = SURFACE_SIDE_STYLE ('',( #3151 ) ) ;
#1222 = VECTOR ( 'NONE', #3437, 1000.000000000000000 ) ;
#1223 = LINE ( 'NONE', #454, #2965 ) ;
#1224 = ORIENTED_EDGE ( 'NONE', *, *, #1116, .F. ) ;
#1225 = AXIS2_PLACEMENT_3D ( 'NONE', #980, #430, #2328 ) ;
#1226 =( GEOMETRIC_REPRESENTATION_CONTEXT ( 3 ) GLOBAL_UNCERTAINTY_ASSIGNED_CONTEXT ( ( #1390 ) ) GLOBAL_UNIT_ASSIGNED_CONTEXT ( ( #1290, #1811, #2886 ) ) REPRESENTATION_CONTEXT ( 'NONE', 'WORKASPACE' ) );
#1227 = AXIS2_PLACEMENT_3D ( 'NONE', #2895, #2645, #1840 ) ;
#1228 = AXIS2_PLACEMENT_3D ( 'NONE', #673, #3400, #198 ) ;
#1229 = CARTESIAN_POINT ( 'NONE',  ( 1.413306451612903691, 0.5495999999999998664, -1.350000000000000089 ) ) ;
#1230 = ORIENTED_EDGE ( 'NONE', *, *, #2121, .F. ) ;
#1231 = VECTOR ( 'NONE', #2080, 1000.000000000000000 ) ;
#1232 = CARTESIAN_POINT ( 'NONE',  ( 1.216707741942912868, 0.5831999999999996076, -0.6525078073068826257 ) ) ;
#1233 = DIRECTION ( 'NONE',  ( 0.000000000000000000, 1.000000000000000000, 0.000000000000000000 ) ) ;
#1234 = AXIS2_PLACEMENT_3D ( 'NONE', #869, #3027, #307 ) ;
#1235 = ORIENTED_EDGE ( 'NONE', *, *, #425, .T. ) ;
#1236 = FILL_AREA_STYLE ('',( #3114 ) ) ;
#1237 = CARTESIAN_POINT ( 'NONE',  ( 1.522903225806452099, 0.000000000000000000, -1.350000000000000089 ) ) ;
#1238 = CARTESIAN_POINT ( 'NONE',  ( 1.358744532884617495, 0.5831999999999996076, -0.6775678900344089817 ) ) ;
#1239 = VECTOR ( 'NONE', #1088, 1000.000000000000000 ) ;
#1240 = CARTESIAN_POINT ( 'NONE',  ( 1.299207767647636791, 0.5831999999999996076, -0.7283142491535162799 ) ) ;
#1241 = DIRECTION ( 'NONE',  ( 1.000000000000000000, 0.000000000000000000, 0.000000000000000000 ) ) ;
#1242 = LINE ( 'NONE', #2877, #949 ) ;
#1243 = DIRECTION ( 'NONE',  ( -0.2917166312349389057, 0.000000000000000000, 0.9565047867423031036 ) ) ;
#1244 = PLANE ( 'NONE',  #497 ) ;
#1245 = EDGE_CURVE ( 'NONE', #2906, #2499, #3467, .T. ) ;
#1246 = EDGE_LOOP ( 'NONE', ( #3035, #1262, #1783, #1698, #1004, #1870, #745, #552, #1573, #2777, #2848, #2334, #1118 ) ) ;
#1247 = EDGE_CURVE ( 'NONE', #946, #2871, #2440, .T. ) ;
#1248 = EDGE_CURVE ( 'NONE', #2355, #3031, #2682, .T. ) ;
#1249 =( LENGTH_UNIT ( ) NAMED_UNIT ( * ) SI_UNIT ( .MILLI., .METRE. ) );
#1250 = ORIENTED_EDGE ( 'NONE', *, *, #3343, .F. ) ;
#1251 = FACE_OUTER_BOUND ( 'NONE', #2092, .T. ) ;
#1252 = VERTEX_POINT ( 'NONE', #2945 ) ;
#1253 = CARTESIAN_POINT ( 'NONE',  ( 0.6891922885731290860, 0.5832999999999995966, -0.7898232800688187449 ) ) ;
#1254 = DIRECTION ( 'NONE',  ( 0.000000000000000000, 1.000000000000000000, -0.000000000000000000 ) ) ;
#1255 = DIRECTION ( 'NONE',  ( 0.000000000000000000, 0.000000000000000000, 1.000000000000000000 ) ) ;
#1256 = LINE ( 'NONE', #281, #58 ) ;
#1257 = LINE ( 'NONE', #1291, #2467 ) ;
#1258 = ORIENTED_EDGE ( 'NONE', *, *, #1441, .F. ) ;
#1259 = EDGE_CURVE ( 'NONE', #358, #1032, #2152, .T. ) ;
#1260 = EDGE_CURVE ( 'NONE', #1008, #2259, #1578, .T. ) ;
#1261 = VERTEX_POINT ( 'NONE', #1601 ) ;
#1262 = ORIENTED_EDGE ( 'NONE', *, *, #1664, .T. ) ;
#1263 = CARTESIAN_POINT ( 'NONE',  ( 0.9511252278564634732, 0.5832999999999998186, -0.7898232799741934373 ) ) ;
#1264 = DIRECTION ( 'NONE',  ( 0.000000000000000000, -0.000000000000000000, -1.000000000000000000 ) ) ;
#1265 = CARTESIAN_POINT ( 'NONE',  ( 2.045806451612903309, 0.5495999999999998664, 0.000000000000000000 ) ) ;
#1266 = CARTESIAN_POINT ( 'NONE',  ( 1.225650702456156482, 0.5831999999999996076, -0.7898232800688187449 ) ) ;
#1267 = PRESENTATION_STYLE_ASSIGNMENT (( #2164 ) ) ;
#1268 = LINE ( 'NONE', #1812, #2405 ) ;
#1269 = ORIENTED_EDGE ( 'NONE', *, *, #2717, .F. ) ;
#1270 = PLANE ( 'NONE',  #3274 ) ;
#1271 = UNCERTAINTY_MEASURE_WITH_UNIT (LENGTH_MEASURE( 1.000000000000000082E-05 ), #2866, 'distance_accuracy_value', 'NONE');
#1272 = COLOUR_RGB ( '',0.8980392156862745390, 0.9215686274509803377, 0.9294117647058823817 ) ;
#1273 = PRESENTATION_LAYER_ASSIGNMENT (  '', '', ( #1169 ) ) ;
#1274 = AXIS2_PLACEMENT_3D ( 'NONE', #1211, #2285, #934 ) ;
#1275 = AXIS2_PLACEMENT_3D ( 'NONE', #3336, #1957, #2250 ) ;
#1276 = FACE_OUTER_BOUND ( 'NONE', #285, .T. ) ;
#1277 = ORIENTED_EDGE ( 'NONE', *, *, #809, .T. ) ;
#1278 = FACE_OUTER_BOUND ( 'NONE', #1019, .T. ) ;
#1279 = PLANE ( 'NONE',  #1227 ) ;
#1280 = PRESENTATION_LAYER_ASSIGNMENT (  '', '', ( #3148 ) ) ;
#1281 = EDGE_CURVE ( 'NONE', #2996, #3459, #3256, .T. ) ;
#1282 = ORIENTED_EDGE ( 'NONE', *, *, #658, .F. ) ;
#1283 = VECTOR ( 'NONE', #207, 1000.000000000000000 ) ;
#1284 = FILL_AREA_STYLE ('',( #2630 ) ) ;
#1285 = ADVANCED_FACE ( 'NONE', ( #577 ), #1653, .T. ) ;
#1286 = VECTOR ( 'NONE', #439, 1000.000000000000000 ) ;
#1287 = LINE ( 'NONE', #2570, #2179 ) ;
#1288 = ORIENTED_EDGE ( 'NONE', *, *, #705, .T. ) ;
#1289 = CARTESIAN_POINT ( 'NONE',  ( 2.072903225806452365, 0.5663999999999996815, -1.350000000000000089 ) ) ;
#1290 =( LENGTH_UNIT ( ) NAMED_UNIT ( * ) SI_UNIT ( .MILLI., .METRE. ) );
#1291 = CARTESIAN_POINT ( 'NONE',  ( 0.5229032258064516547, -0.01679999999999997121, -1.350000000000000089 ) ) ;
#1292 = VECTOR ( 'NONE', #3022, 999.9999999999997726 ) ;
#1293 = EDGE_LOOP ( 'NONE', ( #2959, #1615, #1927, #2597 ) ) ;
#1294 = PRESENTATION_STYLE_ASSIGNMENT (( #2947 ) ) ;
#1295 = DIRECTION ( 'NONE',  ( 0.000000000000000000, 0.000000000000000000, 1.000000000000000000 ) ) ;
#1296 = VECTOR ( 'NONE', #668, 1000.000000000000000 ) ;
#1297 = FILL_AREA_STYLE_COLOUR ( '', #449 ) ;
#1298 = ORIENTED_EDGE ( 'NONE', *, *, #266, .F. ) ;
#1299 = FACE_OUTER_BOUND ( 'NONE', #440, .T. ) ;
#1300 =( NAMED_UNIT ( * ) SI_UNIT ( $, .STERADIAN. ) SOLID_ANGLE_UNIT ( ) );
#1301 = LINE ( 'NONE', #1541, #2973 ) ;
#1302 = ORIENTED_EDGE ( 'NONE', *, *, #598, .F. ) ;
#1303 = PRESENTATION_STYLE_ASSIGNMENT (( #804 ) ) ;
#1304 =( LENGTH_UNIT ( ) NAMED_UNIT ( * ) SI_UNIT ( .MILLI., .METRE. ) );
#1305 = EDGE_CURVE ( 'NONE', #175, #2292, #865, .T. ) ;
#1306 = FACE_OUTER_BOUND ( 'NONE', #1806, .T. ) ;
#1307 = SURFACE_SIDE_STYLE ('',( #22 ) ) ;
#1308 = EDGE_CURVE ( 'NONE', #621, #1961, #651, .T. ) ;
#1309 = DIRECTION ( 'NONE',  ( 1.000000000000000000, 0.000000000000000000, 0.000000000000000000 ) ) ;
#1310 = VERTEX_POINT ( 'NONE', #2266 ) ;
#1311 = UNCERTAINTY_MEASURE_WITH_UNIT (LENGTH_MEASURE( 1.000000000000000082E-05 ), #2897, 'distance_accuracy_value', 'NONE');
#1312 = CARTESIAN_POINT ( 'NONE',  ( 1.092589860420387859, 0.5831999999999996076, -0.5653125000000001066 ) ) ;
#1313 = DIRECTION ( 'NONE',  ( 1.000000000000000000, 0.000000000000000000, 0.000000000000000000 ) ) ;
#1314 = DIRECTION ( 'NONE',  ( 0.000000000000000000, -1.000000000000000000, 0.000000000000000000 ) ) ;
#1315 = ORIENTED_EDGE ( 'NONE', *, *, #1260, .T. ) ;
#1316 = DIRECTION ( 'NONE',  ( 0.000000000000000000, 0.000000000000000000, 1.000000000000000000 ) ) ;
#1317 = ORIENTED_EDGE ( 'NONE', *, *, #3494, .F. ) ;
#1318 = CARTESIAN_POINT ( 'NONE',  ( 1.018472811076492235, 0.5831999999999996076, -0.6500442441528618831 ) ) ;
#1319 = PLANE ( 'NONE',  #42 ) ;
#1320 =( LENGTH_UNIT ( ) NAMED_UNIT ( * ) SI_UNIT ( .MILLI., .METRE. ) );
#1321 = EDGE_CURVE ( 'NONE', #433, #180, #3041, .T. ) ;
#1322 = DIRECTION ( 'NONE',  ( 0.000000000000000000, 1.000000000000000000, 0.000000000000000000 ) ) ;
#1323 = FACE_OUTER_BOUND ( 'NONE', #630, .T. ) ;
#1324 = EDGE_CURVE ( 'NONE', #1530, #2017, #2247, .T. ) ;
#1325 = EDGE_CURVE ( 'NONE', #2871, #848, #639, .T. ) ;
#1326 = FACE_OUTER_BOUND ( 'NONE', #1246, .T. ) ;
#1327 = CARTESIAN_POINT ( 'NONE',  ( 1.018472807895940635, 0.5831999999999997186, -0.6272312925211502854 ) ) ;
#1328 = CARTESIAN_POINT ( 'NONE',  ( 0.5229032258064516547, 0.000000000000000000, 0.000000000000000000 ) ) ;
#1329 = ADVANCED_FACE ( 'NONE', ( #2779 ), #3004, .F. ) ;
#1330 = LINE ( 'NONE', #544, #775 ) ;
#1331 = ORIENTED_EDGE ( 'NONE', *, *, #1564, .F. ) ;
#1332 =( GEOMETRIC_REPRESENTATION_CONTEXT ( 3 ) GLOBAL_UNCERTAINTY_ASSIGNED_CONTEXT ( ( #3010 ) ) GLOBAL_UNIT_ASSIGNED_CONTEXT ( ( #401, #3385, #2503 ) ) REPRESENTATION_CONTEXT ( 'NONE', 'WORKASPACE' ) );
#1333 = CARTESIAN_POINT ( 'NONE',  ( 2.045806451612903754, 0.5495999999999998664, -1.350000000000000089 ) ) ;
#1334 = FACE_OUTER_BOUND ( 'NONE', #761, .T. ) ;
#1335 = VECTOR ( 'NONE', #794, 1000.000000000000000 ) ;
#1336 = VECTOR ( 'NONE', #1383, 1000.000000000000000 ) ;
#1337 = CARTESIAN_POINT ( 'NONE',  ( 0.8950870111682094343, 0.5832999999999995966, -0.5653125000000001066 ) ) ;
#1338 = ORIENTED_EDGE ( 'NONE', *, *, #2553, .F. ) ;
#1339 = FACE_OUTER_BOUND ( 'NONE', #1367, .T. ) ;
#1340 = CARTESIAN_POINT ( 'NONE',  ( 1.018472811076492235, 0.5831999999999996076, -0.6500442441528618831 ) ) ;
#1341 = MECHANICAL_DESIGN_GEOMETRIC_PRESENTATION_REPRESENTATION (  '', ( #48 ), #2693 ) ;
#1342 = DIRECTION ( 'NONE',  ( 0.000000000000000000, 1.000000000000000000, 0.000000000000000000 ) ) ;
#1343 = CARTESIAN_POINT ( 'NONE',  ( 0.5229032258064515437, 0.5831999999999997186, -1.350000000000000089 ) ) ;
#1344 = AXIS2_PLACEMENT_3D ( 'NONE', #944, #2068, #3112 ) ;
#1345 = VERTEX_POINT ( 'NONE', #78 ) ;
#1346 = DIRECTION ( 'NONE',  ( 0.000000000000000000, 1.000000000000000000, 0.000000000000000000 ) ) ;
#1347 = AXIS2_PLACEMENT_3D ( 'NONE', #2695, #2950, #2671 ) ;
#1348 = DIRECTION ( 'NONE',  ( 0.000000000000000000, 0.000000000000000000, 1.000000000000000000 ) ) ;
#1349 = VECTOR ( 'NONE', #2914, 1000.000000000000000 ) ;
#1350 = FACE_OUTER_BOUND ( 'NONE', #1634, .T. ) ;
#1351 = PRESENTATION_STYLE_ASSIGNMENT (( #2461 ) ) ;
#1352 = VECTOR ( 'NONE', #2094, 1000.000000000000000 ) ;
#1353 = CARTESIAN_POINT ( 'NONE',  ( 1.092589860420387859, 0.5832999999999995966, -0.5653125000000001066 ) ) ;
#1354 = VERTEX_POINT ( 'NONE', #1721 ) ;
#1355 =( GEOMETRIC_REPRESENTATION_CONTEXT ( 3 ) GLOBAL_UNCERTAINTY_ASSIGNED_CONTEXT ( ( #2081 ) ) GLOBAL_UNIT_ASSIGNED_CONTEXT ( ( #1920, #2509, #68 ) ) REPRESENTATION_CONTEXT ( 'NONE', 'WORKASPACE' ) );
#1356 = UNCERTAINTY_MEASURE_WITH_UNIT (LENGTH_MEASURE( 1.000000000000000082E-05 ), #2607, 'distance_accuracy_value', 'NONE');
#1357 = CARTESIAN_POINT ( 'NONE',  ( 0.7539564727974104041, 0.5831999999999996076, -0.6422223896846877000 ) ) ;
#1358 = CARTESIAN_POINT ( 'NONE',  ( 2.045806451612903754, 0.000000000000000000, -1.350000000000000089 ) ) ;
#1359 = CARTESIAN_POINT ( 'NONE',  ( 1.413306451612903691, 0.5663999999999999035, 0.000000000000000000 ) ) ;
#1360 = CARTESIAN_POINT ( 'NONE',  ( 1.406853714799367827, 0.5832999999999995966, -0.6775678900344090927 ) ) ;
#1361 = EDGE_LOOP ( 'NONE', ( #1818, #2760, #2138, #1129 ) ) ;
#1362 = LINE ( 'NONE', #2937, #3368 ) ;
#1363 = DIRECTION ( 'NONE',  ( 0.000000000000000000, 0.000000000000000000, -1.000000000000000000 ) ) ;
#1364 = CARTESIAN_POINT ( 'NONE',  ( 1.068101134280340592, 0.5832999999999995966, -0.7297540753773578137 ) ) ;
#1365 =( NAMED_UNIT ( * ) PLANE_ANGLE_UNIT ( ) SI_UNIT ( $, .RADIAN. ) );
#1366 = SURFACE_STYLE_USAGE ( .BOTH. , #2679 ) ;
#1367 = EDGE_LOOP ( 'NONE', ( #649, #279, #1205, #2175 ) ) ;
#1368 = LINE ( 'NONE', #1099, #1849 ) ;
#1369 = DIRECTION ( 'NONE',  ( 0.000000000000000000, 1.000000000000000000, 0.000000000000000000 ) ) ;
#1370 = SURFACE_STYLE_FILL_AREA ( #1083 ) ;
#1371 = CARTESIAN_POINT ( 'NONE',  ( 1.279362179235309815, 0.5832999999999995966, -0.7113987961138137361 ) ) ;
#1372 = EDGE_LOOP ( 'NONE', ( #595, #1635, #330, #1476 ) ) ;
#1373 = EDGE_CURVE ( 'NONE', #2292, #423, #94, .T. ) ;
#1374 = DIRECTION ( 'NONE',  ( 0.000000000000000000, 0.000000000000000000, 1.000000000000000000 ) ) ;
#1375 = ADVANCED_FACE ( 'NONE', ( #2743 ), #322, .T. ) ;
#1376 = LINE ( 'NONE', #802, #2123 ) ;
#1377 = VERTEX_POINT ( 'NONE', #3020 ) ;
#1378 = LINE ( 'NONE', #2435, #2125 ) ;
#1379 = DIRECTION ( 'NONE',  ( -2.280947528996296444E-16, -1.000000000000000000, 0.000000000000000000 ) ) ;
#1380 = ORIENTED_EDGE ( 'NONE', *, *, #3077, .F. ) ;
#1381 = VERTEX_POINT ( 'NONE', #348 ) ;
#1382 = CARTESIAN_POINT ( 'NONE',  ( 0.9511252278564634732, 0.5831999999999994966, -0.5653125000946254142 ) ) ;
#1383 = DIRECTION ( 'NONE',  ( 0.000000000000000000, 0.000000000000000000, -1.000000000000000000 ) ) ;
#1384 = DIRECTION ( 'NONE',  ( -1.161910764409192342E-17, 1.000000000000000000, 0.000000000000000000 ) ) ;
#1385 = CARTESIAN_POINT ( 'NONE',  ( 1.231252997320559928, 0.5831999999999996076, -0.6775678900344092037 ) ) ;
#1386 = FACE_OUTER_BOUND ( 'NONE', #2253, .T. ) ;
#1387 = CARTESIAN_POINT ( 'NONE',  ( 0.000000000000000000, 0.5495999999999998664, -1.350000000000000089 ) ) ;
#1388 = ORIENTED_EDGE ( 'NONE', *, *, #1421, .T. ) ;
#1389 = CARTESIAN_POINT ( 'NONE',  ( 0.8325312755463347703, 0.5831999999999996076, -0.7898232800688187449 ) ) ;
#1390 = UNCERTAINTY_MEASURE_WITH_UNIT (LENGTH_MEASURE( 1.000000000000000082E-05 ), #1290, 'distance_accuracy_value', 'NONE');
#1391 = CARTESIAN_POINT ( 'NONE',  ( 1.092589860420387859, 0.5831999999999996076, -0.5653125000000001066 ) ) ;
#1392 = COLOUR_RGB ( '',0.1019607843137254888, 0.1019607843137254888, 0.1019607843137254888 ) ;
#1393 = DIRECTION ( 'NONE',  ( 0.000000000000000000, 0.000000000000000000, -1.000000000000000000 ) ) ;
#1394 = ORIENTED_EDGE ( 'NONE', *, *, #2012, .T. ) ;
#1395 = PLANE ( 'NONE',  #2902 ) ;
#1396 = CARTESIAN_POINT ( 'NONE',  ( 1.299207767647637235, 0.5832999999999995966, -0.6268215309153025716 ) ) ;
#1397 = VECTOR ( 'NONE', #3388, 1000.000000000000000 ) ;
#1398 = VECTOR ( 'NONE', #3321, 1000.000000000000000 ) ;
#1399 = EDGE_CURVE ( 'NONE', #3286, #210, #1671, .T. ) ;
#1400 = EDGE_LOOP ( 'NONE', ( #1992, #2881, #413, #1636, #33, #2723, #2157, #836 ) ) ;
#1401 = MECHANICAL_DESIGN_GEOMETRIC_PRESENTATION_REPRESENTATION (  '', ( #2533 ), #2059 ) ;
#1402 = ORIENTED_EDGE ( 'NONE', *, *, #2407, .T. ) ;
#1403 = LINE ( 'NONE', #1420, #1133 ) ;
#1404 =( GEOMETRIC_REPRESENTATION_CONTEXT ( 3 ) GLOBAL_UNCERTAINTY_ASSIGNED_CONTEXT ( ( #777 ) ) GLOBAL_UNIT_ASSIGNED_CONTEXT ( ( #2496, #2869, #925 ) ) REPRESENTATION_CONTEXT ( 'NONE', 'WORKASPACE' ) );
#1405 = CARTESIAN_POINT ( 'NONE',  ( 0.6363210369230349883, 0.5831999999999996076, -0.7898232800688187449 ) ) ;
#1406 = EDGE_CURVE ( 'NONE', #3456, #422, #2865, .T. ) ;
#1407 = VECTOR ( 'NONE', #3397, 1000.000000000000000 ) ;
#1408 = DIRECTION ( 'NONE',  ( 0.000000000000000000, 0.000000000000000000, -1.000000000000000000 ) ) ;
#1409 = DIRECTION ( 'NONE',  ( 0.000000000000000000, 1.000000000000000000, 0.000000000000000000 ) ) ;
#1410 = VECTOR ( 'NONE', #1180, 1000.000000000000000 ) ;
#1411 = VERTEX_POINT ( 'NONE', #1265 ) ;
#1412 = DIRECTION ( 'NONE',  ( 0.000000000000000000, 0.000000000000000000, 1.000000000000000000 ) ) ;
#1413 = VECTOR ( 'NONE', #1005, 1000.000000000000000 ) ;
#1414 = CARTESIAN_POINT ( 'NONE',  ( 0.8429334972688272698, 0.5831999999999996076, -0.6517429111534418507 ) ) ;
#1415 = CARTESIAN_POINT ( 'NONE',  ( 0.8157579973507091964, 0.5831999999999996076, -0.5653125000000001066 ) ) ;
#1416 = VERTEX_POINT ( 'NONE', #739 ) ;
#1417 = ORIENTED_EDGE ( 'NONE', *, *, #1687, .F. ) ;
#1418 = VERTEX_POINT ( 'NONE', #214 ) ;
#1419 = LINE ( 'NONE', #76, #1449 ) ;
#1420 = CARTESIAN_POINT ( 'NONE',  ( 1.003600847529826146, 0.5831999999999996076, -0.6500442441528618831 ) ) ;
#1421 = EDGE_CURVE ( 'NONE', #1999, #1183, #3165, .T. ) ;
#1422 = CARTESIAN_POINT ( 'NONE',  ( 0.8429334972688272698, 0.5831999999999996076, -0.6517429111534418507 ) ) ;
#1423 = EDGE_CURVE ( 'NONE', #3493, #1912, #3417, .T. ) ;
#1424 =( NAMED_UNIT ( * ) PLANE_ANGLE_UNIT ( ) SI_UNIT ( $, .RADIAN. ) );
#1425 = PRODUCT_RELATED_PRODUCT_CATEGORY ( 'part', '', ( #2646 ) ) ;
#1426 = FILL_AREA_STYLE_COLOUR ( '', #1948 ) ;
#1427 = SURFACE_SIDE_STYLE ('',( #2217 ) ) ;
#1428 =( NAMED_UNIT ( * ) SI_UNIT ( $, .STERADIAN. ) SOLID_ANGLE_UNIT ( ) );
#1429 = PRESENTATION_STYLE_ASSIGNMENT (( #1458 ) ) ;
#1430 = ORIENTED_EDGE ( 'NONE', *, *, #683, .F. ) ;
#1431 = LINE ( 'NONE', #1130, #2483 ) ;
#1432 = ORIENTED_EDGE ( 'NONE', *, *, #3167, .T. ) ;
#1433 = DIRECTION ( 'NONE',  ( 0.000000000000000000, 0.000000000000000000, 1.000000000000000000 ) ) ;
#1434 = ORIENTED_EDGE ( 'NONE', *, *, #2832, .T. ) ;
#1435 = ORIENTED_EDGE ( 'NONE', *, *, #1143, .F. ) ;
#1436 = ORIENTED_EDGE ( 'NONE', *, *, #1600, .T. ) ;
#1437 = CARTESIAN_POINT ( 'NONE',  ( 1.358744532884617273, 0.5832999999999997076, -0.7790606082726232451 ) ) ;
#1438 = EDGE_CURVE ( 'NONE', #1893, #132, #483, .T. ) ;
#1439 = PLANE ( 'NONE',  #1275 ) ;
#1440 = CARTESIAN_POINT ( 'NONE',  ( 1.003600847529826146, 0.5831999999999996076, -0.7038014310072036039 ) ) ;
#1441 = EDGE_CURVE ( 'NONE', #645, #2576, #2365, .T. ) ;
#1442 = ORIENTED_EDGE ( 'NONE', *, *, #2683, .T. ) ;
#1443 = CARTESIAN_POINT ( 'NONE',  ( 1.231252997320559928, 0.5831999999999996076, -0.6027309633448029169 ) ) ;
#1444 = EDGE_CURVE ( 'NONE', #1416, #2720, #1287, .T. ) ;
#1445 = VERTEX_POINT ( 'NONE', #967 ) ;
#1446 = FACE_OUTER_BOUND ( 'NONE', #875, .T. ) ;
#1447 = ORIENTED_EDGE ( 'NONE', *, *, #627, .T. ) ;
#1448 = ORIENTED_EDGE ( 'NONE', *, *, #1970, .T. ) ;
#1449 = VECTOR ( 'NONE', #1153, 1000.000000000000000 ) ;
#1450 = VECTOR ( 'NONE', #1696, 1000.000000000000000 ) ;
#1451 = SURFACE_STYLE_USAGE ( .BOTH. , #379 ) ;
#1452 = LINE ( 'NONE', #3416, #1965 ) ;
#1453 = AXIS2_PLACEMENT_3D ( 'NONE', #1587, #2986, #2962 ) ;
#1454 = PRESENTATION_LAYER_ASSIGNMENT (  '', '', ( #884 ) ) ;
#1455 = DIRECTION ( 'NONE',  ( -1.000000000000000000, 0.000000000000000000, 0.000000000000000000 ) ) ;
#1456 = STYLED_ITEM ( 'NONE', ( #1766 ), #1584 ) ;
#1457 = STYLED_ITEM ( 'NONE', ( #572 ), #625 ) ;
#1458 = SURFACE_STYLE_USAGE ( .BOTH. , #1177 ) ;
#1459 = AXIS2_PLACEMENT_3D ( 'NONE', #786, #1316, #2098 ) ;
#1460 = VERTEX_POINT ( 'NONE', #168 ) ;
#1461 = CARTESIAN_POINT ( 'NONE',  ( -0.02709677419354839314, 0.5663999999999996815, 0.000000000000000000 ) ) ;
#1462 = EDGE_CURVE ( 'NONE', #3065, #1999, #146, .T. ) ;
#1463 = VECTOR ( 'NONE', #1393, 1000.000000000000000 ) ;
#1464 = EDGE_CURVE ( 'NONE', #1183, #1152, #930, .T. ) ;
#1465 = DIRECTION ( 'NONE',  ( 0.000000000000000000, 0.000000000000000000, 1.000000000000000000 ) ) ;
#1466 = ORIENTED_EDGE ( 'NONE', *, *, #3299, .F. ) ;
#1467 = STYLED_ITEM ( 'NONE', ( #571 ), #2731 ) ;
#1468 = LINE ( 'NONE', #2325, #1050 ) ;
#1469 = VECTOR ( 'NONE', #3218, 1000.000000000000000 ) ;
#1470 = VERTEX_POINT ( 'NONE', #1743 ) ;
#1471 = ORIENTED_EDGE ( 'NONE', *, *, #195, .F. ) ;
#1472 = DIRECTION ( 'NONE',  ( 0.000000000000000000, 1.000000000000000000, 0.000000000000000000 ) ) ;
#1473 = DIRECTION ( 'NONE',  ( 0.000000000000000000, 1.000000000000000000, 0.000000000000000000 ) ) ;
#1474 = PRESENTATION_STYLE_ASSIGNMENT (( #3044 ) ) ;
#1475 = FACE_OUTER_BOUND ( 'NONE', #2842, .T. ) ;
#1476 = ORIENTED_EDGE ( 'NONE', *, *, #2822, .T. ) ;
#1477 = DIRECTION ( 'NONE',  ( 0.000000000000000000, 0.000000000000000000, 1.000000000000000000 ) ) ;
#1478 = ADVANCED_FACE ( 'NONE', ( #3130 ), #417, .T. ) ;
#1479 = CARTESIAN_POINT ( 'NONE',  ( 1.225650702456156482, 0.5831999999999996076, -0.5653125000000001066 ) ) ;
#1480 = ORIENTED_EDGE ( 'NONE', *, *, #2053, .F. ) ;
#1481 = CARTESIAN_POINT ( 'NONE',  ( 0.5229032258064515437, 0.5831999999999997186, 0.000000000000000000 ) ) ;
#1482 = DIRECTION ( 'NONE',  ( 0.000000000000000000, 1.000000000000000000, 0.000000000000000000 ) ) ;
#1483 = EDGE_CURVE ( 'NONE', #422, #3456, #1929, .T. ) ;
#1484 = EDGE_LOOP ( 'NONE', ( #3233, #2192, #1676, #1650 ) ) ;
#1485 = ORIENTED_EDGE ( 'NONE', *, *, #960, .T. ) ;
#1486 = SURFACE_SIDE_STYLE ('',( #672 ) ) ;
#1487 = LINE ( 'NONE', #3115, #1785 ) ;
#1488 = SURFACE_STYLE_FILL_AREA ( #2296 ) ;
#1489 = DIRECTION ( 'NONE',  ( -1.000000000000000000, 0.000000000000000000, 0.000000000000000000 ) ) ;
#1490 = CARTESIAN_POINT ( 'NONE',  ( 0.9657586210290382001, 0.5832999999999995966, -0.7898232800688189670 ) ) ;
#1491 = DIRECTION ( 'NONE',  ( 0.000000000000000000, 0.000000000000000000, -1.000000000000000000 ) ) ;
#1492 = VERTEX_POINT ( 'NONE', #2722 ) ;
#1493 = LINE ( 'NONE', #139, #217 ) ;
#1494 = ORIENTED_EDGE ( 'NONE', *, *, #2337, .F. ) ;
#1495 = VERTEX_POINT ( 'NONE', #1343 ) ;
#1496 = LINE ( 'NONE', #2001, #879 ) ;
#1497 =( NAMED_UNIT ( * ) PLANE_ANGLE_UNIT ( ) SI_UNIT ( $, .RADIAN. ) );
#1498 = DIRECTION ( 'NONE',  ( 1.000000000000000000, -0.000000000000000000, -0.000000000000000000 ) ) ;
#1499 =( LENGTH_UNIT ( ) NAMED_UNIT ( * ) SI_UNIT ( .MILLI., .METRE. ) );
#1500 = MECHANICAL_DESIGN_GEOMETRIC_PRESENTATION_REPRESENTATION (  '', ( #2105 ), #821 ) ;
#1501 =( GEOMETRIC_REPRESENTATION_CONTEXT ( 3 ) GLOBAL_UNCERTAINTY_ASSIGNED_CONTEXT ( ( #546 ) ) GLOBAL_UNIT_ASSIGNED_CONTEXT ( ( #813, #779, #560 ) ) REPRESENTATION_CONTEXT ( 'NONE', 'WORKASPACE' ) );
#1502 = CARTESIAN_POINT ( 'NONE',  ( 2.072903225806452365, -0.01679999999999981161, -1.350000000000000089 ) ) ;
#1503 =( NAMED_UNIT ( * ) SI_UNIT ( $, .STERADIAN. ) SOLID_ANGLE_UNIT ( ) );
#1504 = EDGE_CURVE ( 'NONE', #2862, #2612, #3216, .T. ) ;
#1505 =( GEOMETRIC_REPRESENTATION_CONTEXT ( 3 ) GLOBAL_UNCERTAINTY_ASSIGNED_CONTEXT ( ( #1830 ) ) GLOBAL_UNIT_ASSIGNED_CONTEXT ( ( #3352, #2251, #122 ) ) REPRESENTATION_CONTEXT ( 'NONE', 'WORKASPACE' ) );
#1506 = DIRECTION ( 'NONE',  ( 0.000000000000000000, 0.000000000000000000, 1.000000000000000000 ) ) ;
#1507 = ORIENTED_EDGE ( 'NONE', *, *, #291, .T. ) ;
#1508 = AXIS2_PLACEMENT_3D ( 'NONE', #506, #2366, #3453 ) ;
#1509 = VECTOR ( 'NONE', #1946, 1000.000000000000000 ) ;
#1510 = EDGE_LOOP ( 'NONE', ( #3205, #3469, #2567, #1507 ) ) ;
#1511 = LINE ( 'NONE', #2601, #2306 ) ;
#1512 = AXIS2_PLACEMENT_3D ( 'NONE', #494, #505, #467 ) ;
#1513 = EDGE_LOOP ( 'NONE', ( #51, #2286, #1277, #603 ) ) ;
#1514 = DIRECTION ( 'NONE',  ( 0.000000000000000000, -1.000000000000000000, 0.000000000000000000 ) ) ;
#1515 = CARTESIAN_POINT ( 'NONE',  ( 1.092589860420387859, 0.5831999999999996076, -0.7898232800688187449 ) ) ;
#1516 = VECTOR ( 'NONE', #1455, 1000.000000000000000 ) ;
#1517 = ORIENTED_EDGE ( 'NONE', *, *, #2335, .F. ) ;
#1518 = VECTOR ( 'NONE', #3116, 1000.000000000000000 ) ;
#1519 = ADVANCED_FACE ( 'NONE', ( #1306 ), #241, .T. ) ;
#1520 = PRESENTATION_STYLE_ASSIGNMENT (( #232 ) ) ;
#1521 = PRESENTATION_STYLE_ASSIGNMENT (( #2038 ) ) ;
#1522 = LINE ( 'NONE', #727, #1623 ) ;
#1523 = MANIFOLD_SOLID_BREP ( 'Scale1[5]', #2112 ) ;
#1524 = CARTESIAN_POINT ( 'NONE',  ( 0.000000000000000000, 0.5495999999999998664, -1.350000000000000089 ) ) ;
#1525 = ORIENTED_EDGE ( 'NONE', *, *, #3468, .T. ) ;
#1526 = CARTESIAN_POINT ( 'NONE',  ( 2.072903225806452365, -0.01679999999999981161, -1.350000000000000089 ) ) ;
#1527 = UNCERTAINTY_MEASURE_WITH_UNIT (LENGTH_MEASURE( 1.000000000000000082E-05 ), #2344, 'distance_accuracy_value', 'NONE');
#1528 = MANIFOLD_SOLID_BREP ( 'Scale1[1]', #2685 ) ;
#1529 = VERTEX_POINT ( 'NONE', #2900 ) ;
#1530 = VERTEX_POINT ( 'NONE', #1597 ) ;
#1531 = DIRECTION ( 'NONE',  ( -1.000000000000000000, -6.453584360032816853E-15, 0.000000000000000000 ) ) ;
#1532 = SURFACE_SIDE_STYLE ('',( #1488 ) ) ;
#1533 = DIRECTION ( 'NONE',  ( -1.000000000000000000, 0.000000000000000000, 0.000000000000000000 ) ) ;
#1534 = DIRECTION ( 'NONE',  ( 0.000000000000000000, 0.000000000000000000, 1.000000000000000000 ) ) ;
#1535 = EDGE_LOOP ( 'NONE', ( #1067, #2610, #671, #510 ) ) ;
#1536 = FACE_OUTER_BOUND ( 'NONE', #819, .T. ) ;
#1537 = ADVANCED_FACE ( 'NONE', ( #3231 ), #19, .T. ) ;
#1538 = ORIENTED_EDGE ( 'NONE', *, *, #2257, .F. ) ;
#1539 = ADVANCED_FACE ( 'NONE', ( #1107, #2716 ), #566, .T. ) ;
#1540 = SURFACE_SIDE_STYLE ('',( #478 ) ) ;
#1541 = CARTESIAN_POINT ( 'NONE',  ( 2.045806451612903754, -0.01679999999999981508, 0.000000000000000000 ) ) ;
#1542 = ORIENTED_EDGE ( 'NONE', *, *, #833, .F. ) ;
#1543 = CARTESIAN_POINT ( 'NONE',  ( 0.6324999999999998401, 0.5663999999999997925, -1.350000000000000089 ) ) ;
#1544 =( NAMED_UNIT ( * ) SI_UNIT ( $, .STERADIAN. ) SOLID_ANGLE_UNIT ( ) );
#1545 = PRESENTATION_STYLE_ASSIGNMENT (( #450 ) ) ;
#1546 = FACE_OUTER_BOUND ( 'NONE', #1739, .T. ) ;
#1547 = CARTESIAN_POINT ( 'NONE',  ( 1.144016018489260045, 0.5831999999999996076, -0.7023734713488288817 ) ) ;
#1548 = ORIENTED_EDGE ( 'NONE', *, *, #873, .T. ) ;
#1549 = FILL_AREA_STYLE_COLOUR ( '', #2596 ) ;
#1550 = UNCERTAINTY_MEASURE_WITH_UNIT (LENGTH_MEASURE( 1.000000000000000082E-05 ), #1583, 'distance_accuracy_value', 'NONE');
#1551 =( BOUNDED_CURVE ( )  B_SPLINE_CURVE ( 3, ( #2469, #1633, #2719, #616 ),
 .UNSPECIFIED., .F., .T. ) 
 B_SPLINE_CURVE_WITH_KNOTS ( ( 4, 4 ),
 ( 0.5357290076124427980, 1.000000000000000000 ),
 .UNSPECIFIED. ) 
 CURVE ( )  GEOMETRIC_REPRESENTATION_ITEM ( )  RATIONAL_B_SPLINE_CURVE ( ( 0.9558867503804115984, 0.7795185758902163364, 0.7942229924300791000, 1.000000000000000000 ) ) 
 REPRESENTATION_ITEM ( '' )  );
#1552 = VECTOR ( 'NONE', #2394, 1000.000000000000000 ) ;
#1553 = AXIS2_PLACEMENT_3D ( 'NONE', #599, #2159, #839 ) ;
#1554 =( GEOMETRIC_REPRESENTATION_CONTEXT ( 3 ) GLOBAL_UNCERTAINTY_ASSIGNED_CONTEXT ( ( #1656 ) ) GLOBAL_UNIT_ASSIGNED_CONTEXT ( ( #3023, #81, #885 ) ) REPRESENTATION_CONTEXT ( 'NONE', 'WORKASPACE' ) );
#1555 = ORIENTED_EDGE ( 'NONE', *, *, #1260, .F. ) ;
#1556 = ADVANCED_FACE ( 'NONE', ( #1632 ), #30, .T. ) ;
#1557 = CARTESIAN_POINT ( 'NONE',  ( 0.6324999999999999512, 0.5495999999999998664, -1.350000000000000089 ) ) ;
#1558 = PLANE ( 'NONE',  #772 ) ;
#1559 = STYLED_ITEM ( 'NONE', ( #1013 ), #1528 ) ;
#1560 = VECTOR ( 'NONE', #1986, 1000.000000000000000 ) ;
#1561 = ADVANCED_FACE ( 'NONE', ( #1824 ), #501, .F. ) ;
#1562 = ORIENTED_EDGE ( 'NONE', *, *, #1281, .F. ) ;
#1563 = VECTOR ( 'NONE', #2823, 1000.000000000000000 ) ;
#1564 = EDGE_CURVE ( 'NONE', #2049, #736, #2031, .T. ) ;
#1565 = DIRECTION ( 'NONE',  ( -1.250381969756348237E-16, 1.000000000000000000, 0.000000000000000000 ) ) ;
#1566 = CARTESIAN_POINT ( 'NONE',  ( 0.5229032258064515437, 0.5663999999999997925, -1.350000000000000089 ) ) ;
#1567 = PRESENTATION_LAYER_ASSIGNMENT (  '', '', ( #2417 ) ) ;
#1568 = SURFACE_STYLE_USAGE ( .BOTH. , #504 ) ;
#1569 = LINE ( 'NONE', #1266, #174 ) ;
#1570 = COLOUR_RGB ( '',0.7921568627450980005, 0.8196078431372548767, 0.9333333333333333481 ) ;
#1571 = CARTESIAN_POINT ( 'NONE',  ( 1.225650702456156482, 0.5831999999999996076, -0.6209149699170437575 ) ) ;
#1572 = CARTESIAN_POINT ( 'NONE',  ( 1.144016018489260045, 0.5832999999999995966, -0.6525078073068826257 ) ) ;
#1573 = ORIENTED_EDGE ( 'NONE', *, *, #2383, .T. ) ;
#1574 = CARTESIAN_POINT ( 'NONE',  ( 1.068101134280340592, 0.5831999999999996076, -0.5653125000000001066 ) ) ;
#1575 = CARTESIAN_POINT ( 'NONE',  ( 1.144016018489260045, 0.5831999999999996076, -0.6525078073068826257 ) ) ;
#1576 = COLOUR_RGB ( '',0.8509803921568627194, 0.8509803921568627194, 0.8509803921568627194 ) ;
#1577 = VERTEX_POINT ( 'NONE', #1232 ) ;
#1578 =( BOUNDED_CURVE ( )  B_SPLINE_CURVE ( 3, ( #23, #3236, #1881, #1100 ),
 .UNSPECIFIED., .F., .T. ) 
 B_SPLINE_CURVE_WITH_KNOTS ( ( 4, 4 ),
 ( 0.000000000000000000, 0.5000000000000013323 ),
 .UNSPECIFIED. ) 
 CURVE ( )  GEOMETRIC_REPRESENTATION_ITEM ( )  RATIONAL_B_SPLINE_CURVE ( ( 1.000000000000000000, 0.6666666666666658525, 0.4999999999999991673, 0.5000000000000000000 ) ) 
 REPRESENTATION_ITEM ( '' )  );
#1579 = CARTESIAN_POINT ( 'NONE',  ( 0.6324999999999999512, 0.5495999999999998664, -1.350000000000000089 ) ) ;
#1580 = EDGE_CURVE ( 'NONE', #2803, #2628, #3341, .T. ) ;
#1581 = VERTEX_POINT ( 'NONE', #1481 ) ;
#1582 = PRESENTATION_STYLE_ASSIGNMENT (( #3230 ) ) ;
#1583 =( LENGTH_UNIT ( ) NAMED_UNIT ( * ) SI_UNIT ( .MILLI., .METRE. ) );
#1584 = ADVANCED_FACE ( 'NONE', ( #2565 ), #2324, .F. ) ;
#1585 = CARTESIAN_POINT ( 'NONE',  ( 1.406853714799367827, 0.5832999999999995966, -0.6775678900344090927 ) ) ;
#1586 = MANIFOLD_SOLID_BREP ( 'Lead2', #2341 ) ;
#1587 = CARTESIAN_POINT ( 'NONE',  ( 1.144016018489260045, 0.5831999999999996076, -0.6525078073068826257 ) ) ;
#1588 = UNCERTAINTY_MEASURE_WITH_UNIT (LENGTH_MEASURE( 1.000000000000000082E-05 ), #2957, 'distance_accuracy_value', 'NONE');
#1589 = CARTESIAN_POINT ( 'NONE',  ( 2.045806451612903754, 0.5495999999999998664, 0.000000000000000000 ) ) ;
#1590 = FACE_OUTER_BOUND ( 'NONE', #2831, .T. ) ;
#1591 = ORIENTED_EDGE ( 'NONE', *, *, #79, .T. ) ;
#1592 =( NAMED_UNIT ( * ) PLANE_ANGLE_UNIT ( ) SI_UNIT ( $, .RADIAN. ) );
#1593 = PLANE ( 'NONE',  #2700 ) ;
#1594 = ORIENTED_EDGE ( 'NONE', *, *, #1158, .F. ) ;
#1595 = SURFACE_STYLE_FILL_AREA ( #2956 ) ;
#1596 = DIRECTION ( 'NONE',  ( 0.000000000000000000, 0.000000000000000000, -1.000000000000000000 ) ) ;
#1597 = CARTESIAN_POINT ( 'NONE',  ( 0.8325312755463347703, 0.5832999999999995966, -0.7898232800688187449 ) ) ;
#1598 = ORIENTED_EDGE ( 'NONE', *, *, #1248, .F. ) ;
#1599 = CARTESIAN_POINT ( 'NONE',  ( 0.9218584416593362807, 0.5832999999999997076, -0.6775678900344093147 ) ) ;
#1600 = EDGE_CURVE ( 'NONE', #318, #2116, #1735, .T. ) ;
#1601 = CARTESIAN_POINT ( 'NONE',  ( 1.018472811076492235, 0.5832999999999995966, -0.6272312934209895996 ) ) ;
#1602 = EDGE_CURVE ( 'NONE', #634, #730, #2376, .T. ) ;
#1603 = DIRECTION ( 'NONE',  ( 1.000000000000000000, 0.000000000000000000, 0.000000000000000000 ) ) ;
#1604 = CARTESIAN_POINT ( 'NONE',  ( 1.406853714799367605, 0.5832999999999997076, -0.6775678900344093147 ) ) ;
#1605 = ADVANCED_FACE ( 'NONE', ( #1278 ), #3172, .T. ) ;
#1606 = SURFACE_SIDE_STYLE ('',( #3006 ) ) ;
#1607 = CARTESIAN_POINT ( 'NONE',  ( 0.9691334793078923981, 0.5831999999999996076, -0.7085505271621614920 ) ) ;
#1608 = ORIENTED_EDGE ( 'NONE', *, *, #350, .T. ) ;
#1609 = VECTOR ( 'NONE', #69, 1000.000000000000000 ) ;
#1610 = CARTESIAN_POINT ( 'NONE',  ( 0.8325312755463347703, 0.5831999999999996076, -0.7898232800688187449 ) ) ;
#1611 = CARTESIAN_POINT ( 'NONE',  ( 1.018472811076492235, 0.5831999999999996076, -0.6272312934209895996 ) ) ;
#1612 = VECTOR ( 'NONE', #1409, 1000.000000000000000 ) ;
#1613 = COLOUR_RGB ( '',0.7921568627450980005, 0.8196078431372548767, 0.9333333333333333481 ) ;
#1614 = CARTESIAN_POINT ( 'NONE',  ( 0.6363210369230349883, 0.5832999999999995966, -0.7898232800688187449 ) ) ;
#1615 = ORIENTED_EDGE ( 'NONE', *, *, #3104, .F. ) ;
#1616 = FILL_AREA_STYLE_COLOUR ( '', #2526 ) ;
#1617 = CARTESIAN_POINT ( 'NONE',  ( -0.01212600721991021618, 0.5832999999999993745, -0.05117446413209654488 ) ) ;
#1618 = SURFACE_STYLE_FILL_AREA ( #284 ) ;
#1619 = ORIENTED_EDGE ( 'NONE', *, *, #1305, .T. ) ;
#1620 = CARTESIAN_POINT ( 'NONE',  ( 1.275153176690261958, 0.5832999999999995966, -0.5653124999999999956 ) ) ;
#1621 = PRESENTATION_LAYER_ASSIGNMENT (  '', '', ( #3155 ) ) ;
#1622 = EDGE_CURVE ( 'NONE', #736, #1529, #876, .T. ) ;
#1623 = VECTOR ( 'NONE', #1860, 1000.000000000000000 ) ;
#1624 = CARTESIAN_POINT ( 'NONE',  ( 0.000000000000000000, 0.000000000000000000, -1.350000000000000089 ) ) ;
#1625 = DIRECTION ( 'NONE',  ( -1.000000000000000000, 0.000000000000000000, 0.000000000000000000 ) ) ;
#1626 = ADVANCED_FACE ( 'NONE', ( #3015 ), #1661, .T. ) ;
#1627 = VECTOR ( 'NONE', #2213, 1000.000000000000000 ) ;
#1628 = FILL_AREA_STYLE_COLOUR ( '', #2580 ) ;
#1629 = ORIENTED_EDGE ( 'NONE', *, *, #3319, .F. ) ;
#1630 = CARTESIAN_POINT ( 'NONE',  ( 1.003600847529826146, 0.5832999999999995966, -0.6500442441528618831 ) ) ;
#1631 = STYLED_ITEM ( 'NONE', ( #690 ), #3431 ) ;
#1632 = FACE_OUTER_BOUND ( 'NONE', #156, .T. ) ;
#1633 = CARTESIAN_POINT ( 'NONE',  ( 0.9691334793078923981, 0.5832999999999995966, -0.7085505271621614920 ) ) ;
#1634 = EDGE_LOOP ( 'NONE', ( #1747, #799, #228, #261 ) ) ;
#1635 = ORIENTED_EDGE ( 'NONE', *, *, #1970, .F. ) ;
#1636 = ORIENTED_EDGE ( 'NONE', *, *, #809, .F. ) ;
#1637 = LINE ( 'NONE', #2438, #61 ) ;
#1638 = CARTESIAN_POINT ( 'NONE',  ( 1.231252997320559484, 0.5832999999999995966, -0.7524048167240156015 ) ) ;
#1639 = DIRECTION ( 'NONE',  ( 0.000000000000000000, 0.000000000000000000, 1.000000000000000000 ) ) ;
#1640 = LINE ( 'NONE', #2403, #3334 ) ;
#1641 = FILL_AREA_STYLE_COLOUR ( '', #3312 ) ;
#1642 = EDGE_LOOP ( 'NONE', ( #3290, #3303, #1608, #1448 ) ) ;
#1643 = LINE ( 'NONE', #100, #721 ) ;
#1644 = EDGE_CURVE ( 'NONE', #2244, #2209, #314, .T. ) ;
#1645 = CARTESIAN_POINT ( 'NONE',  ( 2.045806451612903754, 0.5495999999999998664, 0.000000000000000000 ) ) ;
#1646 = CARTESIAN_POINT ( 'NONE',  ( 0.9218584416593367248, 0.5831999999999996076, -0.6027309633448029169 ) ) ;
#1647 = EDGE_LOOP ( 'NONE', ( #3080, #1985, #2451, #970 ) ) ;
#1648 = CARTESIAN_POINT ( 'NONE',  ( 1.279362179235310260, 0.5832999999999997076, -0.6775678900344092037 ) ) ;
#1649 = ORIENTED_EDGE ( 'NONE', *, *, #3055, .T. ) ;
#1650 = ORIENTED_EDGE ( 'NONE', *, *, #1687, .T. ) ;
#1651 = LINE ( 'NONE', #2742, #2020 ) ;
#1652 =( NAMED_UNIT ( * ) PLANE_ANGLE_UNIT ( ) SI_UNIT ( $, .RADIAN. ) );
#1653 = PLANE ( 'NONE',  #323 ) ;
#1654 =( LENGTH_UNIT ( ) NAMED_UNIT ( * ) SI_UNIT ( .MILLI., .METRE. ) );
#1655 = ORIENTED_EDGE ( 'NONE', *, *, #1324, .T. ) ;
#1656 = UNCERTAINTY_MEASURE_WITH_UNIT (LENGTH_MEASURE( 1.000000000000000082E-05 ), #3023, 'distance_accuracy_value', 'NONE');
#1657 = APPLICATION_PROTOCOL_DEFINITION ( 'draft international standard', 'automotive_design', 1998, #328 ) ;
#1658 = EDGE_CURVE ( 'NONE', #2045, #2470, #1683, .T. ) ;
#1659 = PLANE ( 'NONE',  #945 ) ;
#1660 = ORIENTED_EDGE ( 'NONE', *, *, #2359, .F. ) ;
#1661 = PLANE ( 'NONE',  #2859 ) ;
#1662 = VECTOR ( 'NONE', #3296, 1000.000000000000000 ) ;
#1663 = VECTOR ( 'NONE', #1869, 1000.000000000000000 ) ;
#1664 = EDGE_CURVE ( 'NONE', #1252, #85, #73, .T. ) ;
#1665 = EDGE_LOOP ( 'NONE', ( #2982, #1517, #1442, #3391 ) ) ;
#1666 = AXIS2_PLACEMENT_3D ( 'NONE', #2447, #816, #1886 ) ;
#1667 = MECHANICAL_DESIGN_GEOMETRIC_PRESENTATION_REPRESENTATION (  '', ( #3317 ), #2587 ) ;
#1668 = VERTEX_POINT ( 'NONE', #360 ) ;
#1669 = CARTESIAN_POINT ( 'NONE',  ( 1.231252997320559928, 0.5832999999999995966, -0.6027309633448029169 ) ) ;
#1670 = VECTOR ( 'NONE', #1433, 1000.000000000000000 ) ;
#1671 = LINE ( 'NONE', #1422, #3316 ) ;
#1672 =( LENGTH_UNIT ( ) NAMED_UNIT ( * ) SI_UNIT ( .MILLI., .METRE. ) );
#1673 =( NAMED_UNIT ( * ) PLANE_ANGLE_UNIT ( ) SI_UNIT ( $, .RADIAN. ) );
#1674 = CARTESIAN_POINT ( 'NONE',  ( 1.009658800398740341, 0.5831999999999996076, -0.7898232800688187449 ) ) ;
#1675 = VECTOR ( 'NONE', #785, 1000.000000000000000 ) ;
#1676 = ORIENTED_EDGE ( 'NONE', *, *, #3201, .T. ) ;
#1677 = LINE ( 'NONE', #889, #2764 ) ;
#1678 = VECTOR ( 'NONE', #1076, 999.9999999999998863 ) ;
#1679 =( GEOMETRIC_REPRESENTATION_CONTEXT ( 3 ) GLOBAL_UNCERTAINTY_ASSIGNED_CONTEXT ( ( #245 ) ) GLOBAL_UNIT_ASSIGNED_CONTEXT ( ( #242, #2875, #485 ) ) REPRESENTATION_CONTEXT ( 'NONE', 'WORKASPACE' ) );
#1680 = LINE ( 'NONE', #1337, #2813 ) ;
#1681 = EDGE_LOOP ( 'NONE', ( #1980, #1338, #2536, #2550 ) ) ;
#1682 = DIRECTION ( 'NONE',  ( 0.3899943811336609722, 0.000000000000000000, 0.9208172363092325119 ) ) ;
#1683 = LINE ( 'NONE', #2497, #2414 ) ;
#1684 = EDGE_CURVE ( 'NONE', #2421, #2468, #2788, .T. ) ;
#1685 = VERTEX_POINT ( 'NONE', #2475 ) ;
#1686 = ORIENTED_EDGE ( 'NONE', *, *, #3492, .T. ) ;
#1687 = EDGE_CURVE ( 'NONE', #2507, #946, #2226, .T. ) ;
#1688 = SURFACE_STYLE_USAGE ( .BOTH. , #346 ) ;
#1689 = ADVANCED_FACE ( 'NONE', ( #1251 ), #3089, .T. ) ;
#1690 = CARTESIAN_POINT ( 'NONE',  ( 0.7640595550224216215, 0.5832999999999995966, -0.5653125000000001066 ) ) ;
#1691 = FILL_AREA_STYLE ('',( #951 ) ) ;
#1692 = FACE_OUTER_BOUND ( 'NONE', #698, .T. ) ;
#1693 = CARTESIAN_POINT ( 'NONE',  ( 1.279362179235310037, 0.5831999999999992745, -0.5760751717961954954 ) ) ;
#1694 = ORIENTED_EDGE ( 'NONE', *, *, #489, .T. ) ;
#1695 = CARTESIAN_POINT ( 'NONE',  ( 1.144016018489260045, 0.5832999999999995966, -0.6209149699170437575 ) ) ;
#1696 = DIRECTION ( 'NONE',  ( 1.000000000000000000, 0.000000000000000000, 0.000000000000000000 ) ) ;
#1697 = CARTESIAN_POINT ( 'NONE',  ( 0.6988345473465140678, 0.5832999999999995966, -0.5653125000000001066 ) ) ;
#1698 = ORIENTED_EDGE ( 'NONE', *, *, #2048, .T. ) ;
#1699 = CARTESIAN_POINT ( 'NONE',  ( 1.144016018489260045, 0.5832999999999995966, -0.6209149699170437575 ) ) ;
#1700 = ORIENTED_EDGE ( 'NONE', *, *, #3013, .T. ) ;
#1701 = EDGE_LOOP ( 'NONE', ( #7, #1649, #189 ) ) ;
#1702 = SURFACE_STYLE_FILL_AREA ( #3332 ) ;
#1703 = CARTESIAN_POINT ( 'NONE',  ( 1.279362179235310260, 0.5832999999999997076, -0.6775678900344093147 ) ) ;
#1704 = EDGE_CURVE ( 'NONE', #2803, #621, #1511, .T. ) ;
#1705 = CARTESIAN_POINT ( 'NONE',  ( -0.000000000000000000, 0.000000000000000000, 0.000000000000000000 ) ) ;
#1706 = DIRECTION ( 'NONE',  ( -1.000000000000000000, 1.250381969756348237E-16, 0.000000000000000000 ) ) ;
#1707 = DIRECTION ( 'NONE',  ( -2.280947528996296938E-16, -1.000000000000000000, 0.000000000000000000 ) ) ;
#1708 = CARTESIAN_POINT ( 'NONE',  ( 0.8950870111682094343, 0.5832999999999995966, -0.5653125000000001066 ) ) ;
#1709 = CARTESIAN_POINT ( 'NONE',  ( -1.253608761936364502E-16, 0.5495999999999998664, -1.350000000000000089 ) ) ;
#1710 = EDGE_CURVE ( 'NONE', #3456, #3225, #2579, .T. ) ;
#1711 = EDGE_LOOP ( 'NONE', ( #2999, #989, #842, #1078 ) ) ;
#1712 = CARTESIAN_POINT ( 'NONE',  ( 1.216707741942912868, 0.5831999999999996076, -0.7023734713488288817 ) ) ;
#1713 = ORIENTED_EDGE ( 'NONE', *, *, #2449, .T. ) ;
#1714 = CARTESIAN_POINT ( 'NONE',  ( 1.413306451612903691, 0.5495999999999998664, -1.350000000000000089 ) ) ;
#1715 = FILL_AREA_STYLE ('',( #2278 ) ) ;
#1716 = ORIENTED_EDGE ( 'NONE', *, *, #211, .T. ) ;
#1717 = ORIENTED_EDGE ( 'NONE', *, *, #211, .F. ) ;
#1718 = PRESENTATION_LAYER_ASSIGNMENT (  '', '', ( #3310 ) ) ;
#1719 = STYLED_ITEM ( 'NONE', ( #2521 ), #126 ) ;
#1720 = FILL_AREA_STYLE_COLOUR ( '', #50 ) ;
#1721 = CARTESIAN_POINT ( 'NONE',  ( 0.7539564727974104041, 0.5831999999999996076, -0.6422223896846877000 ) ) ;
#1722 = VECTOR ( 'NONE', #1473, 1000.000000000000000 ) ;
#1723 = MECHANICAL_DESIGN_GEOMETRIC_PRESENTATION_REPRESENTATION (  '', ( #1782 ), #2851 ) ;
#1724 = CARTESIAN_POINT ( 'NONE',  ( 0.9691334793078920651, 0.5831999999999996076, -0.6759821949337802005 ) ) ;
#1725 = COLOUR_RGB ( '',0.1019607843137254888, 0.1019607843137254888, 0.1019607843137254888 ) ;
#1726 = CARTESIAN_POINT ( 'NONE',  ( 0.5229032258064515437, 0.5831999999999997186, 0.000000000000000000 ) ) ;
#1727 = EDGE_CURVE ( 'NONE', #1008, #85, #686, .T. ) ;
#1728 = VECTOR ( 'NONE', #3173, 1000.000000000000000 ) ;
#1729 = ORIENTED_EDGE ( 'NONE', *, *, #3393, .F. ) ;
#1730 = CARTESIAN_POINT ( 'NONE',  ( 1.225650702456156482, 0.5831999999999996076, -0.7318403520106933069 ) ) ;
#1731 = ADVANCED_FACE ( 'NONE', ( #975 ), #131, .F. ) ;
#1732 = CARTESIAN_POINT ( 'NONE',  ( 0.6363210369230349883, 0.5832999999999995966, -0.7898232800688187449 ) ) ;
#1733 = ORIENTED_EDGE ( 'NONE', *, *, #2454, .F. ) ;
#1734 = AXIS2_PLACEMENT_3D ( 'NONE', #1624, #1639, #1101 ) ;
#1735 = LINE ( 'NONE', #2412, #2855 ) ;
#1736 = CARTESIAN_POINT ( 'NONE',  ( 1.068101134280340592, 0.5832999999999995966, -0.7038014310072036039 ) ) ;
#1737 = PRESENTATION_LAYER_ASSIGNMENT (  '', '', ( #3279 ) ) ;
#1738 = ORIENTED_EDGE ( 'NONE', *, *, #3057, .T. ) ;
#1739 = EDGE_LOOP ( 'NONE', ( #1619, #1717, #2085, #2391 ) ) ;
#1740 = PRODUCT_DEFINITION_FORMATION_WITH_SPECIFIED_SOURCE ( 'ANY', '', #2646, .NOT_KNOWN. ) ;
#1741 = CARTESIAN_POINT ( 'NONE',  ( 0.8679115112500913609, 0.5831999999999996076, -0.6517429111534418507 ) ) ;
#1742 = CARTESIAN_POINT ( 'NONE',  ( 0.7635987315707962741, 0.5832999999999995966, -0.7898232800688187449 ) ) ;
#1743 = CARTESIAN_POINT ( 'NONE',  ( 1.003600847529826146, 0.5831999999999996076, -0.7038014310072036039 ) ) ;
#1744 = LINE ( 'NONE', #1708, #3143 ) ;
#1745 = EDGE_LOOP ( 'NONE', ( #1480, #372, #2773, #563 ) ) ;
#1746 = CARTESIAN_POINT ( 'NONE',  ( 0.9691334793078925092, 0.5832999999999998186, -0.6778800650870645539 ) ) ;
#1747 = ORIENTED_EDGE ( 'NONE', *, *, #3169, .F. ) ;
#1748 = EDGE_CURVE ( 'NONE', #2867, #1445, #1468, .T. ) ;
#1749 =( LENGTH_UNIT ( ) NAMED_UNIT ( * ) SI_UNIT ( .MILLI., .METRE. ) );
#1750 = EDGE_CURVE ( 'NONE', #1765, #124, #2290, .T. ) ;
#1751 = VERTEX_POINT ( 'NONE', #1997 ) ;
#1752 = ADVANCED_FACE ( 'NONE', ( #2552 ), #962, .T. ) ;
#1753 = CARTESIAN_POINT ( 'NONE',  ( 1.216707741942912868, 0.5831999999999996076, -0.6525078073068826257 ) ) ;
#1754 = DIRECTION ( 'NONE',  ( -1.000000000000000000, 0.000000000000000000, 0.000000000000000000 ) ) ;
#1755 = CARTESIAN_POINT ( 'NONE',  ( 1.338898944472290520, 0.5831999999999996076, -0.7283142491535162799 ) ) ;
#1756 = FACE_OUTER_BOUND ( 'NONE', #1484, .T. ) ;
#1757 = LINE ( 'NONE', #3419, #3032 ) ;
#1758 = CARTESIAN_POINT ( 'NONE',  ( 1.009658800398740341, 0.5832999999999995966, -0.7898232800688187449 ) ) ;
#1759 = CARTESIAN_POINT ( 'NONE',  ( -0.02709677419354838621, -0.01679999999999981161, -1.350000000000000089 ) ) ;
#1760 = SURFACE_STYLE_USAGE ( .BOTH. , #2305 ) ;
#1761 = ORIENTED_EDGE ( 'NONE', *, *, #350, .F. ) ;
#1762 = FACE_OUTER_BOUND ( 'NONE', #426, .T. ) ;
#1763 = UNCERTAINTY_MEASURE_WITH_UNIT (LENGTH_MEASURE( 1.000000000000000082E-05 ), #1939, 'distance_accuracy_value', 'NONE');
#1764 = DIRECTION ( 'NONE',  ( 1.000000000000000000, 7.890845505716920974E-16, -0.000000000000000000 ) ) ;
#1765 = VERTEX_POINT ( 'NONE', #2870 ) ;
#1766 = PRESENTATION_STYLE_ASSIGNMENT (( #667 ) ) ;
#1767 = SURFACE_SIDE_STYLE ('',( #716 ) ) ;
#1768 = ADVANCED_FACE ( 'NONE', ( #3138 ), #1203, .T. ) ;
#1769 = ORIENTED_EDGE ( 'NONE', *, *, #2363, .F. ) ;
#1770 = DIRECTION ( 'NONE',  ( 0.000000000000000000, 1.000000000000000000, 0.000000000000000000 ) ) ;
#1771 = PLANE ( 'NONE',  #1228 ) ;
#1772 = CARTESIAN_POINT ( 'NONE',  ( 2.045806451612903754, 0.000000000000000000, -1.350000000000000089 ) ) ;
#1773 = EDGE_CURVE ( 'NONE', #695, #317, #253, .T. ) ;
#1774 = CARTESIAN_POINT ( 'NONE',  ( 0.7539564727974104041, 0.5832999999999995966, -0.6422223896846877000 ) ) ;
#1775 = VERTEX_POINT ( 'NONE', #1010 ) ;
#1776 = VECTOR ( 'NONE', #57, 1000.000000000000000 ) ;
#1777 = CARTESIAN_POINT ( 'NONE',  ( 1.522903225806452099, 0.5663999999999999035, -1.350000000000000089 ) ) ;
#1778 = CARTESIAN_POINT ( 'NONE',  ( 0.5229032258064516547, -0.01679999999999997121, -1.350000000000000089 ) ) ;
#1779 =( BOUNDED_CURVE ( )  B_SPLINE_CURVE ( 3, ( #2969, #2137, #1085, #3224, #798, #1371, #2410 ),
 .UNSPECIFIED., .F., .T. ) 
 B_SPLINE_CURVE_WITH_KNOTS ( ( 4, 3, 4 ),
 ( 0.2499999999999990008, 0.5000000000000000000, 0.7500000000000008882 ),
 .UNSPECIFIED. ) 
 CURVE ( )  GEOMETRIC_REPRESENTATION_ITEM ( )  RATIONAL_B_SPLINE_CURVE ( ( 0.5000000000000000000, 0.4999999999999987232, 0.6666666666666654084, 1.000000000000000000, 0.6666666666666655194, 0.4999999999999988898, 0.5000000000000000000 ) ) 
 REPRESENTATION_ITEM ( '' )  );
#1780 = VECTOR ( 'NONE', #2024, 1000.000000000000000 ) ;
#1781 = CARTESIAN_POINT ( 'NONE',  ( 0.9691334793078925092, 0.5831999999999997186, -0.6778800650870645539 ) ) ;
#1782 = STYLED_ITEM ( 'NONE', ( #3485 ), #410 ) ;
#1783 = ORIENTED_EDGE ( 'NONE', *, *, #2622, .T. ) ;
#1784 = LINE ( 'NONE', #1526, #2309 ) ;
#1785 = VECTOR ( 'NONE', #2829, 1000.000000000000000 ) ;
#1786 = PRESENTATION_LAYER_ASSIGNMENT (  '', '', ( #3267 ) ) ;
#1787 = SURFACE_STYLE_FILL_AREA ( #2082 ) ;
#1788 = ORIENTED_EDGE ( 'NONE', *, *, #992, .F. ) ;
#1789 = VECTOR ( 'NONE', #2446, 1000.000000000000000 ) ;
#1790 = SURFACE_STYLE_USAGE ( .BOTH. , #1767 ) ;
#1791 = MECHANICAL_DESIGN_GEOMETRIC_PRESENTATION_REPRESENTATION (  '', ( #1848 ), #2706 ) ;
#1792 = ORIENTED_EDGE ( 'NONE', *, *, #1710, .F. ) ;
#1793 = CARTESIAN_POINT ( 'NONE',  ( -0.02709677419354838621, -3.148403361624908349E-19, -1.350000000000000089 ) ) ;
#1794 = VECTOR ( 'NONE', #3490, 1000.000000000000000 ) ;
#1795 = CARTESIAN_POINT ( 'NONE',  ( 0.6988345473465140678, 0.5831999999999996076, -0.5653125000000001066 ) ) ;
#1796 = LINE ( 'NONE', #2606, #225 ) ;
#1797 = EDGE_CURVE ( 'NONE', #3413, #60, #1301, .T. ) ;
#1798 = DIRECTION ( 'NONE',  ( -1.000000000000000000, -0.000000000000000000, -0.000000000000000000 ) ) ;
#1799 = ORIENTED_EDGE ( 'NONE', *, *, #3033, .F. ) ;
#1800 = DIRECTION ( 'NONE',  ( 1.000000000000000000, 0.000000000000000000, 0.000000000000000000 ) ) ;
#1801 = UNCERTAINTY_MEASURE_WITH_UNIT (LENGTH_MEASURE( 1.000000000000000082E-05 ), #414, 'distance_accuracy_value', 'NONE');
#1802 = ORIENTED_EDGE ( 'NONE', *, *, #371, .T. ) ;
#1803 = DIRECTION ( 'NONE',  ( 1.000000000000000000, 0.000000000000000000, 0.000000000000000000 ) ) ;
#1804 = DIRECTION ( 'NONE',  ( 1.000000000000000000, -3.428307264776298658E-16, 0.000000000000000000 ) ) ;
#1805 = CARTESIAN_POINT ( 'NONE',  ( 0.6988345473465140678, 0.5832999999999995966, -0.6422223896846877000 ) ) ;
#1806 = EDGE_LOOP ( 'NONE', ( #137, #1298, #2275, #2942 ) ) ;
#1807 = DIRECTION ( 'NONE',  ( -1.161910764409192342E-17, 1.000000000000000000, 0.000000000000000000 ) ) ;
#1808 = PLANE ( 'NONE',  #3264 ) ;
#1809 = CARTESIAN_POINT ( 'NONE',  ( 0.7635987315707962741, 0.5831999999999996076, -0.7898232800688187449 ) ) ;
#1810 = FILL_AREA_STYLE ('',( #2398 ) ) ;
#1811 =( NAMED_UNIT ( * ) PLANE_ANGLE_UNIT ( ) SI_UNIT ( $, .RADIAN. ) );
#1812 = CARTESIAN_POINT ( 'NONE',  ( 2.045806451612903754, -0.01679999999999981508, -1.350000000000000089 ) ) ;
#1813 = EDGE_CURVE ( 'NONE', #2936, #1354, #1024, .T. ) ;
#1814 = VERTEX_POINT ( 'NONE', #1611 ) ;
#1815 = ADVANCED_FACE ( 'NONE', ( #2916 ), #1593, .T. ) ;
#1816 = EDGE_CURVE ( 'NONE', #612, #2625, #1857, .T. ) ;
#1817 = CARTESIAN_POINT ( 'NONE',  ( 0.9691334793078925092, 0.5832999999999998186, -0.6778800650870645539 ) ) ;
#1818 = ORIENTED_EDGE ( 'NONE', *, *, #2142, .F. ) ;
#1819 = FACE_OUTER_BOUND ( 'NONE', #361, .T. ) ;
#1820 = DIRECTION ( 'NONE',  ( 0.000000000000000000, 0.000000000000000000, 1.000000000000000000 ) ) ;
#1821 = CARTESIAN_POINT ( 'NONE',  ( -1.253608761936364502E-16, 0.5495999999999998664, -1.350000000000000089 ) ) ;
#1822 = ORIENTED_EDGE ( 'NONE', *, *, #1031, .F. ) ;
#1823 = PLANE ( 'NONE',  #1827 ) ;
#1824 = FACE_OUTER_BOUND ( 'NONE', #900, .T. ) ;
#1825 = DIRECTION ( 'NONE',  ( 1.000000000000000000, 0.000000000000000000, 0.000000000000000000 ) ) ;
#1826 = FACE_OUTER_BOUND ( 'NONE', #2534, .T. ) ;
#1827 = AXIS2_PLACEMENT_3D ( 'NONE', #1075, #1565, #2203 ) ;
#1828 = ORIENTED_EDGE ( 'NONE', *, *, #1483, .T. ) ;
#1829 = SURFACE_STYLE_FILL_AREA ( #473 ) ;
#1830 = UNCERTAINTY_MEASURE_WITH_UNIT (LENGTH_MEASURE( 1.000000000000000082E-05 ), #3352, 'distance_accuracy_value', 'NONE');
#1831 = VECTOR ( 'NONE', #404, 1000.000000000000000 ) ;
#1832 = VECTOR ( 'NONE', #1212, 1000.000000000000000 ) ;
#1833 = ADVANCED_FACE ( 'NONE', ( #3209 ), #2377, .T. ) ;
#1834 =( GEOMETRIC_REPRESENTATION_CONTEXT ( 3 ) GLOBAL_UNCERTAINTY_ASSIGNED_CONTEXT ( ( #512 ) ) GLOBAL_UNIT_ASSIGNED_CONTEXT ( ( #1320, #1049, #2664 ) ) REPRESENTATION_CONTEXT ( 'NONE', 'WORKASPACE' ) );
#1835 = COLOUR_RGB ( '',0.8980392156862745390, 0.9215686274509803377, 0.9294117647058823817 ) ;
#1836 = ADVANCED_FACE ( 'NONE', ( #1334 ), #1558, .F. ) ;
#1837 = CARTESIAN_POINT ( 'NONE',  ( 2.045806451612903754, 0.000000000000000000, -1.350000000000000089 ) ) ;
#1838 = ORIENTED_EDGE ( 'NONE', *, *, #2387, .F. ) ;
#1839 = CARTESIAN_POINT ( 'NONE',  ( 0.8157579973507091964, 0.5831999999999996076, -0.5653125000000001066 ) ) ;
#1840 = DIRECTION ( 'NONE',  ( -1.000000000000000000, 0.000000000000000000, -1.956620146467696032E-15 ) ) ;
#1841 = ORIENTED_EDGE ( 'NONE', *, *, #2797, .T. ) ;
#1842 = DIRECTION ( 'NONE',  ( 0.000000000000000000, 1.000000000000000000, 0.000000000000000000 ) ) ;
#1843 = SURFACE_SIDE_STYLE ('',( #2362 ) ) ;
#1844 = VECTOR ( 'NONE', #458, 1000.000000000000000 ) ;
#1845 = SURFACE_STYLE_FILL_AREA ( #3463 ) ;
#1846 = ORIENTED_EDGE ( 'NONE', *, *, #2944, .F. ) ;
#1847 = DIRECTION ( 'NONE',  ( 0.000000000000000000, 1.000000000000000000, 0.000000000000000000 ) ) ;
#1848 = STYLED_ITEM ( 'NONE', ( #1351 ), #2611 ) ;
#1849 = VECTOR ( 'NONE', #2168, 999.9999999999998863 ) ;
#1850 = LINE ( 'NONE', #731, #614 ) ;
#1851 = CARTESIAN_POINT ( 'NONE',  ( 0.8429334972688272698, 0.5831999999999996076, -0.6517429111534418507 ) ) ;
#1852 = LINE ( 'NONE', #2688, #713 ) ;
#1853 = FACE_OUTER_BOUND ( 'NONE', #858, .T. ) ;
#1854 = DIRECTION ( 'NONE',  ( 0.000000000000000000, 1.000000000000000000, 0.000000000000000000 ) ) ;
#1855 = ORIENTED_EDGE ( 'NONE', *, *, #1247, .T. ) ;
#1856 = DIRECTION ( 'NONE',  ( 0.000000000000000000, 0.000000000000000000, 1.000000000000000000 ) ) ;
#1857 = LINE ( 'NONE', #2627, #1728 ) ;
#1858 = ORIENTED_EDGE ( 'NONE', *, *, #1464, .F. ) ;
#1859 = DIRECTION ( 'NONE',  ( 1.000000000000000000, 0.000000000000000000, 0.000000000000000000 ) ) ;
#1860 = DIRECTION ( 'NONE',  ( -0.000000000000000000, -1.000000000000000000, -0.000000000000000000 ) ) ;
#1861 = EDGE_CURVE ( 'NONE', #2720, #1470, #495, .T. ) ;
#1862 = EDGE_CURVE ( 'NONE', #1894, #2355, #2674, .T. ) ;
#1863 = ORIENTED_EDGE ( 'NONE', *, *, #1862, .T. ) ;
#1864 = CARTESIAN_POINT ( 'NONE',  ( 2.045806451612903754, 0.5495999999999998664, -1.350000000000000089 ) ) ;
#1865 =( LENGTH_UNIT ( ) NAMED_UNIT ( * ) SI_UNIT ( .MILLI., .METRE. ) );
#1866 = FACE_OUTER_BOUND ( 'NONE', #1647, .T. ) ;
#1867 = UNCERTAINTY_MEASURE_WITH_UNIT (LENGTH_MEASURE( 1.000000000000000082E-05 ), #282, 'distance_accuracy_value', 'NONE');
#1868 = SURFACE_SIDE_STYLE ('',( #796 ) ) ;
#1869 = DIRECTION ( 'NONE',  ( 0.000000000000000000, 1.000000000000000000, 0.000000000000000000 ) ) ;
#1870 = ORIENTED_EDGE ( 'NONE', *, *, #1750, .T. ) ;
#1871 = LINE ( 'NONE', #1557, #1675 ) ;
#1872 = FACE_OUTER_BOUND ( 'NONE', #1665, .T. ) ;
#1873 = ORIENTED_EDGE ( 'NONE', *, *, #2449, .F. ) ;
#1874 =( NAMED_UNIT ( * ) SI_UNIT ( $, .STERADIAN. ) SOLID_ANGLE_UNIT ( ) );
#1875 = CARTESIAN_POINT ( 'NONE',  ( 1.068101134280340592, 0.5831999999999996076, -0.7038014310072036039 ) ) ;
#1876 = EDGE_CURVE ( 'NONE', #3306, #2433, #3496, .T. ) ;
#1877 = DIRECTION ( 'NONE',  ( 0.000000000000000000, 1.000000000000000000, 0.000000000000000000 ) ) ;
#1878 = EDGE_LOOP ( 'NONE', ( #3305, #2212, #1189, #823 ) ) ;
#1879 = CARTESIAN_POINT ( 'NONE',  ( 1.406853714799367383, 0.5832999999999995966, -0.6027309633448029169 ) ) ;
#1880 = FILL_AREA_STYLE ('',( #2439 ) ) ;
#1881 = CARTESIAN_POINT ( 'NONE',  ( 0.9218584416593361697, 0.5831999999999997186, -0.7524048167240156015 ) ) ;
#1882 = PLANE ( 'NONE',  #3215 ) ;
#1883 = ORIENTED_EDGE ( 'NONE', *, *, #3343, .T. ) ;
#1884 = CARTESIAN_POINT ( 'NONE',  ( 1.319053356059963766, 0.5831999999999996076, -0.5653124999999999956 ) ) ;
#1885 = CLOSED_SHELL ( 'NONE', ( #765, #787, #579, #1537, #453, #471, #535, #3208, #2609, #2611 ) ) ;
#1886 = DIRECTION ( 'NONE',  ( 0.000000000000000000, 0.000000000000000000, -1.000000000000000000 ) ) ;
#1887 = VECTOR ( 'NONE', #2104, 1000.000000000000000 ) ;
#1888 = ORIENTED_EDGE ( 'NONE', *, *, #2218, .F. ) ;
#1889 = MECHANICAL_DESIGN_GEOMETRIC_PRESENTATION_REPRESENTATION (  '', ( #884 ), #1226 ) ;
#1890 = CARTESIAN_POINT ( 'NONE',  ( 0.9218584416593365027, 0.5831999999999996076, -0.6775678900344089817 ) ) ;
#1891 = ORIENTED_EDGE ( 'NONE', *, *, #3073, .F. ) ;
#1892 = CARTESIAN_POINT ( 'NONE',  ( 1.216707741942912868, 0.5832999999999995966, -0.7023734713488288817 ) ) ;
#1893 = VERTEX_POINT ( 'NONE', #1071 ) ;
#1894 = VERTEX_POINT ( 'NONE', #2141 ) ;
#1895 = DIRECTION ( 'NONE',  ( 1.000000000000000000, 0.000000000000000000, 0.000000000000000000 ) ) ;
#1896 = VECTOR ( 'NONE', #311, 1000.000000000000000 ) ;
#1897 = DIRECTION ( 'NONE',  ( -1.000000000000000000, -3.428307264776298658E-16, 0.000000000000000000 ) ) ;
#1898 = AXIS2_PLACEMENT_3D ( 'NONE', #2544, #120, #1707 ) ;
#1899 = ADVANCED_FACE ( 'NONE', ( #1872 ), #1279, .T. ) ;
#1900 = CARTESIAN_POINT ( 'NONE',  ( 1.216707741942912868, 0.5831999999999996076, -0.6525078073068826257 ) ) ;
#1901 = CARTESIAN_POINT ( 'NONE',  ( 0.8325312755463347703, 0.5831999999999996076, -0.7898232800688187449 ) ) ;
#1902 = VECTOR ( 'NONE', #1859, 1000.000000000000000 ) ;
#1903 = EDGE_LOOP ( 'NONE', ( #1217, #2000, #3410, #955 ) ) ;
#1904 = CARTESIAN_POINT ( 'NONE',  ( 1.231252997320559928, 0.5831999999999996076, -0.6775678900344092037 ) ) ;
#1905 = COLOUR_RGB ( '',0.8980392156862745390, 0.9215686274509803377, 0.9294117647058823817 ) ;
#1906 = PRESENTATION_STYLE_ASSIGNMENT (( #838 ) ) ;
#1907 = DIRECTION ( 'NONE',  ( -0.9435160472480159655, 0.000000000000000000, -0.3313268304642407736 ) ) ;
#1908 = FACE_BOUND ( 'NONE', #1995, .T. ) ;
#1909 = ORIENTED_EDGE ( 'NONE', *, *, #1940, .T. ) ;
#1910 = CARTESIAN_POINT ( 'NONE',  ( 1.413306451612903691, 0.5663999999999999035, 0.000000000000000000 ) ) ;
#1911 = CARTESIAN_POINT ( 'NONE',  ( 1.319053356059963766, 0.5832999999999995966, -0.6268215309153024606 ) ) ;
#1912 = VERTEX_POINT ( 'NONE', #226 ) ;
#1913 = ORIENTED_EDGE ( 'NONE', *, *, #2053, .T. ) ;
#1914 = CARTESIAN_POINT ( 'NONE',  ( 1.231252997320559484, 0.5832999999999997076, -0.4530571099655903988 ) ) ;
#1915 =( NAMED_UNIT ( * ) PLANE_ANGLE_UNIT ( ) SI_UNIT ( $, .RADIAN. ) );
#1916 = DIRECTION ( 'NONE',  ( 0.000000000000000000, 0.000000000000000000, 1.000000000000000000 ) ) ;
#1917 = PLANE ( 'NONE',  #880 ) ;
#1918 = DIRECTION ( 'NONE',  ( 0.000000000000000000, 0.000000000000000000, 1.000000000000000000 ) ) ;
#1919 = ORIENTED_EDGE ( 'NONE', *, *, #2337, .T. ) ;
#1920 =( LENGTH_UNIT ( ) NAMED_UNIT ( * ) SI_UNIT ( .MILLI., .METRE. ) );
#1921 = ADVANCED_FACE ( 'NONE', ( #3226 ), #764, .T. ) ;
#1922 = SURFACE_STYLE_FILL_AREA ( #1162 ) ;
#1923 = CARTESIAN_POINT ( 'NONE',  ( 0.8268277461106697812, 0.5832999999999995966, -0.5971477267166894753 ) ) ;
#1924 = ORIENTED_EDGE ( 'NONE', *, *, #1207, .T. ) ;
#1925 = DIRECTION ( 'NONE',  ( 0.000000000000000000, 0.000000000000000000, 1.000000000000000000 ) ) ;
#1926 = FACE_OUTER_BOUND ( 'NONE', #2561, .T. ) ;
#1927 = ORIENTED_EDGE ( 'NONE', *, *, #173, .T. ) ;
#1928 = ORIENTED_EDGE ( 'NONE', *, *, #3323, .T. ) ;
#1929 =( BOUNDED_CURVE ( )  B_SPLINE_CURVE ( 3, ( #2873, #2616, #199, #2074, #2339, #3432, #260 ),
 .UNSPECIFIED., .F., .T. ) 
 B_SPLINE_CURVE_WITH_KNOTS ( ( 4, 3, 4 ),
 ( 0.7500000000000008882, 1.000000000000000000, 1.249999999999999112 ),
 .UNSPECIFIED. ) 
 CURVE ( )  GEOMETRIC_REPRESENTATION_ITEM ( )  RATIONAL_B_SPLINE_CURVE ( ( 0.5000000000000000000, 0.5000000000000012212, 0.6666666666666678509, 1.000000000000000000, 0.6666666666666678509, 0.5000000000000012212, 0.5000000000000000000 ) ) 
 REPRESENTATION_ITEM ( '' )  );
#1930 = LINE ( 'NONE', #2481, #568 ) ;
#1931 =( LENGTH_UNIT ( ) NAMED_UNIT ( * ) SI_UNIT ( .MILLI., .METRE. ) );
#1932 = DIRECTION ( 'NONE',  ( -0.9208172363092325119, 0.000000000000000000, 0.3899943811336609722 ) ) ;
#1933 = FILL_AREA_STYLE_COLOUR ( '', #3495 ) ;
#1934 = CARTESIAN_POINT ( 'NONE',  ( 1.319053356059963766, 0.5831999999999996076, -0.7898232800688188560 ) ) ;
#1935 = LINE ( 'NONE', #2284, #327 ) ;
#1936 = EDGE_LOOP ( 'NONE', ( #2311, #847, #570, #2233 ) ) ;
#1937 = CARTESIAN_POINT ( 'NONE',  ( 2.045806451612903754, 0.000000000000000000, -1.350000000000000089 ) ) ;
#1938 = EDGE_CURVE ( 'NONE', #1668, #1999, #1089, .T. ) ;
#1939 =( LENGTH_UNIT ( ) NAMED_UNIT ( * ) SI_UNIT ( .MILLI., .METRE. ) );
#1940 = EDGE_CURVE ( 'NONE', #1381, #901, #908, .T. ) ;
#1941 = STYLED_ITEM ( 'NONE', ( #1303 ), #787 ) ;
#1942 = AXIS2_PLACEMENT_3D ( 'NONE', #1414, #1907, #309 ) ;
#1943 = LINE ( 'NONE', #254, #835 ) ;
#1944 = ORIENTED_EDGE ( 'NONE', *, *, #2319, .F. ) ;
#1945 = DIRECTION ( 'NONE',  ( 0.000000000000000000, 0.000000000000000000, 1.000000000000000000 ) ) ;
#1946 = DIRECTION ( 'NONE',  ( -1.000000000000000000, 0.000000000000000000, -1.956620146467696032E-15 ) ) ;
#1947 = AXIS2_PLACEMENT_3D ( 'NONE', #3404, #3455, #969 ) ;
#1948 = COLOUR_RGB ( '',0.8980392156862745390, 0.9215686274509803377, 0.9294117647058823817 ) ;
#1949 = EDGE_CURVE ( 'NONE', #752, #2332, #646, .T. ) ;
#1950 = ORIENTED_EDGE ( 'NONE', *, *, #701, .T. ) ;
#1951 = STYLED_ITEM ( 'NONE', ( #2736 ), #1561 ) ;
#1952 = EDGE_LOOP ( 'NONE', ( #1598, #617, #2416, #1092 ) ) ;
#1953 = PLANE ( 'NONE',  #2302 ) ;
#1954 = DIRECTION ( 'NONE',  ( 1.000000000000000000, 0.000000000000000000, 0.000000000000000000 ) ) ;
#1955 = VECTOR ( 'NONE', #3266, 1000.000000000000000 ) ;
#1956 = PRESENTATION_STYLE_ASSIGNMENT (( #1141 ) ) ;
#1957 = DIRECTION ( 'NONE',  ( 0.9208172363092325119, 0.000000000000000000, 0.3899943811336609722 ) ) ;
#1958 =( LENGTH_UNIT ( ) NAMED_UNIT ( * ) SI_UNIT ( .MILLI., .METRE. ) );
#1959 = DIRECTION ( 'NONE',  ( 0.000000000000000000, 0.000000000000000000, 1.000000000000000000 ) ) ;
#1960 = AXIS2_PLACEMENT_3D ( 'NONE', #2369, #2107, #2401 ) ;
#1961 = VERTEX_POINT ( 'NONE', #697 ) ;
#1962 = CARTESIAN_POINT ( 'NONE',  ( 0.7635987315707962741, 0.5832999999999995966, -0.7898232800688187449 ) ) ;
#1963 =( GEOMETRIC_REPRESENTATION_CONTEXT ( 3 ) GLOBAL_UNCERTAINTY_ASSIGNED_CONTEXT ( ( #2333 ) ) GLOBAL_UNIT_ASSIGNED_CONTEXT ( ( #366, #1424, #2269 ) ) REPRESENTATION_CONTEXT ( 'NONE', 'WORKASPACE' ) );
#1964 = FACE_OUTER_BOUND ( 'NONE', #90, .T. ) ;
#1965 = VECTOR ( 'NONE', #1472, 1000.000000000000000 ) ;
#1966 = DIRECTION ( 'NONE',  ( 0.000000000000000000, 1.000000000000000000, -0.000000000000000000 ) ) ;
#1967 = EDGE_LOOP ( 'NONE', ( #714, #3131, #664, #601 ) ) ;
#1968 = LINE ( 'NONE', #1111, #436 ) ;
#1969 = FILL_AREA_STYLE_COLOUR ( '', #1905 ) ;
#1970 = EDGE_CURVE ( 'NONE', #2049, #433, #89, .T. ) ;
#1971 = ORIENTED_EDGE ( 'NONE', *, *, #1140, .F. ) ;
#1972 = EDGE_LOOP ( 'NONE', ( #1471, #1822, #659, #487 ) ) ;
#1973 = DIRECTION ( 'NONE',  ( 1.000000000000000000, 0.000000000000000000, 0.000000000000000000 ) ) ;
#1974 = EDGE_CURVE ( 'NONE', #2657, #634, #2511, .T. ) ;
#1975 = EDGE_CURVE ( 'NONE', #1261, #2106, #2516, .T. ) ;
#1976 = CARTESIAN_POINT ( 'NONE',  ( -2.100641709190641345E-18, -0.01679999999999981508, -1.350000000000000089 ) ) ;
#1977 = DIRECTION ( 'NONE',  ( 0.000000000000000000, 0.000000000000000000, 1.000000000000000000 ) ) ;
#1978 = LINE ( 'NONE', #2644, #2485 ) ;
#1979 = CARTESIAN_POINT ( 'NONE',  ( 1.225650702456156482, 0.5832999999999995966, -0.7318403520106933069 ) ) ;
#1980 = ORIENTED_EDGE ( 'NONE', *, *, #538, .F. ) ;
#1981 = CARTESIAN_POINT ( 'NONE',  ( 0.9932113847323960076, 0.5832999999999995966, -0.6200843491652882067 ) ) ;
#1982 = ORIENTED_EDGE ( 'NONE', *, *, #490, .F. ) ;
#1983 = SURFACE_STYLE_USAGE ( .BOTH. , #911 ) ;
#1984 = EDGE_LOOP ( 'NONE', ( #2912, #2489, #2067, #3038 ) ) ;
#1985 = ORIENTED_EDGE ( 'NONE', *, *, #801, .F. ) ;
#1986 = DIRECTION ( 'NONE',  ( -7.890845505716919988E-16, 1.000000000000000000, 0.000000000000000000 ) ) ;
#1987 =( NAMED_UNIT ( * ) PLANE_ANGLE_UNIT ( ) SI_UNIT ( $, .RADIAN. ) );
#1988 = EDGE_CURVE ( 'NONE', #318, #39, #1493, .T. ) ;
#1989 =( NAMED_UNIT ( * ) PLANE_ANGLE_UNIT ( ) SI_UNIT ( $, .RADIAN. ) );
#1990 = CARTESIAN_POINT ( 'NONE',  ( 0.9932113847323960076, 0.5831999999999996076, -0.6200843491652882067 ) ) ;
#1991 = CARTESIAN_POINT ( 'NONE',  ( 1.144016018489260045, 0.5831999999999996076, -0.7023734713488288817 ) ) ;
#1992 = ORIENTED_EDGE ( 'NONE', *, *, #2520, .F. ) ;
#1993 = LINE ( 'NONE', #660, #2703 ) ;
#1994 =( LENGTH_UNIT ( ) NAMED_UNIT ( * ) SI_UNIT ( .MILLI., .METRE. ) );
#1995 = EDGE_LOOP ( 'NONE', ( #1430, #1230 ) ) ;
#1996 = LINE ( 'NONE', #3088, #1296 ) ;
#1997 = CARTESIAN_POINT ( 'NONE',  ( 0.6363210369230349883, 0.5831999999999996076, -0.7898232800688187449 ) ) ;
#1998 = VECTOR ( 'NONE', #2852, 1000.000000000000000 ) ;
#1999 = VERTEX_POINT ( 'NONE', #1697 ) ;
#2000 = ORIENTED_EDGE ( 'NONE', *, *, #3169, .T. ) ;
#2001 = CARTESIAN_POINT ( 'NONE',  ( 1.018472811076492235, 0.5832999999999995966, -0.6500442441528618831 ) ) ;
#2002 = PRESENTATION_LAYER_ASSIGNMENT (  '', '', ( #2105 ) ) ;
#2003 = AXIS2_PLACEMENT_3D ( 'NONE', #72, #34, #619 ) ;
#2004 = PRESENTATION_STYLE_ASSIGNMENT (( #1688 ) ) ;
#2005 = DIRECTION ( 'NONE',  ( 0.000000000000000000, 0.000000000000000000, 1.000000000000000000 ) ) ;
#2006 = PRESENTATION_LAYER_ASSIGNMENT (  '', '', ( #48 ) ) ;
#2007 = SURFACE_STYLE_FILL_AREA ( #96 ) ;
#2008 = STYLED_ITEM ( 'NONE', ( #2436 ), #1537 ) ;
#2009 = STYLED_ITEM ( 'NONE', ( #3347 ), #471 ) ;
#2010 = LINE ( 'NONE', #3103, #1612 ) ;
#2011 = CARTESIAN_POINT ( 'NONE',  ( 1.068101134280340592, 0.5832999999999995966, -0.7038014310072036039 ) ) ;
#2012 = EDGE_CURVE ( 'NONE', #912, #901, #3122, .T. ) ;
#2013 = STYLED_ITEM ( 'NONE', ( #1214 ), #2075 ) ;
#2014 = ORIENTED_EDGE ( 'NONE', *, *, #2321, .T. ) ;
#2015 = AXIS2_PLACEMENT_3D ( 'NONE', #1415, #1091, #70 ) ;
#2016 = DIRECTION ( 'NONE',  ( 0.000000000000000000, 0.000000000000000000, 1.000000000000000000 ) ) ;
#2017 = VERTEX_POINT ( 'NONE', #3324 ) ;
#2018 = COLOUR_RGB ( '',0.7921568627450980005, 0.8196078431372548767, 0.9333333333333333481 ) ;
#2019 = DIRECTION ( 'NONE',  ( 1.000000000000000000, 0.000000000000000000, 0.000000000000000000 ) ) ;
#2020 = VECTOR ( 'NONE', #319, 1000.000000000000000 ) ;
#2021 = ORIENTED_EDGE ( 'NONE', *, *, #2387, .T. ) ;
#2022 = DIRECTION ( 'NONE',  ( 6.453584360032816853E-15, -1.000000000000000000, 0.000000000000000000 ) ) ;
#2023 = MECHANICAL_DESIGN_GEOMETRIC_PRESENTATION_REPRESENTATION (  '', ( #902 ), #2710 ) ;
#2024 = DIRECTION ( 'NONE',  ( 1.000000000000000000, 0.000000000000000000, 0.000000000000000000 ) ) ;
#2025 = CARTESIAN_POINT ( 'NONE',  ( 1.144016018489260045, 0.5831999999999996076, -0.7318403520106933069 ) ) ;
#2026 = FILL_AREA_STYLE ('',( #185 ) ) ;
#2027 = CARTESIAN_POINT ( 'NONE',  ( 0.000000000000000000, 0.000000000000000000, -1.350000000000000089 ) ) ;
#2028 = VERTEX_POINT ( 'NONE', #1712 ) ;
#2029 = DIRECTION ( 'NONE',  ( 0.000000000000000000, 1.000000000000000000, 0.000000000000000000 ) ) ;
#2030 = VERTEX_POINT ( 'NONE', #127 ) ;
#2031 = LINE ( 'NONE', #1714, #990 ) ;
#2032 = DIRECTION ( 'NONE',  ( 0.000000000000000000, 0.000000000000000000, -1.000000000000000000 ) ) ;
#2033 = ORIENTED_EDGE ( 'NONE', *, *, #640, .F. ) ;
#2034 =( LENGTH_UNIT ( ) NAMED_UNIT ( * ) SI_UNIT ( .MILLI., .METRE. ) );
#2035 = DIRECTION ( 'NONE',  ( 1.000000000000000000, 0.000000000000000000, 0.000000000000000000 ) ) ;
#2036 = DIRECTION ( 'NONE',  ( 0.3284313343962577125, 0.000000000000000000, 0.9445278495559003007 ) ) ;
#2037 = EDGE_LOOP ( 'NONE', ( #1846, #3053, #1802, #3105 ) ) ;
#2038 = SURFACE_STYLE_USAGE ( .BOTH. , #1221 ) ;
#2039 = LINE ( 'NONE', #2619, #500 ) ;
#2040 = ORIENTED_EDGE ( 'NONE', *, *, #2216, .T. ) ;
#2041 = CARTESIAN_POINT ( 'NONE',  ( 0.8950870111682094343, 0.5831999999999996076, -0.5653125000000001066 ) ) ;
#2042 = UNCERTAINTY_MEASURE_WITH_UNIT (LENGTH_MEASURE( 1.000000000000000082E-05 ), #531, 'distance_accuracy_value', 'NONE');
#2043 =( BOUNDED_SURFACE ( )  B_SPLINE_SURFACE ( 3, 1, ( 
 ( #2943, #1599 ),
 ( #301, #793 ),
 ( #1382, #1079 ),
 ( #2761, #286 ) ),
 .UNSPECIFIED., .F., .F., .F. ) 
 B_SPLINE_SURFACE_WITH_KNOTS ( ( 4, 4 ),
 ( 2, 2 ),
 ( 0.000000000000000000, 0.2499999998419471237 ),
 ( 0.000000000000000000, 1.000000000000000000 ),
 .UNSPECIFIED. ) 
 GEOMETRIC_REPRESENTATION_ITEM ( )  RATIONAL_B_SPLINE_SURFACE ( (
 ( 1.000000000000000000, 1.000000000000000000),
 ( 0.6666666668774039461, 0.6666666668774039461),
 ( 0.5000000002107373165, 0.5000000002107373165),
 ( 0.5000000000000001110, 0.5000000000000001110) ) ) 
 REPRESENTATION_ITEM ( '' )  SURFACE ( )  );
#2044 = EDGE_CURVE ( 'NONE', #91, #2411, #3372, .T. ) ;
#2045 = VERTEX_POINT ( 'NONE', #357 ) ;
#2046 = DIRECTION ( 'NONE',  ( 1.000000000000000000, 0.000000000000000000, 0.000000000000000000 ) ) ;
#2047 = EDGE_CURVE ( 'NONE', #210, #530, #2785, .T. ) ;
#2048 = EDGE_CURVE ( 'NONE', #2730, #2512, #1061, .T. ) ;
#2049 = VERTEX_POINT ( 'NONE', #1229 ) ;
#2050 = CARTESIAN_POINT ( 'NONE',  ( 0.9438342455232522354, 0.5831999999999996076, -0.5653125000000001066 ) ) ;
#2051 = DIRECTION ( 'NONE',  ( -1.000000000000000000, 0.000000000000000000, 0.000000000000000000 ) ) ;
#2052 = DIRECTION ( 'NONE',  ( -1.000000000000000000, 0.000000000000000000, 0.000000000000000000 ) ) ;
#2053 = EDGE_CURVE ( 'NONE', #888, #2564, #893, .T. ) ;
#2054 = DIRECTION ( 'NONE',  ( 0.000000000000000000, 0.000000000000000000, 1.000000000000000000 ) ) ;
#2055 = CARTESIAN_POINT ( 'NONE',  ( 0.8554225042594593154, 0.5831999999999993856, -0.6873077294126306303 ) ) ;
#2056 = LINE ( 'NONE', #2876, #3263 ) ;
#2057 = VECTOR ( 'NONE', #2725, 1000.000000000000000 ) ;
#2058 = LINE ( 'NONE', #2608, #3090 ) ;
#2059 =( GEOMETRIC_REPRESENTATION_CONTEXT ( 3 ) GLOBAL_UNCERTAINTY_ASSIGNED_CONTEXT ( ( #1356 ) ) GLOBAL_UNIT_ASSIGNED_CONTEXT ( ( #2607, #706, #3403 ) ) REPRESENTATION_CONTEXT ( 'NONE', 'WORKASPACE' ) );
#2060 = ORIENTED_EDGE ( 'NONE', *, *, #658, .T. ) ;
#2061 = PLANE ( 'NONE',  #3203 ) ;
#2062 = AXIS2_PLACEMENT_3D ( 'NONE', #1117, #3243, #2972 ) ;
#2063 = PRESENTATION_LAYER_ASSIGNMENT (  '', '', ( #1457 ) ) ;
#2064 = DIRECTION ( 'NONE',  ( 1.000000000000000000, 0.000000000000000000, 0.000000000000000000 ) ) ;
#2065 = AXIS2_PLACEMENT_3D ( 'NONE', #396, #1233, #2312 ) ;
#2066 =( NAMED_UNIT ( * ) PLANE_ANGLE_UNIT ( ) SI_UNIT ( $, .RADIAN. ) );
#2067 = ORIENTED_EDGE ( 'NONE', *, *, #192, .T. ) ;
#2068 = DIRECTION ( 'NONE',  ( 1.000000000000000000, 0.000000000000000000, 0.000000000000000000 ) ) ;
#2069 = VECTOR ( 'NONE', #2188, 1000.000000000000000 ) ;
#2070 = ORIENTED_EDGE ( 'NONE', *, *, #2091, .T. ) ;
#2071 = CARTESIAN_POINT ( 'NONE',  ( 0.8840172624082487385, 0.5832999999999995966, -0.5971477267166894753 ) ) ;
#2072 = AXIS2_PLACEMENT_3D ( 'NONE', #773, #3434, #2617 ) ;
#2073 = ADVANCED_FACE ( 'NONE', ( #3048 ), #3394, .T. ) ;
#2074 = CARTESIAN_POINT ( 'NONE',  ( 1.319053356059963766, 0.5831999999999996076, -0.6268215309153024606 ) ) ;
#2075 = ADVANCED_FACE ( 'NONE', ( #374 ), #407, .T. ) ;
#2076 = LINE ( 'NONE', #3166, #402 ) ;
#2077 = SURFACE_STYLE_USAGE ( .BOTH. , #3435 ) ;
#2078 = CARTESIAN_POINT ( 'NONE',  ( 1.144016018489260045, 0.5831999999999996076, -0.7318403520106933069 ) ) ;
#2079 = ORIENTED_EDGE ( 'NONE', *, *, #1602, .T. ) ;
#2080 = DIRECTION ( 'NONE',  ( 1.000000000000000000, 0.000000000000000000, 0.000000000000000000 ) ) ;
#2081 = UNCERTAINTY_MEASURE_WITH_UNIT (LENGTH_MEASURE( 1.000000000000000082E-05 ), #1920, 'distance_accuracy_value', 'NONE');
#2082 = FILL_AREA_STYLE ('',( #1297 ) ) ;
#2083 = ORIENTED_EDGE ( 'NONE', *, *, #3141, .F. ) ;
#2084 = DIRECTION ( 'NONE',  ( 0.000000000000000000, 0.000000000000000000, -1.000000000000000000 ) ) ;
#2085 = ORIENTED_EDGE ( 'NONE', *, *, #3055, .F. ) ;
#2086 = CARTESIAN_POINT ( 'NONE',  ( 1.522903225806452099, 0.000000000000000000, 0.000000000000000000 ) ) ;
#2087 = EDGE_CURVE ( 'NONE', #3156, #405, #1037, .T. ) ;
#2088 = DIRECTION ( 'NONE',  ( -1.000000000000000000, 0.000000000000000000, 0.000000000000000000 ) ) ;
#2089 = CARTESIAN_POINT ( 'NONE',  ( 0.8950870111682094343, 0.5831999999999996076, -0.5653125000000001066 ) ) ;
#2090 = DIRECTION ( 'NONE',  ( -0.9565047867423031036, 0.000000000000000000, -0.2917166312349389057 ) ) ;
#2091 = EDGE_CURVE ( 'NONE', #422, #2161, #3158, .T. ) ;
#2092 = EDGE_LOOP ( 'NONE', ( #1858, #1494, #549, #336 ) ) ;
#2093 = CARTESIAN_POINT ( 'NONE',  ( 0.8840172624082487385, 0.5831999999999996076, -0.5971477267166894753 ) ) ;
#2094 = DIRECTION ( 'NONE',  ( -1.000000000000000000, 0.000000000000000000, 0.000000000000000000 ) ) ;
#2095 = SURFACE_SIDE_STYLE ('',( #3474 ) ) ;
#2096 = ORIENTED_EDGE ( 'NONE', *, *, #1248, .T. ) ;
#2097 = CARTESIAN_POINT ( 'NONE',  ( 0.000000000000000000, 0.000000000000000000, -1.350000000000000089 ) ) ;
#2098 = DIRECTION ( 'NONE',  ( 1.000000000000000000, 0.000000000000000000, 0.000000000000000000 ) ) ;
#2099 = ORIENTED_EDGE ( 'NONE', *, *, #1748, .T. ) ;
#2100 = DIRECTION ( 'NONE',  ( -0.2801505321826879280, -0.000000000000000000, -0.9599560819734185291 ) ) ;
#2101 =( NAMED_UNIT ( * ) PLANE_ANGLE_UNIT ( ) SI_UNIT ( $, .RADIAN. ) );
#2102 = DIRECTION ( 'NONE',  ( 0.000000000000000000, 0.000000000000000000, -1.000000000000000000 ) ) ;
#2103 = LINE ( 'NONE', #3178, #118 ) ;
#2104 = DIRECTION ( 'NONE',  ( 0.000000000000000000, 0.000000000000000000, -1.000000000000000000 ) ) ;
#2105 = STYLED_ITEM ( 'NONE', ( #2837 ), #765 ) ;
#2106 = VERTEX_POINT ( 'NONE', #1817 ) ;
#2107 = DIRECTION ( 'NONE',  ( 0.000000000000000000, 0.000000000000000000, 1.000000000000000000 ) ) ;
#2108 = UNCERTAINTY_MEASURE_WITH_UNIT (LENGTH_MEASURE( 1.000000000000000082E-05 ), #1499, 'distance_accuracy_value', 'NONE');
#2109 = DIRECTION ( 'NONE',  ( 0.000000000000000000, 0.000000000000000000, -1.000000000000000000 ) ) ;
#2110 = DIRECTION ( 'NONE',  ( 0.000000000000000000, 1.000000000000000000, 0.000000000000000000 ) ) ;
#2111 = VECTOR ( 'NONE', #540, 1000.000000000000000 ) ;
#2112 = CLOSED_SHELL ( 'NONE', ( #2430, #871, #2571, #147, #316, #1689, #1556, #1096, #1375, #2874, #1836 ) ) ;
#2113 = SURFACE_SIDE_STYLE ('',( #1036 ) ) ;
#2114 = ADVANCED_FACE ( 'NONE', ( #1276 ), #2354, .F. ) ;
#2115 = PRESENTATION_STYLE_ASSIGNMENT (( #2390 ) ) ;
#2116 = VERTEX_POINT ( 'NONE', #3409 ) ;
#2117 = ADVANCED_FACE ( 'NONE', ( #760 ), #3443, .T. ) ;
#2118 = DIRECTION ( 'NONE',  ( 0.3284313343962577125, 0.000000000000000000, -0.9445278495559003007 ) ) ;
#2119 = AXIS2_PLACEMENT_3D ( 'NONE', #3339, #2258, #922 ) ;
#2120 = COLOUR_RGB ( '',0.8509803921568627194, 0.8509803921568627194, 0.8509803921568627194 ) ;
#2121 = EDGE_CURVE ( 'NONE', #3225, #2161, #1779, .T. ) ;
#2122 = ORIENTED_EDGE ( 'NONE', *, *, #1797, .T. ) ;
#2123 = VECTOR ( 'NONE', #54, 1000.000000000000000 ) ;
#2124 = CARTESIAN_POINT ( 'NONE',  ( 2.072903225806452365, -3.148403361624908349E-19, 0.000000000000000000 ) ) ;
#2125 = VECTOR ( 'NONE', #3272, 1000.000000000000000 ) ;
#2126 = CARTESIAN_POINT ( 'NONE',  ( 1.225650702456156482, 0.5831999999999996076, -0.7898232800688187449 ) ) ;
#2127 = ORIENTED_EDGE ( 'NONE', *, *, #84, .T. ) ;
#2128 = CARTESIAN_POINT ( 'NONE',  ( 1.406853714799367605, 0.5831999999999996076, -0.6775678900344093147 ) ) ;
#2129 = MECHANICAL_DESIGN_GEOMETRIC_PRESENTATION_REPRESENTATION (  '', ( #678 ), #1679 ) ;
#2130 = PRESENTATION_STYLE_ASSIGNMENT (( #243 ) ) ;
#2131 = CARTESIAN_POINT ( 'NONE',  ( 0.000000000000000000, 0.000000000000000000, 0.000000000000000000 ) ) ;
#2132 = VECTOR ( 'NONE', #3465, 1000.000000000000000 ) ;
#2133 = PLANE ( 'NONE',  #271 ) ;
#2134 = LINE ( 'NONE', #1851, #3162 ) ;
#2135 = FACE_OUTER_BOUND ( 'NONE', #1023, .T. ) ;
#2136 = SURFACE_STYLE_USAGE ( .BOTH. , #2113 ) ;
#2137 = CARTESIAN_POINT ( 'NONE',  ( 1.358744532884617717, 0.5832999999999995966, -0.7113987961138137361 ) ) ;
#2138 = ORIENTED_EDGE ( 'NONE', *, *, #1065, .T. ) ;
#2139 = EDGE_CURVE ( 'NONE', #1044, #2803, #2308, .T. ) ;
#2140 = PLANE ( 'NONE',  #618 ) ;
#2141 = CARTESIAN_POINT ( 'NONE',  ( -1.253608761936364502E-16, 0.5495999999999998664, -1.350000000000000089 ) ) ;
#2142 = EDGE_CURVE ( 'NONE', #2411, #317, #1330, .T. ) ;
#2143 = LINE ( 'NONE', #2181, #3438 ) ;
#2144 = ORIENTED_EDGE ( 'NONE', *, *, #3253, .F. ) ;
#2145 = SURFACE_STYLE_FILL_AREA ( #522 ) ;
#2146 = LINE ( 'NONE', #2184, #1902 ) ;
#2147 = FILL_AREA_STYLE ('',( #2858 ) ) ;
#2148 =( NAMED_UNIT ( * ) PLANE_ANGLE_UNIT ( ) SI_UNIT ( $, .RADIAN. ) );
#2149 = ORIENTED_EDGE ( 'NONE', *, *, #2681, .T. ) ;
#2150 = LINE ( 'NONE', #1864, #1063 ) ;
#2151 = CARTESIAN_POINT ( 'NONE',  ( 1.275153176690261736, 0.5832999999999995966, -0.7898232800688189670 ) ) ;
#2152 = LINE ( 'NONE', #2458, #2111 ) ;
#2153 = PRESENTATION_STYLE_ASSIGNMENT (( #365 ) ) ;
#2154 = DIRECTION ( 'NONE',  ( 0.000000000000000000, 0.000000000000000000, 1.000000000000000000 ) ) ;
#2155 = LINE ( 'NONE', #852, #1663 ) ;
#2156 = LINE ( 'NONE', #3240, #997 ) ;
#2157 = ORIENTED_EDGE ( 'NONE', *, *, #3451, .F. ) ;
#2158 = DIRECTION ( 'NONE',  ( 0.000000000000000000, 0.000000000000000000, -1.000000000000000000 ) ) ;
#2159 = DIRECTION ( 'NONE',  ( 1.000000000000000000, 0.000000000000000000, -0.000000000000000000 ) ) ;
#2160 = CARTESIAN_POINT ( 'NONE',  ( 1.068101134280340592, 0.5831999999999996076, -0.7038014310072036039 ) ) ;
#2161 = VERTEX_POINT ( 'NONE', #6 ) ;
#2162 = DIRECTION ( 'NONE',  ( 1.161910764409192342E-17, 1.000000000000000000, 0.000000000000000000 ) ) ;
#2163 = CARTESIAN_POINT ( 'NONE',  ( 1.406853714799367605, 0.5831999999999996076, -0.6775678900344093147 ) ) ;
#2164 = SURFACE_STYLE_USAGE ( .BOTH. , #1094 ) ;
#2165 = LINE ( 'NONE', #2980, #3024 ) ;
#2166 = EDGE_CURVE ( 'NONE', #1135, #2625, #2156, .T. ) ;
#2167 = VERTEX_POINT ( 'NONE', #2931 ) ;
#2168 = DIRECTION ( 'NONE',  ( 0.3899943811336609722, 0.000000000000000000, 0.9208172363092325119 ) ) ;
#2169 =( LENGTH_UNIT ( ) NAMED_UNIT ( * ) SI_UNIT ( .MILLI., .METRE. ) );
#2170 = EDGE_CURVE ( 'NONE', #1038, #574, #529, .T. ) ;
#2171 = PLANE ( 'NONE',  #2583 ) ;
#2172 = CARTESIAN_POINT ( 'NONE',  ( 1.406853714799368049, 0.5831999999999996076, -0.9020786701032282862 ) ) ;
#2173 = SURFACE_SIDE_STYLE ('',( #1370 ) ) ;
#2174 =( LENGTH_UNIT ( ) NAMED_UNIT ( * ) SI_UNIT ( .MILLI., .METRE. ) );
#2175 = ORIENTED_EDGE ( 'NONE', *, *, #2480, .T. ) ;
#2176 = LINE ( 'NONE', #1962, #3386 ) ;
#2177 =( GEOMETRIC_REPRESENTATION_CONTEXT ( 3 ) GLOBAL_UNCERTAINTY_ASSIGNED_CONTEXT ( ( #2890 ) ) GLOBAL_UNIT_ASSIGNED_CONTEXT ( ( #240, #3247, #2361 ) ) REPRESENTATION_CONTEXT ( 'NONE', 'WORKASPACE' ) );
#2178 =( GEOMETRIC_REPRESENTATION_CONTEXT ( 3 ) GLOBAL_UNCERTAINTY_ASSIGNED_CONTEXT ( ( #434 ) ) GLOBAL_UNIT_ASSIGNED_CONTEXT ( ( #3059, #1989, #338 ) ) REPRESENTATION_CONTEXT ( 'NONE', 'WORKASPACE' ) );
#2179 = VECTOR ( 'NONE', #2885, 1000.000000000000000 ) ;
#2180 = FACE_OUTER_BOUND ( 'NONE', #586, .T. ) ;
#2181 = CARTESIAN_POINT ( 'NONE',  ( 2.072903225806452365, -3.148403361624908349E-19, -1.350000000000000089 ) ) ;
#2182 = EDGE_LOOP ( 'NONE', ( #2307, #194, #2272, #1928 ) ) ;
#2183 = PLANE ( 'NONE',  #2003 ) ;
#2184 = CARTESIAN_POINT ( 'NONE',  ( 1.144016018489260045, 0.5832999999999995966, -0.7318403520106933069 ) ) ;
#2185 = COLOUR_RGB ( '',0.7921568627450980005, 0.8196078431372548767, 0.9333333333333333481 ) ;
#2186 = SURFACE_STYLE_USAGE ( .BOTH. , #1093 ) ;
#2187 = STYLED_ITEM ( 'NONE', ( #2004 ), #455 ) ;
#2188 = DIRECTION ( 'NONE',  ( -1.000000000000000000, 1.250381969756347990E-16, 0.000000000000000000 ) ) ;
#2189 = CARTESIAN_POINT ( 'NONE',  ( 0.7635987315707962741, 0.5831999999999996076, -0.7898232800688187449 ) ) ;
#2190 = VECTOR ( 'NONE', #155, 1000.000000000000000 ) ;
#2191 = ORIENTED_EDGE ( 'NONE', *, *, #3250, .F. ) ;
#2192 = ORIENTED_EDGE ( 'NONE', *, *, #2166, .F. ) ;
#2193 = CARTESIAN_POINT ( 'NONE',  ( 0.6324999999999999512, 0.5495999999999998664, -1.350000000000000089 ) ) ;
#2194 = CARTESIAN_POINT ( 'NONE',  ( 1.231252997320559706, 0.5831999999999996076, -0.6775678900344093147 ) ) ;
#2195 = EDGE_CURVE ( 'NONE', #1345, #1495, #2701, .T. ) ;
#2196 =( GEOMETRIC_REPRESENTATION_CONTEXT ( 3 ) GLOBAL_UNCERTAINTY_ASSIGNED_CONTEXT ( ( #474 ) ) GLOBAL_UNIT_ASSIGNED_CONTEXT ( ( #1994, #2066, #3136 ) ) REPRESENTATION_CONTEXT ( 'NONE', 'WORKASPACE' ) );
#2197 = CARTESIAN_POINT ( 'NONE',  ( 0.7539564727974104041, 0.5832999999999995966, -0.5653125000000001066 ) ) ;
#2198 = EDGE_CURVE ( 'NONE', #2259, #2714, #484, .T. ) ;
#2199 =( GEOMETRIC_REPRESENTATION_CONTEXT ( 3 ) GLOBAL_UNCERTAINTY_ASSIGNED_CONTEXT ( ( #1588 ) ) GLOBAL_UNIT_ASSIGNED_CONTEXT ( ( #2957, #3152, #1428 ) ) REPRESENTATION_CONTEXT ( 'NONE', 'WORKASPACE' ) );
#2200 = FILL_AREA_STYLE ('',( #64 ) ) ;
#2201 = SURFACE_STYLE_USAGE ( .BOTH. , #1606 ) ;
#2202 = VECTOR ( 'NONE', #2735, 1000.000000000000000 ) ;
#2203 = DIRECTION ( 'NONE',  ( 1.000000000000000000, 1.250381969756348237E-16, 0.000000000000000000 ) ) ;
#2204 = VERTEX_POINT ( 'NONE', #2494 ) ;
#2205 = CARTESIAN_POINT ( 'NONE',  ( 0.9691334793078920651, 0.5832999999999998186, -0.6778800650870643318 ) ) ;
#2206 = VECTOR ( 'NONE', #2605, 1000.000000000000000 ) ;
#2207 = ORIENTED_EDGE ( 'NONE', *, *, #209, .T. ) ;
#2208 = FACE_OUTER_BOUND ( 'NONE', #861, .T. ) ;
#2209 = VERTEX_POINT ( 'NONE', #2975 ) ;
#2210 = CARTESIAN_POINT ( 'NONE',  ( 1.319053356059963766, 0.5831999999999996076, -0.6775678900344093147 ) ) ;
#2211 = EDGE_LOOP ( 'NONE', ( #1104, #2445, #976, #2783 ) ) ;
#2212 = ORIENTED_EDGE ( 'NONE', *, *, #2299, .F. ) ;
#2213 = DIRECTION ( 'NONE',  ( 0.000000000000000000, 1.000000000000000000, 0.000000000000000000 ) ) ;
#2214 = FACE_OUTER_BOUND ( 'NONE', #2769, .T. ) ;
#2215 = DIRECTION ( 'NONE',  ( -3.428307264776299151E-16, 1.000000000000000000, 0.000000000000000000 ) ) ;
#2216 = EDGE_CURVE ( 'NONE', #2507, #59, #3304, .T. ) ;
#2217 = SURFACE_STYLE_FILL_AREA ( #2728 ) ;
#2218 = EDGE_CURVE ( 'NONE', #1345, #2204, #3289, .T. ) ;
#2219 = LINE ( 'NONE', #3063, #2850 ) ;
#2220 = PRODUCT_DEFINITION ( 'UNKNOWN', '', #1740, #744 ) ;
#2221 = EDGE_CURVE ( 'NONE', #2106, #2628, #1551, .T. ) ;
#2222 = EDGE_LOOP ( 'NONE', ( #2348, #2883, #2776, #788, #516, #1485, #2149, #2060 ) ) ;
#2223 = CARTESIAN_POINT ( 'NONE',  ( 0.8157579973507091964, 0.5831999999999996076, -0.5653125000000001066 ) ) ;
#2224 = EDGE_LOOP ( 'NONE', ( #1769, #2478, #2614, #2888 ) ) ;
#2225 = FACE_OUTER_BOUND ( 'NONE', #3126, .T. ) ;
#2226 = LINE ( 'NONE', #411, #558 ) ;
#2227 = ORIENTED_EDGE ( 'NONE', *, *, #2681, .F. ) ;
#2228 = ORIENTED_EDGE ( 'NONE', *, *, #103, .F. ) ;
#2229 = FACE_OUTER_BOUND ( 'NONE', #3095, .T. ) ;
#2230 = CARTESIAN_POINT ( 'NONE',  ( 1.231252997320559928, 0.5831999999999996076, -0.6775678900344092037 ) ) ;
#2231 = FACE_OUTER_BOUND ( 'NONE', #1188, .T. ) ;
#2232 = DIRECTION ( 'NONE',  ( -1.000000000000000000, 0.000000000000000000, 0.000000000000000000 ) ) ;
#2233 = ORIENTED_EDGE ( 'NONE', *, *, #2941, .T. ) ;
#2234 = CARTESIAN_POINT ( 'NONE',  ( 2.045806451612903309, 0.5495999999999998664, -1.350000000000000089 ) ) ;
#2235 = ADVANCED_FACE ( 'NONE', ( #13 ), #295, .T. ) ;
#2236 = VECTOR ( 'NONE', #2582, 1000.000000000000000 ) ;
#2237 = VECTOR ( 'NONE', #2745, 999.9999999999997726 ) ;
#2238 = CARTESIAN_POINT ( 'NONE',  ( 1.009658800398740341, 0.5832999999999995966, -0.5653125000000001066 ) ) ;
#2239 = ORIENTED_EDGE ( 'NONE', *, *, #1406, .T. ) ;
#2240 = VECTOR ( 'NONE', #1017, 1000.000000000000000 ) ;
#2241 = MECHANICAL_DESIGN_GEOMETRIC_PRESENTATION_REPRESENTATION (  '', ( #502 ), #825 ) ;
#2242 = ORIENTED_EDGE ( 'NONE', *, *, #1861, .F. ) ;
#2243 = PRESENTATION_LAYER_ASSIGNMENT (  '', '', ( #1559 ) ) ;
#2244 = VERTEX_POINT ( 'NONE', #2223 ) ;
#2245 = FILL_AREA_STYLE_COLOUR ( '', #2409 ) ;
#2246 = AXIS2_PLACEMENT_3D ( 'NONE', #3412, #2046, #2032 ) ;
#2247 = LINE ( 'NONE', #1690, #1662 ) ;
#2248 = VECTOR ( 'NONE', #2749, 1000.000000000000000 ) ;
#2249 = SURFACE_STYLE_FILL_AREA ( #3283 ) ;
#2250 = DIRECTION ( 'NONE',  ( 0.3899943811336609722, 0.000000000000000000, -0.9208172363092325119 ) ) ;
#2251 =( NAMED_UNIT ( * ) PLANE_ANGLE_UNIT ( ) SI_UNIT ( $, .RADIAN. ) );
#2252 =( GEOMETRIC_REPRESENTATION_CONTEXT ( 3 ) GLOBAL_UNCERTAINTY_ASSIGNED_CONTEXT ( ( #1527 ) ) GLOBAL_UNIT_ASSIGNED_CONTEXT ( ( #2344, #469, #2677 ) ) REPRESENTATION_CONTEXT ( 'NONE', 'WORKASPACE' ) );
#2253 = EDGE_LOOP ( 'NONE', ( #3217, #2970, #1738, #862 ) ) ;
#2254 = LINE ( 'NONE', #3009, #3271 ) ;
#2255 = DIRECTION ( 'NONE',  ( 1.000000000000000000, 0.000000000000000000, 0.000000000000000000 ) ) ;
#2256 = VECTOR ( 'NONE', #979, 1000.000000000000000 ) ;
#2257 = EDGE_CURVE ( 'NONE', #1032, #2906, #1376, .T. ) ;
#2258 = DIRECTION ( 'NONE',  ( 1.000000000000000000, 0.000000000000000000, 0.000000000000000000 ) ) ;
#2259 = VERTEX_POINT ( 'NONE', #1134 ) ;
#2260 = DIRECTION ( 'NONE',  ( 2.280947528996296938E-16, -1.000000000000000000, 0.000000000000000000 ) ) ;
#2261 = EDGE_CURVE ( 'NONE', #405, #1411, #1943, .T. ) ;
#2262 = ORIENTED_EDGE ( 'NONE', *, *, #1035, .T. ) ;
#2263 = ORIENTED_EDGE ( 'NONE', *, *, #960, .F. ) ;
#2264 =( NAMED_UNIT ( * ) SI_UNIT ( $, .STERADIAN. ) SOLID_ANGLE_UNIT ( ) );
#2265 = LINE ( 'NONE', #2295, #2206 ) ;
#2266 = CARTESIAN_POINT ( 'NONE',  ( 2.045806451612903754, 0.000000000000000000, 0.000000000000000000 ) ) ;
#2267 =( BOUNDED_CURVE ( )  B_SPLINE_CURVE ( 3, ( #1904, #1443, #3338, #1884, #2971, #2993, #581 ),
 .UNSPECIFIED., .F., .T. ) 
 B_SPLINE_CURVE_WITH_KNOTS ( ( 4, 3, 4 ),
 ( 0.7500000000000004441, 1.000000000000000000, 1.249999999999999334 ),
 .UNSPECIFIED. ) 
 CURVE ( )  GEOMETRIC_REPRESENTATION_ITEM ( )  RATIONAL_B_SPLINE_CURVE ( ( 0.5000000000000000000, 0.5000000000000006661, 0.6666666666666672958, 1.000000000000000000, 0.6666666666666676289, 0.5000000000000008882, 0.5000000000000000000 ) ) 
 REPRESENTATION_ITEM ( '' )  );
#2268 = SURFACE_STYLE_FILL_AREA ( #1691 ) ;
#2269 =( NAMED_UNIT ( * ) SI_UNIT ( $, .STERADIAN. ) SOLID_ANGLE_UNIT ( ) );
#2270 = DIRECTION ( 'NONE',  ( 0.3284313343962577125, 0.000000000000000000, 0.9445278495559003007 ) ) ;
#2271 = LINE ( 'NONE', #1709, #2847 ) ;
#2272 = ORIENTED_EDGE ( 'NONE', *, *, #3127, .T. ) ;
#2273 = UNCERTAINTY_MEASURE_WITH_UNIT (LENGTH_MEASURE( 1.000000000000000082E-05 ), #2169, 'distance_accuracy_value', 'NONE');
#2274 = CARTESIAN_POINT ( 'NONE',  ( 0.6324999999999999512, 0.000000000000000000, 0.000000000000000000 ) ) ;
#2275 = ORIENTED_EDGE ( 'NONE', *, *, #2917, .T. ) ;
#2276 = PLANE ( 'NONE',  #3371 ) ;
#2277 = FILL_AREA_STYLE_COLOUR ( '', #886 ) ;
#2278 = FILL_AREA_STYLE_COLOUR ( '', #267 ) ;
#2279 = VERTEX_POINT ( 'NONE', #841 ) ;
#2280 = EDGE_LOOP ( 'NONE', ( #2974, #177, #1542, #1591, #3229, #1288, #3292, #2122 ) ) ;
#2281 = CARTESIAN_POINT ( 'NONE',  ( 1.413306451612903691, 0.5663999999999999035, -1.350000000000000089 ) ) ;
#2282 =( NAMED_UNIT ( * ) SI_UNIT ( $, .STERADIAN. ) SOLID_ANGLE_UNIT ( ) );
#2283 = ADVANCED_FACE ( 'NONE', ( #1908, #2208 ), #1147, .T. ) ;
#2284 = CARTESIAN_POINT ( 'NONE',  ( -1.941793234769294427E-16, 0.5663999999999996815, 0.000000000000000000 ) ) ;
#2285 = DIRECTION ( 'NONE',  ( 0.000000000000000000, 0.000000000000000000, 1.000000000000000000 ) ) ;
#2286 = ORIENTED_EDGE ( 'NONE', *, *, #740, .F. ) ;
#2287 = CARTESIAN_POINT ( 'NONE',  ( 0.9657586210290384221, 0.5832999999999995966, -0.5653124999999998845 ) ) ;
#2288 = VERTEX_POINT ( 'NONE', #1360 ) ;
#2289 = CARTESIAN_POINT ( 'NONE',  ( 1.144016018489260045, 0.5831999999999996076, -0.7318403520106933069 ) ) ;
#2290 = LINE ( 'NONE', #1736, #1407 ) ;
#2291 = PRESENTATION_LAYER_ASSIGNMENT (  '', '', ( #320 ) ) ;
#2292 = VERTEX_POINT ( 'NONE', #548 ) ;
#2293 = VECTOR ( 'NONE', #525, 1000.000000000000000 ) ;
#2294 = VECTOR ( 'NONE', #2352, 1000.000000000000000 ) ;
#2295 = CARTESIAN_POINT ( 'NONE',  ( 0.000000000000000000, 0.5495999999999998664, 0.000000000000000000 ) ) ;
#2296 = FILL_AREA_STYLE ('',( #3117 ) ) ;
#2297 =( GEOMETRIC_REPRESENTATION_CONTEXT ( 3 ) GLOBAL_UNCERTAINTY_ASSIGNED_CONTEXT ( ( #2656 ) ) GLOBAL_UNIT_ASSIGNED_CONTEXT ( ( #2923, #2148, #536 ) ) REPRESENTATION_CONTEXT ( 'NONE', 'WORKASPACE' ) );
#2298 = VECTOR ( 'NONE', #382, 1000.000000000000000 ) ;
#2299 = EDGE_CURVE ( 'NONE', #2720, #124, #600, .T. ) ;
#2300 = LINE ( 'NONE', #3387, #3144 ) ;
#2301 = MECHANICAL_DESIGN_GEOMETRIC_PRESENTATION_REPRESENTATION (  '', ( #2642 ), #3153 ) ;
#2302 = AXIS2_PLACEMENT_3D ( 'NONE', #864, #1973, #1191 ) ;
#2303 = CARTESIAN_POINT ( 'NONE',  ( 0.6324999999999999512, 0.5663999999999999035, -1.350000000000000089 ) ) ;
#2304 = EDGE_CURVE ( 'NONE', #459, #2759, #1680, .T. ) ;
#2305 = SURFACE_SIDE_STYLE ('',( #3078 ) ) ;
#2306 = VECTOR ( 'NONE', #2019, 1000.000000000000000 ) ;
#2307 = ORIENTED_EDGE ( 'NONE', *, *, #1035, .F. ) ;
#2308 =( BOUNDED_CURVE ( )  B_SPLINE_CURVE ( 3, ( #2427, #1607, #781, #272 ),
 .UNSPECIFIED., .F., .T. ) 
 B_SPLINE_CURVE_WITH_KNOTS ( ( 4, 4 ),
 ( 0.5357290076124427980, 1.000000000000000000 ),
 .UNSPECIFIED. ) 
 CURVE ( )  GEOMETRIC_REPRESENTATION_ITEM ( )  RATIONAL_B_SPLINE_CURVE ( ( 0.9558867503804115984, 0.7795185758902163364, 0.7942229924300791000, 1.000000000000000000 ) ) 
 REPRESENTATION_ITEM ( '' )  );
#2309 = VECTOR ( 'NONE', #388, 1000.000000000000000 ) ;
#2310 = SURFACE_SIDE_STYLE ('',( #2802 ) ) ;
#2311 = ORIENTED_EDGE ( 'NONE', *, *, #784, .F. ) ;
#2312 = DIRECTION ( 'NONE',  ( 0.000000000000000000, 0.000000000000000000, 1.000000000000000000 ) ) ;
#2313 = VECTOR ( 'NONE', #971, 1000.000000000000000 ) ;
#2314 = ORIENTED_EDGE ( 'NONE', *, *, #87, .F. ) ;
#2315 = FACE_OUTER_BOUND ( 'NONE', #1372, .T. ) ;
#2316 = CARTESIAN_POINT ( 'NONE',  ( 0.5229032258064515437, 0.5663999999999997925, -1.350000000000000089 ) ) ;
#2317 = FILL_AREA_STYLE_COLOUR ( '', #1835 ) ;
#2318 = FACE_OUTER_BOUND ( 'NONE', #545, .T. ) ;
#2319 = EDGE_CURVE ( 'NONE', #387, #2116, #2143, .T. ) ;
#2320 = ORIENTED_EDGE ( 'NONE', *, *, #3492, .F. ) ;
#2321 = EDGE_CURVE ( 'NONE', #2209, #1038, #585, .T. ) ;
#2322 = ADVANCED_FACE ( 'NONE', ( #2432 ), #1659, .T. ) ;
#2323 = ORIENTED_EDGE ( 'NONE', *, *, #2913, .T. ) ;
#2324 = PLANE ( 'NONE',  #2752 ) ;
#2325 = CARTESIAN_POINT ( 'NONE',  ( 1.413306451612903691, 0.5495999999999998664, -1.350000000000000089 ) ) ;
#2326 = EDGE_LOOP ( 'NONE', ( #2368, #2014, #749, #2798, #397, #3265, #2455, #1655 ) ) ;
#2327 = DIRECTION ( 'NONE',  ( 0.000000000000000000, 0.000000000000000000, 1.000000000000000000 ) ) ;
#2328 = DIRECTION ( 'NONE',  ( 2.280947528996296938E-16, -1.000000000000000000, 0.000000000000000000 ) ) ;
#2329 = CARTESIAN_POINT ( 'NONE',  ( 0.8164699832208903718, 0.5832999999999995966, -0.7898232800688187449 ) ) ;
#2330 = DIRECTION ( 'NONE',  ( 0.000000000000000000, 1.000000000000000000, 0.000000000000000000 ) ) ;
#2331 = DIRECTION ( 'NONE',  ( 0.000000000000000000, 1.000000000000000000, 0.000000000000000000 ) ) ;
#2332 = VERTEX_POINT ( 'NONE', #1614 ) ;
#2333 = UNCERTAINTY_MEASURE_WITH_UNIT (LENGTH_MEASURE( 1.000000000000000082E-05 ), #366, 'distance_accuracy_value', 'NONE');
#2334 = ORIENTED_EDGE ( 'NONE', *, *, #2221, .T. ) ;
#2335 = EDGE_CURVE ( 'NONE', #1961, #1252, #3245, .T. ) ;
#2336 = ORIENTED_EDGE ( 'NONE', *, *, #2590, .F. ) ;
#2337 = EDGE_CURVE ( 'NONE', #2936, #1183, #2254, .T. ) ;
#2338 = LINE ( 'NONE', #213, #2351 ) ;
#2339 = CARTESIAN_POINT ( 'NONE',  ( 1.338898944472290520, 0.5831999999999996076, -0.6268215309153025716 ) ) ;
#2340 = VECTOR ( 'NONE', #2100, 1000.000000000000114 ) ;
#2341 = CLOSED_SHELL ( 'NONE', ( #954, #409, #244, #1731, #2731, #455, #38, #850, #3431, #2586 ) ) ;
#2342 = SURFACE_STYLE_FILL_AREA ( #1810 ) ;
#2343 = SURFACE_STYLE_FILL_AREA ( #201 ) ;
#2344 =( LENGTH_UNIT ( ) NAMED_UNIT ( * ) SI_UNIT ( .MILLI., .METRE. ) );
#2345 = AXIS2_PLACEMENT_3D ( 'NONE', #906, #919, #2795 ) ;
#2346 = PLANE ( 'NONE',  #3192 ) ;
#2347 = PRESENTATION_LAYER_ASSIGNMENT (  '', '', ( #1782 ) ) ;
#2348 = ORIENTED_EDGE ( 'NONE', *, *, #2142, .T. ) ;
#2349 = DIRECTION ( 'NONE',  ( -0.9236786054512564625, 0.000000000000000000, -0.3831681534674067358 ) ) ;
#2350 = AXIS2_PLACEMENT_3D ( 'NONE', #3396, #109, #2260 ) ;
#2351 = VECTOR ( 'NONE', #3145, 1000.000000000000000 ) ;
#2352 = DIRECTION ( 'NONE',  ( 1.000000000000000000, 0.000000000000000000, 0.000000000000000000 ) ) ;
#2353 = VECTOR ( 'NONE', #748, 1000.000000000000000 ) ;
#2354 = PLANE ( 'NONE',  #562 ) ;
#2355 = VERTEX_POINT ( 'NONE', #2784 ) ;
#2356 = CARTESIAN_POINT ( 'NONE',  ( 1.003600847529826146, 0.5831999999999996076, -0.6500442441528618831 ) ) ;
#2357 = AXIS2_PLACEMENT_3D ( 'NONE', #1837, #1764, #193 ) ;
#2358 =( NAMED_UNIT ( * ) SI_UNIT ( $, .STERADIAN. ) SOLID_ANGLE_UNIT ( ) );
#2359 = EDGE_CURVE ( 'NONE', #3241, #1411, #2770, .T. ) ;
#2360 = VERTEX_POINT ( 'NONE', #613 ) ;
#2361 =( NAMED_UNIT ( * ) SI_UNIT ( $, .STERADIAN. ) SOLID_ANGLE_UNIT ( ) );
#2362 = SURFACE_STYLE_FILL_AREA ( #1284 ) ;
#2363 = EDGE_CURVE ( 'NONE', #1894, #1775, #1431, .T. ) ;
#2364 = AXIS2_PLACEMENT_3D ( 'NONE', #1617, #860, #1363 ) ;
#2365 = LINE ( 'NONE', #1809, #212 ) ;
#2366 = DIRECTION ( 'NONE',  ( 3.428307264776299151E-16, 1.000000000000000000, 0.000000000000000000 ) ) ;
#2367 = DIRECTION ( 'NONE',  ( -0.2917166312349389057, 0.000000000000000000, 0.9565047867423031036 ) ) ;
#2368 = ORIENTED_EDGE ( 'NONE', *, *, #538, .T. ) ;
#2369 = CARTESIAN_POINT ( 'NONE',  ( 2.045806451612903754, 0.000000000000000000, 0.000000000000000000 ) ) ;
#2370 = UNCERTAINTY_MEASURE_WITH_UNIT (LENGTH_MEASURE( 1.000000000000000082E-05 ), #1958, 'distance_accuracy_value', 'NONE');
#2371 = LINE ( 'NONE', #1575, #1794 ) ;
#2372 = DIRECTION ( 'NONE',  ( 0.000000000000000000, -0.000000000000000000, -1.000000000000000000 ) ) ;
#2373 = EDGE_LOOP ( 'NONE', ( #456, #2834, #927, #1213 ) ) ;
#2374 = APPLICATION_CONTEXT ( 'automotive_design' ) ;
#2375 = CARTESIAN_POINT ( 'NONE',  ( 1.144016018489260045, 0.5831999999999996076, -0.6525078073068826257 ) ) ;
#2376 = LINE ( 'NONE', #2097, #108 ) ;
#2377 = PLANE ( 'NONE',  #1459 ) ;
#2378 = ORIENTED_EDGE ( 'NONE', *, *, #1209, .F. ) ;
#2379 = CARTESIAN_POINT ( 'NONE',  ( 1.068101134280340592, 0.5831999999999996076, -0.7297540753773578137 ) ) ;
#2380 = DIRECTION ( 'NONE',  ( -1.000000000000000000, 0.000000000000000000, 0.000000000000000000 ) ) ;
#2381 = LINE ( 'NONE', #1053, #2132 ) ;
#2382 = SURFACE_STYLE_USAGE ( .BOTH. , #1307 ) ;
#2383 = EDGE_CURVE ( 'NONE', #2612, #75, #564, .T. ) ;
#2384 = ADVANCED_FACE ( 'NONE', ( #2715 ), #463, .F. ) ;
#2385 = ORIENTED_EDGE ( 'NONE', *, *, #2551, .F. ) ;
#2386 =( NAMED_UNIT ( * ) PLANE_ANGLE_UNIT ( ) SI_UNIT ( $, .RADIAN. ) );
#2387 = EDGE_CURVE ( 'NONE', #3314, #3065, #1643, .T. ) ;
#2388 = LINE ( 'NONE', #3357, #2751 ) ;
#2389 = CARTESIAN_POINT ( 'NONE',  ( 0.8164699832208903718, 0.5832999999999995966, -0.7898232800688187449 ) ) ;
#2390 = SURFACE_STYLE_USAGE ( .BOTH. , #2095 ) ;
#2391 = ORIENTED_EDGE ( 'NONE', *, *, #2506, .T. ) ;
#2392 = DIRECTION ( 'NONE',  ( 0.000000000000000000, 0.000000000000000000, -1.000000000000000000 ) ) ;
#2393 = ORIENTED_EDGE ( 'NONE', *, *, #2195, .F. ) ;
#2394 = DIRECTION ( 'NONE',  ( -1.000000000000000000, 0.000000000000000000, 0.000000000000000000 ) ) ;
#2395 = SURFACE_STYLE_FILL_AREA ( #2662 ) ;
#2396 = FILL_AREA_STYLE_COLOUR ( '', #2120 ) ;
#2397 = SURFACE_SIDE_STYLE ('',( #1845 ) ) ;
#2398 = FILL_AREA_STYLE_COLOUR ( '', #3445 ) ;
#2399 = AXIS2_PLACEMENT_3D ( 'NONE', #2727, #1625, #1408 ) ;
#2400 = EDGE_CURVE ( 'NONE', #180, #3331, #373, .T. ) ;
#2401 = DIRECTION ( 'NONE',  ( -1.000000000000000000, 0.000000000000000000, 0.000000000000000000 ) ) ;
#2402 = UNCERTAINTY_MEASURE_WITH_UNIT (LENGTH_MEASURE( 1.000000000000000082E-05 ), #2174, 'distance_accuracy_value', 'NONE');
#2403 = CARTESIAN_POINT ( 'NONE',  ( 0.5229032258064516547, 0.000000000000000000, -1.350000000000000089 ) ) ;
#2404 = CARTESIAN_POINT ( 'NONE',  ( 0.9691334793078920651, 0.5831999999999996076, -0.6778800650870643318 ) ) ;
#2405 = VECTOR ( 'NONE', #953, 1000.000000000000000 ) ;
#2406 = PRESENTATION_LAYER_ASSIGNMENT (  '', '', ( #502 ) ) ;
#2407 = EDGE_CURVE ( 'NONE', #39, #717, #67, .T. ) ;
#2408 = MECHANICAL_DESIGN_GEOMETRIC_PRESENTATION_REPRESENTATION (  '', ( #1456 ), #3379 ) ;
#2409 = COLOUR_RGB ( '',0.1019607843137254888, 0.1019607843137254888, 0.1019607843137254888 ) ;
#2410 = CARTESIAN_POINT ( 'NONE',  ( 1.279362179235310260, 0.5832999999999997076, -0.6775678900344092037 ) ) ;
#2411 = VERTEX_POINT ( 'NONE', #837 ) ;
#2412 = CARTESIAN_POINT ( 'NONE',  ( 2.045806451612903754, 0.5663999999999996815, -1.350000000000000089 ) ) ;
#2413 = DIRECTION ( 'NONE',  ( 0.000000000000000000, 0.000000000000000000, 1.000000000000000000 ) ) ;
#2414 = VECTOR ( 'NONE', #897, 1000.000000000000000 ) ;
#2415 = DIRECTION ( 'NONE',  ( -7.890845505716919988E-16, 1.000000000000000000, 0.000000000000000000 ) ) ;
#2416 = ORIENTED_EDGE ( 'NONE', *, *, #2363, .T. ) ;
#2417 = STYLED_ITEM ( 'NONE', ( #2892 ), #2114 ) ;
#2418 = CARTESIAN_POINT ( 'NONE',  ( -1.253608761936364502E-16, 0.5495999999999998664, -1.350000000000000089 ) ) ;
#2419 = CARTESIAN_POINT ( 'NONE',  ( 0.000000000000000000, 0.000000000000000000, -1.350000000000000089 ) ) ;
#2420 = FILL_AREA_STYLE ('',( #3251 ) ) ;
#2421 = VERTEX_POINT ( 'NONE', #1695 ) ;
#2422 = CARTESIAN_POINT ( 'NONE',  ( 1.319053356059963766, 0.5832999999999995966, -0.5653124999999999956 ) ) ;
#2423 = COLOUR_RGB ( '',0.8980392156862745390, 0.9215686274509803377, 0.9294117647058823817 ) ;
#2424 = CARTESIAN_POINT ( 'NONE',  ( 1.068101134280340592, 0.5832999999999995966, -0.7038014310072036039 ) ) ;
#2425 = PRESENTATION_STYLE_ASSIGNMENT (( #3491 ) ) ;
#2426 = EDGE_CURVE ( 'NONE', #3475, #848, #1677, .T. ) ;
#2427 = CARTESIAN_POINT ( 'NONE',  ( 0.9691334793078925092, 0.5831999999999996076, -0.6778800650870645539 ) ) ;
#2428 = VERTEX_POINT ( 'NONE', #1145 ) ;
#2429 = DIRECTION ( 'NONE',  ( 0.000000000000000000, 1.000000000000000000, 0.000000000000000000 ) ) ;
#2430 = ADVANCED_FACE ( 'NONE', ( #3301 ), #290, .T. ) ;
#2431 = DIRECTION ( 'NONE',  ( 1.000000000000000000, 0.000000000000000000, 0.000000000000000000 ) ) ;
#2432 = FACE_OUTER_BOUND ( 'NONE', #1120, .T. ) ;
#2433 = VERTEX_POINT ( 'NONE', #1937 ) ;
#2434 = CARTESIAN_POINT ( 'NONE',  ( 0.8783137329725838605, 0.5831999999999996076, -0.7898232800688187449 ) ) ;
#2435 = CARTESIAN_POINT ( 'NONE',  ( 1.068101134280340592, 0.5831999999999996076, -0.7898232800688187449 ) ) ;
#2436 = PRESENTATION_STYLE_ASSIGNMENT (( #1568 ) ) ;
#2437 = ORIENTED_EDGE ( 'NONE', *, *, #343, .T. ) ;
#2438 = CARTESIAN_POINT ( 'NONE',  ( 1.522903225806452099, 0.000000000000000000, -1.350000000000000089 ) ) ;
#2439 = FILL_AREA_STYLE_COLOUR ( '', #3483 ) ;
#2440 = LINE ( 'NONE', #1030, #1887 ) ;
#2441 =( NAMED_UNIT ( * ) PLANE_ANGLE_UNIT ( ) SI_UNIT ( $, .RADIAN. ) );
#2442 = CARTESIAN_POINT ( 'NONE',  ( 1.231252997320559706, 0.5831999999999996076, -0.6775678900344093147 ) ) ;
#2443 = LINE ( 'NONE', #2929, #160 ) ;
#2444 = FILL_AREA_STYLE ('',( #1628 ) ) ;
#2445 = ORIENTED_EDGE ( 'NONE', *, *, #291, .F. ) ;
#2446 = DIRECTION ( 'NONE',  ( 0.000000000000000000, 0.000000000000000000, 1.000000000000000000 ) ) ;
#2447 = CARTESIAN_POINT ( 'NONE',  ( -0.01212600721991021618, 0.5831999999999993856, -0.05117446413209654488 ) ) ;
#2448 = VERTEX_POINT ( 'NONE', #1389 ) ;
#2449 = EDGE_CURVE ( 'NONE', #2576, #239, #2176, .T. ) ;
#2450 = DIRECTION ( 'NONE',  ( 0.000000000000000000, 1.000000000000000000, 0.000000000000000000 ) ) ;
#2451 = ORIENTED_EDGE ( 'NONE', *, *, #369, .T. ) ;
#2452 = SURFACE_STYLE_FILL_AREA ( #2147 ) ;
#2453 = LINE ( 'NONE', #3273, #1776 ) ;
#2454 = EDGE_CURVE ( 'NONE', #133, #3367, #2267, .T. ) ;
#2455 = ORIENTED_EDGE ( 'NONE', *, *, #1209, .T. ) ;
#2456 = ORIENTED_EDGE ( 'NONE', *, *, #1016, .T. ) ;
#2457 = SURFACE_SIDE_STYLE ('',( #1054 ) ) ;
#2458 = CARTESIAN_POINT ( 'NONE',  ( -2.100641709190641345E-18, -0.01679999999999981508, -1.350000000000000089 ) ) ;
#2459 = SURFACE_SIDE_STYLE ('',( #3005 ) ) ;
#2460 = FILL_AREA_STYLE_COLOUR ( '', #2806 ) ;
#2461 = SURFACE_STYLE_USAGE ( .BOTH. , #1427 ) ;
#2462 = STYLED_ITEM ( 'NONE', ( #321 ), #453 ) ;
#2463 = ORIENTED_EDGE ( 'NONE', *, *, #2778, .F. ) ;
#2464 = CARTESIAN_POINT ( 'NONE',  ( 1.144016018489260045, 0.5832999999999995966, -0.6525078073068826257 ) ) ;
#2465 =( GEOMETRIC_REPRESENTATION_CONTEXT ( 3 ) GLOBAL_UNCERTAINTY_ASSIGNED_CONTEXT ( ( #1311 ) ) GLOBAL_UNIT_ASSIGNED_CONTEXT ( ( #2897, #256, #1874 ) ) REPRESENTATION_CONTEXT ( 'NONE', 'WORKASPACE' ) );
#2466 = CLOSED_SHELL ( 'NONE', ( #1519, #2820, #145, #1752, #557, #1815, #1218, #191, #386, #1921, #1626, #937, #2524, #2322 ) ) ;
#2467 = VECTOR ( 'NONE', #1534, 1000.000000000000000 ) ;
#2468 = VERTEX_POINT ( 'NONE', #2464 ) ;
#2469 = CARTESIAN_POINT ( 'NONE',  ( 0.9691334793078925092, 0.5832999999999998186, -0.6778800650870645539 ) ) ;
#2470 = VERTEX_POINT ( 'NONE', #2818 ) ;
#2471 = FACE_BOUND ( 'NONE', #2827, .T. ) ;
#2472 = PRESENTATION_LAYER_ASSIGNMENT (  '', '', ( #1456 ) ) ;
#2473 = MECHANICAL_DESIGN_GEOMETRIC_PRESENTATION_REPRESENTATION (  '', ( #3199 ), #830 ) ;
#2474 = LINE ( 'NONE', #2997, #383 ) ;
#2475 = CARTESIAN_POINT ( 'NONE',  ( 0.000000000000000000, 0.000000000000000000, 0.000000000000000000 ) ) ;
#2476 = ADVANCED_FACE ( 'NONE', ( #1762 ), #2799, .T. ) ;
#2477 = PRESENTATION_LAYER_ASSIGNMENT (  '', '', ( #2013 ) ) ;
#2478 = ORIENTED_EDGE ( 'NONE', *, *, #2757, .F. ) ;
#2479 = ORIENTED_EDGE ( 'NONE', *, *, #2221, .F. ) ;
#2480 = EDGE_CURVE ( 'NONE', #387, #60, #1784, .T. ) ;
#2481 = CARTESIAN_POINT ( 'NONE',  ( 0.6363210369230349883, 0.5831999999999996076, -0.7898232800688187449 ) ) ;
#2482 = DIRECTION ( 'NONE',  ( -0.000000000000000000, 0.000000000000000000, -1.000000000000000000 ) ) ;
#2483 = VECTOR ( 'NONE', #29, 1000.000000000000000 ) ;
#2484 = PRESENTATION_STYLE_ASSIGNMENT (( #1154 ) ) ;
#2485 = VECTOR ( 'NONE', #2658, 1000.000000000000000 ) ;
#2486 = DIRECTION ( 'NONE',  ( -0.000000000000000000, -1.000000000000000000, -0.000000000000000000 ) ) ;
#2487 = CARTESIAN_POINT ( 'NONE',  ( 0.8429334972688272698, 0.5831999999999996076, -0.6517429111534418507 ) ) ;
#2488 = LINE ( 'NONE', #867, #3482 ) ;
#2489 = ORIENTED_EDGE ( 'NONE', *, *, #627, .F. ) ;
#2490 = CARTESIAN_POINT ( 'NONE',  ( 1.413306451612903691, 0.5663999999999999035, 0.000000000000000000 ) ) ;
#2491 = VECTOR ( 'NONE', #2853, 999.9999999999997726 ) ;
#2492 = UNCERTAINTY_MEASURE_WITH_UNIT (LENGTH_MEASURE( 1.000000000000000082E-05 ), #3308, 'distance_accuracy_value', 'NONE');
#2493 = ORIENTED_EDGE ( 'NONE', *, *, #2686, .F. ) ;
#2494 = CARTESIAN_POINT ( 'NONE',  ( 1.522903225806452099, 0.5831999999999998296, 0.000000000000000000 ) ) ;
#2495 = ORIENTED_EDGE ( 'NONE', *, *, #1062, .T. ) ;
#2496 =( LENGTH_UNIT ( ) NAMED_UNIT ( * ) SI_UNIT ( .MILLI., .METRE. ) );
#2497 = CARTESIAN_POINT ( 'NONE',  ( 1.225650702456156482, 0.5831999999999996076, -0.6209149699170437575 ) ) ;
#2498 = ORIENTED_EDGE ( 'NONE', *, *, #898, .T. ) ;
#2499 = VERTEX_POINT ( 'NONE', #1461 ) ;
#2500 = CARTESIAN_POINT ( 'NONE',  ( 0.6988345473465140678, 0.5831999999999996076, -0.5653125000000001066 ) ) ;
#2501 = CARTESIAN_POINT ( 'NONE',  ( 1.413306451612903691, 0.5495999999999998664, 0.000000000000000000 ) ) ;
#2502 = CARTESIAN_POINT ( 'NONE',  ( 1.279362179235310037, 0.5831999999999992745, -0.7790606082726232451 ) ) ;
#2503 =( NAMED_UNIT ( * ) SI_UNIT ( $, .STERADIAN. ) SOLID_ANGLE_UNIT ( ) );
#2504 = EDGE_CURVE ( 'NONE', #634, #1685, #2547, .T. ) ;
#2505 = CARTESIAN_POINT ( 'NONE',  ( 1.003600847529826146, 0.5831999999999996076, -0.6500442441528618831 ) ) ;
#2506 = EDGE_CURVE ( 'NONE', #530, #175, #1993, .T. ) ;
#2507 = VERTEX_POINT ( 'NONE', #1730 ) ;
#2508 = CARTESIAN_POINT ( 'NONE',  ( 0.9826578683851602269, 0.5831999999999997186, -0.7297540753762087329 ) ) ;
#2509 =( NAMED_UNIT ( * ) PLANE_ANGLE_UNIT ( ) SI_UNIT ( $, .RADIAN. ) );
#2510 = ORIENTED_EDGE ( 'NONE', *, *, #3127, .F. ) ;
#2511 = LINE ( 'NONE', #2528, #2811 ) ;
#2512 = VERTEX_POINT ( 'NONE', #406 ) ;
#2513 = EDGE_LOOP ( 'NONE', ( #99, #362, #3180, #3121 ) ) ;
#2514 = ORIENTED_EDGE ( 'NONE', *, *, #3450, .T. ) ;
#2515 = CARTESIAN_POINT ( 'NONE',  ( 0.8679115112500913609, 0.5832999999999995966, -0.6517429111534418507 ) ) ;
#2516 =( BOUNDED_CURVE ( )  B_SPLINE_CURVE ( 3, ( #2772, #1981, #2833, #105, #2577, #3085, #1746 ),
 .UNSPECIFIED., .F., .T. ) 
 B_SPLINE_CURVE_WITH_KNOTS ( ( 4, 3, 4 ),
 ( 0.000000000000000000, 0.5000000000000000000, 0.5357290076124427980 ),
 .UNSPECIFIED. ) 
 CURVE ( )  GEOMETRIC_REPRESENTATION_ITEM ( )  RATIONAL_B_SPLINE_CURVE ( ( 1.000000000000000000, 0.7783869647857027951, 0.7783869647857027951, 1.000000000000000000, 0.9841639723556236952, 0.9694595558157608206, 0.9558867503804115984 ) ) 
 REPRESENTATION_ITEM ( '' )  );
#2517 = SURFACE_SIDE_STYLE ('',( #2268 ) ) ;
#2518 = CARTESIAN_POINT ( 'NONE',  ( 0.6324999999999999512, 0.5495999999999998664, -1.350000000000000089 ) ) ;
#2519 = CARTESIAN_POINT ( 'NONE',  ( 1.358744532884617273, 0.5831999999999992745, -0.5760751717961954954 ) ) ;
#2520 = EDGE_CURVE ( 'NONE', #877, #2244, #2562, .T. ) ;
#2521 = PRESENTATION_STYLE_ASSIGNMENT (( #1760 ) ) ;
#2522 = EDGE_LOOP ( 'NONE', ( #2739, #251, #2809, #2437 ) ) ;
#2523 = CARTESIAN_POINT ( 'NONE',  ( 1.068101134280340592, 0.5831999999999996076, -0.7898232800688187449 ) ) ;
#2524 = ADVANCED_FACE ( 'NONE', ( #2667 ), #2061, .F. ) ;
#2525 = DIRECTION ( 'NONE',  ( 0.000000000000000000, 0.000000000000000000, 1.000000000000000000 ) ) ;
#2526 = COLOUR_RGB ( '',0.1019607843137254888, 0.1019607843137254888, 0.1019607843137254888 ) ;
#2527 = STYLED_ITEM ( 'NONE', ( #349 ), #169 ) ;
#2528 = CARTESIAN_POINT ( 'NONE',  ( -0.000000000000000000, 0.000000000000000000, -1.350000000000000089 ) ) ;
#2529 = ORIENTED_EDGE ( 'NONE', *, *, #2551, .T. ) ;
#2530 = FACE_BOUND ( 'NONE', #1098, .T. ) ;
#2531 = CARTESIAN_POINT ( 'NONE',  ( 1.413306451612903691, 0.5663999999999999035, -1.350000000000000089 ) ) ;
#2532 = VECTOR ( 'NONE', #2036, 1000.000000000000114 ) ;
#2533 = STYLED_ITEM ( 'NONE', ( #1521 ), #400 ) ;
#2534 = EDGE_LOOP ( 'NONE', ( #2599, #2554, #3477, #650 ) ) ;
#2535 = MECHANICAL_DESIGN_GEOMETRIC_PRESENTATION_REPRESENTATION (  '', ( #2462 ), #3094 ) ;
#2536 = ORIENTED_EDGE ( 'NONE', *, *, #2520, .T. ) ;
#2537 = CARTESIAN_POINT ( 'NONE',  ( 1.358744532884617495, 0.5832999999999995966, -0.6775678900344089817 ) ) ;
#2538 = DIRECTION ( 'NONE',  ( 0.000000000000000000, 0.000000000000000000, -1.000000000000000000 ) ) ;
#2539 = VECTOR ( 'NONE', #2835, 1000.000000000000000 ) ;
#2540 = CARTESIAN_POINT ( 'NONE',  ( -1.941793234769294427E-16, 0.5663999999999996815, -1.350000000000000089 ) ) ;
#2541 = PRESENTATION_LAYER_ASSIGNMENT (  '', '', ( #219 ) ) ;
#2542 = SURFACE_STYLE_USAGE ( .BOTH. , #80 ) ;
#2543 = PLANE ( 'NONE',  #438 ) ;
#2544 = CARTESIAN_POINT ( 'NONE',  ( 2.045806451612903754, 0.000000000000000000, -1.350000000000000089 ) ) ;
#2545 =( GEOMETRIC_REPRESENTATION_CONTEXT ( 3 ) GLOBAL_UNCERTAINTY_ASSIGNED_CONTEXT ( ( #3221 ) ) GLOBAL_UNIT_ASSIGNED_CONTEXT ( ( #526, #2386, #488 ) ) REPRESENTATION_CONTEXT ( 'NONE', 'WORKASPACE' ) );
#2546 = ORIENTED_EDGE ( 'NONE', *, *, #1399, .F. ) ;
#2547 = LINE ( 'NONE', #1199, #2758 ) ;
#2548 = PRESENTATION_LAYER_ASSIGNMENT (  '', '', ( #3108 ) ) ;
#2549 = DIRECTION ( 'NONE',  ( 0.000000000000000000, 0.000000000000000000, 1.000000000000000000 ) ) ;
#2550 = ORIENTED_EDGE ( 'NONE', *, *, #1644, .T. ) ;
#2551 = EDGE_CURVE ( 'NONE', #31, #1381, #1850, .T. ) ;
#2552 = FACE_OUTER_BOUND ( 'NONE', #1198, .T. ) ;
#2553 = EDGE_CURVE ( 'NONE', #877, #2017, #757, .T. ) ;
#2554 = ORIENTED_EDGE ( 'NONE', *, *, #2832, .F. ) ;
#2555 = VERTEX_POINT ( 'NONE', #743 ) ;
#2556 = CARTESIAN_POINT ( 'NONE',  ( -0.02709677419354839314, 0.5663999999999996815, -1.350000000000000089 ) ) ;
#2557 = DIRECTION ( 'NONE',  ( -0.3313268304642406625, 0.000000000000000000, -0.9435160472480158544 ) ) ;
#2558 = LINE ( 'NONE', #3351, #2298 ) ;
#2559 = PLANE ( 'NONE',  #1274 ) ;
#2560 = CARTESIAN_POINT ( 'NONE',  ( 0.6324999999999998401, 0.5663999999999997925, -1.350000000000000089 ) ) ;
#2561 = EDGE_LOOP ( 'NONE', ( #2648, #589, #3447, #2127 ) ) ;
#2562 = LINE ( 'NONE', #138, #1231 ) ;
#2563 = FILL_AREA_STYLE_COLOUR ( '', #52 ) ;
#2564 = VERTEX_POINT ( 'NONE', #2927 ) ;
#2565 = FACE_OUTER_BOUND ( 'NONE', #2211, .T. ) ;
#2566 = DIRECTION ( 'NONE',  ( 0.000000000000000000, 1.000000000000000000, 0.000000000000000000 ) ) ;
#2567 = ORIENTED_EDGE ( 'NONE', *, *, #1281, .T. ) ;
#2568 = CARTESIAN_POINT ( 'NONE',  ( 0.9218584416593360586, 0.5832999999999995966, -0.7336955849983871625 ) ) ;
#2569 = SURFACE_SIDE_STYLE ('',( #3449 ) ) ;
#2570 = CARTESIAN_POINT ( 'NONE',  ( 1.068101134280340592, 0.5831999999999996076, -0.7038014310072036039 ) ) ;
#2571 = ADVANCED_FACE ( 'NONE', ( #3488 ), #2133, .T. ) ;
#2572 = FACE_OUTER_BOUND ( 'NONE', #2224, .T. ) ;
#2573 =( NAMED_UNIT ( * ) PLANE_ANGLE_UNIT ( ) SI_UNIT ( $, .RADIAN. ) );
#2574 = LINE ( 'NONE', #150, #608 ) ;
#2575 = DIRECTION ( 'NONE',  ( 0.000000000000000000, 0.000000000000000000, 1.000000000000000000 ) ) ;
#2576 = VERTEX_POINT ( 'NONE', #541 ) ;
#2577 = CARTESIAN_POINT ( 'NONE',  ( 0.9692148651762062528, 0.5832999999999995966, -0.6741012186819255181 ) ) ;
#2578 = ORIENTED_EDGE ( 'NONE', *, *, #3454, .F. ) ;
#2579 = LINE ( 'NONE', #3125, #2539 ) ;
#2580 = COLOUR_RGB ( '',0.8980392156862745390, 0.9215686274509803377, 0.9294117647058823817 ) ;
#2581 = ORIENTED_EDGE ( 'NONE', *, *, #3250, .T. ) ;
#2582 = DIRECTION ( 'NONE',  ( 0.000000000000000000, 1.000000000000000000, 0.000000000000000000 ) ) ;
#2583 = AXIS2_PLACEMENT_3D ( 'NONE', #2666, #1348, #1309 ) ;
#2584 = AXIS2_PLACEMENT_3D ( 'NONE', #692, #1194, #1489 ) ;
#2585 = LINE ( 'NONE', #166, #1518 ) ;
#2586 = ADVANCED_FACE ( 'NONE', ( #3470 ), #1033, .T. ) ;
#2587 =( GEOMETRIC_REPRESENTATION_CONTEXT ( 3 ) GLOBAL_UNCERTAINTY_ASSIGNED_CONTEXT ( ( #332 ) ) GLOBAL_UNIT_ASSIGNED_CONTEXT ( ( #1865, #1080, #3002 ) ) REPRESENTATION_CONTEXT ( 'NONE', 'WORKASPACE' ) );
#2588 = ADVANCED_FACE ( 'NONE', ( #1536 ), #1270, .T. ) ;
#2589 = LINE ( 'NONE', #726, #1173 ) ;
#2590 = EDGE_CURVE ( 'NONE', #1893, #574, #2907, .T. ) ;
#2591 = MECHANICAL_DESIGN_GEOMETRIC_PRESENTATION_REPRESENTATION (  '', ( #3267 ), #333 ) ;
#2592 = MECHANICAL_DESIGN_GEOMETRIC_PRESENTATION_REPRESENTATION (  '', ( #1457 ), #392 ) ;
#2593 = CARTESIAN_POINT ( 'NONE',  ( 0.9691334793078920651, 0.5831999999999996076, -0.6778800650870643318 ) ) ;
#2594 = CARTESIAN_POINT ( 'NONE',  ( 1.216707741942912868, 0.5832999999999995966, -0.7023734713488288817 ) ) ;
#2595 = EDGE_CURVE ( 'NONE', #2433, #1310, #795, .T. ) ;
#2596 = COLOUR_RGB ( '',0.8980392156862745390, 0.9215686274509803377, 0.9294117647058823817 ) ;
#2597 = ORIENTED_EDGE ( 'NONE', *, *, #992, .T. ) ;
#2598 = VECTOR ( 'NONE', #1856, 1000.000000000000000 ) ;
#2599 = ORIENTED_EDGE ( 'NONE', *, *, #1324, .F. ) ;
#2600 = AXIS2_PLACEMENT_3D ( 'NONE', #724, #2088, #3484 ) ;
#2601 = CARTESIAN_POINT ( 'NONE',  ( 1.068101134280340592, 0.5831999999999996076, -0.7297540753773578137 ) ) ;
#2602 = VECTOR ( 'NONE', #2109, 1000.000000000000000 ) ;
#2603 = ORIENTED_EDGE ( 'NONE', *, *, #696, .T. ) ;
#2604 = LINE ( 'NONE', #3430, #1998 ) ;
#2605 = DIRECTION ( 'NONE',  ( -1.000000000000000000, 0.000000000000000000, -0.000000000000000000 ) ) ;
#2606 = CARTESIAN_POINT ( 'NONE',  ( 0.6324999999999999512, 0.000000000000000000, -1.350000000000000089 ) ) ;
#2607 =( LENGTH_UNIT ( ) NAMED_UNIT ( * ) SI_UNIT ( .MILLI., .METRE. ) );
#2608 = CARTESIAN_POINT ( 'NONE',  ( 1.144016018489260045, 0.5831999999999996076, -0.6209149699170437575 ) ) ;
#2609 = ADVANCED_FACE ( 'NONE', ( #2963 ), #3043, .F. ) ;
#2610 = ORIENTED_EDGE ( 'NONE', *, *, #343, .F. ) ;
#2611 = ADVANCED_FACE ( 'NONE', ( #2988 ), #654, .T. ) ;
#2612 = VERTEX_POINT ( 'NONE', #419 ) ;
#2613 = SURFACE_STYLE_FILL_AREA ( #1715 ) ;
#2614 = ORIENTED_EDGE ( 'NONE', *, *, #448, .F. ) ;
#2615 =( NAMED_UNIT ( * ) SI_UNIT ( $, .STERADIAN. ) SOLID_ANGLE_UNIT ( ) );
#2616 = CARTESIAN_POINT ( 'NONE',  ( 1.279362179235310482, 0.5831999999999996076, -0.6437369839550045603 ) ) ;
#2617 = DIRECTION ( 'NONE',  ( -0.3313268304642407180, 0.000000000000000000, -0.9435160472480158544 ) ) ;
#2618 = DIRECTION ( 'NONE',  ( 0.000000000000000000, 1.000000000000000000, 0.000000000000000000 ) ) ;
#2619 = CARTESIAN_POINT ( 'NONE',  ( 0.8429334972688272698, 0.5832999999999995966, -0.6517429111534418507 ) ) ;
#2620 = ORIENTED_EDGE ( 'NONE', *, *, #1438, .T. ) ;
#2621 = UNCERTAINTY_MEASURE_WITH_UNIT (LENGTH_MEASURE( 1.000000000000000082E-05 ), #720, 'distance_accuracy_value', 'NONE');
#2622 = EDGE_CURVE ( 'NONE', #85, #2730, #2623, .T. ) ;
#2623 =( BOUNDED_CURVE ( )  B_SPLINE_CURVE ( 3, ( #1758, #1490, #149, #679 ),
 .UNSPECIFIED., .F., .T. ) 
 B_SPLINE_CURVE_WITH_KNOTS ( ( 4, 4 ),
 ( 0.000000000000000000, 0.5000000000000013323 ),
 .UNSPECIFIED. ) 
 CURVE ( )  GEOMETRIC_REPRESENTATION_ITEM ( )  RATIONAL_B_SPLINE_CURVE ( ( 1.000000000000000000, 0.6666666666666658525, 0.4999999999999991673, 0.5000000000000000000 ) ) 
 REPRESENTATION_ITEM ( '' )  );
#2624 = CARTESIAN_POINT ( 'NONE',  ( 2.045806451612903754, 0.000000000000000000, -1.350000000000000089 ) ) ;
#2625 = VERTEX_POINT ( 'NONE', #3102 ) ;
#2626 = LINE ( 'NONE', #2375, #1349 ) ;
#2627 = CARTESIAN_POINT ( 'NONE',  ( 1.144016018489260045, 0.5832999999999995966, -0.7023734713488288817 ) ) ;
#2628 = VERTEX_POINT ( 'NONE', #171 ) ;
#2629 = LINE ( 'NONE', #2434, #2340 ) ;
#2630 = FILL_AREA_STYLE_COLOUR ( '', #1725 ) ;
#2631 = ORIENTED_EDGE ( 'NONE', *, *, #2299, .T. ) ;
#2632 = VECTOR ( 'NONE', #2692, 1000.000000000000000 ) ;
#2633 = CLOSED_SHELL ( 'NONE', ( #1478, #3408, #2075, #2920, #169, #625 ) ) ;
#2634 = DIRECTION ( 'NONE',  ( 0.000000000000000000, -1.000000000000000000, 0.000000000000000000 ) ) ;
#2635 = PLANE ( 'NONE',  #1508 ) ;
#2636 = COLOUR_RGB ( '',0.8509803921568627194, 0.8509803921568627194, 0.8509803921568627194 ) ;
#2637 = LINE ( 'NONE', #2303, #101 ) ;
#2638 = COLOUR_RGB ( '',0.7921568627450980005, 0.8196078431372548767, 0.9333333333333333481 ) ;
#2639 = ORIENTED_EDGE ( 'NONE', *, *, #3468, .F. ) ;
#2640 = SURFACE_SIDE_STYLE ('',( #1829 ) ) ;
#2641 = STYLED_ITEM ( 'NONE', ( #715 ), #1586 ) ;
#2642 = STYLED_ITEM ( 'NONE', ( #196 ), #1768 ) ;
#2643 = ORIENTED_EDGE ( 'NONE', *, *, #1710, .T. ) ;
#2644 = CARTESIAN_POINT ( 'NONE',  ( -1.253608761936364502E-16, 0.5495999999999998664, -1.350000000000000089 ) ) ;
#2645 = DIRECTION ( 'NONE',  ( 1.956620146467696032E-15, 0.000000000000000000, -1.000000000000000000 ) ) ;
#2646 = PRODUCT ( 'RS_SMDCHIP_0805_L2.1W1.35T0.6B10.55B20.55', 'RS_SMDCHIP_0805_L2.1W1.35T0.6B10.55B20.55', '', ( #870 ) ) ;
#2647 = EDGE_CURVE ( 'NONE', #2428, #1215, #1242, .T. ) ;
#2648 = ORIENTED_EDGE ( 'NONE', *, *, #763, .F. ) ;
#2649 = FACE_OUTER_BOUND ( 'NONE', #588, .T. ) ;
#2650 = PRESENTATION_LAYER_ASSIGNMENT (  '', '', ( #678 ) ) ;
#2651 = CARTESIAN_POINT ( 'NONE',  ( 1.003600847529826146, 0.5831999999999996076, -0.6500442441528618831 ) ) ;
#2652 = LINE ( 'NONE', #3193, #3392 ) ;
#2653 = LINE ( 'NONE', #233, #2293 ) ;
#2654 = VERTEX_POINT ( 'NONE', #1364 ) ;
#2655 = DIRECTION ( 'NONE',  ( 0.000000000000000000, 1.000000000000000000, 0.000000000000000000 ) ) ;
#2656 = UNCERTAINTY_MEASURE_WITH_UNIT (LENGTH_MEASURE( 1.000000000000000082E-05 ), #2923, 'distance_accuracy_value', 'NONE');
#2657 = VERTEX_POINT ( 'NONE', #2418 ) ;
#2658 = DIRECTION ( 'NONE',  ( -1.000000000000000000, -0.000000000000000000, -0.000000000000000000 ) ) ;
#2659 =( LENGTH_UNIT ( ) NAMED_UNIT ( * ) SI_UNIT ( .MILLI., .METRE. ) );
#2660 = DIRECTION ( 'NONE',  ( 1.000000000000000000, 0.000000000000000000, 0.000000000000000000 ) ) ;
#2661 = VERTEX_POINT ( 'NONE', #202 ) ;
#2662 = FILL_AREA_STYLE ('',( #2921 ) ) ;
#2663 = EDGE_CURVE ( 'NONE', #1495, #1581, #1256, .T. ) ;
#2664 =( NAMED_UNIT ( * ) SI_UNIT ( $, .STERADIAN. ) SOLID_ANGLE_UNIT ( ) );
#2665 = PLANE ( 'NONE',  #176 ) ;
#2666 = CARTESIAN_POINT ( 'NONE',  ( 0.8950870111682094343, 0.5831999999999996076, -0.5653125000000001066 ) ) ;
#2667 = FACE_OUTER_BOUND ( 'NONE', #2824, .T. ) ;
#2668 = CARTESIAN_POINT ( 'NONE',  ( 0.6363210369230349883, 0.5831999999999996076, -0.7898232800688187449 ) ) ;
#2669 = CARTESIAN_POINT ( 'NONE',  ( 0.9870079596216979612, 0.5832999999999999297, -0.6183292840604496243 ) ) ;
#2670 = DIRECTION ( 'NONE',  ( 0.000000000000000000, 1.000000000000000000, -0.000000000000000000 ) ) ;
#2671 = DIRECTION ( 'NONE',  ( 0.000000000000000000, 0.000000000000000000, -1.000000000000000000 ) ) ;
#2672 = ORIENTED_EDGE ( 'NONE', *, *, #2091, .F. ) ;
#2673 = CARTESIAN_POINT ( 'NONE',  ( 0.9438342455232522354, 0.5832999999999995966, -0.5653125000000001066 ) ) ;
#2674 = LINE ( 'NONE', #1821, #507 ) ;
#2675 = ORIENTED_EDGE ( 'NONE', *, *, #827, .T. ) ;
#2676 = CARTESIAN_POINT ( 'NONE',  ( 1.413306451612903691, 0.000000000000000000, 0.000000000000000000 ) ) ;
#2677 =( NAMED_UNIT ( * ) SI_UNIT ( $, .STERADIAN. ) SOLID_ANGLE_UNIT ( ) );
#2678 = DIRECTION ( 'NONE',  ( 0.000000000000000000, 1.000000000000000000, 0.000000000000000000 ) ) ;
#2679 = SURFACE_SIDE_STYLE ('',( #1 ) ) ;
#2680 = EDGE_LOOP ( 'NONE', ( #2083, #2790, #3177, #3275 ) ) ;
#2681 = EDGE_CURVE ( 'NONE', #1581, #1912, #1522, .T. ) ;
#2682 = LINE ( 'NONE', #2131, #1335 ) ;
#2683 = EDGE_CURVE ( 'NONE', #1961, #1008, #1378, .T. ) ;
#2684 = VECTOR ( 'NONE', #1770, 1000.000000000000000 ) ;
#2685 = CLOSED_SHELL ( 'NONE', ( #1329, #3106, #3366, #188, #2283, #932 ) ) ;
#2686 = EDGE_CURVE ( 'NONE', #1354, #1460, #1047, .T. ) ;
#2687 = CARTESIAN_POINT ( 'NONE',  ( 1.406853714799368049, 0.5832999999999997076, -0.9020786701032282862 ) ) ;
#2688 = CARTESIAN_POINT ( 'NONE',  ( 1.216707741942912868, 0.5832999999999995966, -0.6525078073068826257 ) ) ;
#2689 = MANIFOLD_SOLID_BREP ( 'Base', #2633 ) ;
#2690 = COLOUR_RGB ( '',0.8980392156862745390, 0.9215686274509803377, 0.9294117647058823817 ) ;
#2691 = STYLED_ITEM ( 'NONE', ( #3284 ), #308 ) ;
#2692 = DIRECTION ( 'NONE',  ( -1.000000000000000000, 0.000000000000000000, 0.000000000000000000 ) ) ;
#2693 =( GEOMETRIC_REPRESENTATION_CONTEXT ( 3 ) GLOBAL_UNCERTAINTY_ASSIGNED_CONTEXT ( ( #2108 ) ) GLOBAL_UNIT_ASSIGNED_CONTEXT ( ( #1499, #722, #3402 ) ) REPRESENTATION_CONTEXT ( 'NONE', 'WORKASPACE' ) );
#2694 =( GEOMETRIC_REPRESENTATION_CONTEXT ( 3 ) GLOBAL_UNCERTAINTY_ASSIGNED_CONTEXT ( ( #3082 ) ) GLOBAL_UNIT_ASSIGNED_CONTEXT ( ( #2034, #446, #1544 ) ) REPRESENTATION_CONTEXT ( 'NONE', 'WORKASPACE' ) );
#2695 = CARTESIAN_POINT ( 'NONE',  ( 0.6324999999999999512, 0.000000000000000000, -1.350000000000000089 ) ) ;
#2696 = EDGE_LOOP ( 'NONE', ( #3252, #299, #1166, #909 ) ) ;
#2697 = UNCERTAINTY_MEASURE_WITH_UNIT (LENGTH_MEASURE( 1.000000000000000082E-05 ), #1672, 'distance_accuracy_value', 'NONE');
#2698 = DIRECTION ( 'NONE',  ( 0.000000000000000000, 1.000000000000000000, 0.000000000000000000 ) ) ;
#2699 = DIRECTION ( 'NONE',  ( 0.000000000000000000, -1.000000000000000000, 0.000000000000000000 ) ) ;
#2700 = AXIS2_PLACEMENT_3D ( 'NONE', #1041, #2660, #2084 ) ;
#2701 = LINE ( 'NONE', #1109, #1896 ) ;
#2702 = ORIENTED_EDGE ( 'NONE', *, *, #2778, .T. ) ;
#2703 = VECTOR ( 'NONE', #3081, 1000.000000000000000 ) ;
#2704 = PLANE ( 'NONE',  #2746 ) ;
#2705 = FILL_AREA_STYLE ('',( #2396 ) ) ;
#2706 =( GEOMETRIC_REPRESENTATION_CONTEXT ( 3 ) GLOBAL_UNCERTAINTY_ASSIGNED_CONTEXT ( ( #2370 ) ) GLOBAL_UNIT_ASSIGNED_CONTEXT ( ( #1958, #1673, #1503 ) ) REPRESENTATION_CONTEXT ( 'NONE', 'WORKASPACE' ) );
#2707 = ORIENTED_EDGE ( 'NONE', *, *, #1974, .T. ) ;
#2708 = DIRECTION ( 'NONE',  ( 1.000000000000000000, 0.000000000000000000, 0.000000000000000000 ) ) ;
#2709 = COLOUR_RGB ( '',0.1019607843137254888, 0.1019607843137254888, 0.1019607843137254888 ) ;
#2710 =( GEOMETRIC_REPRESENTATION_CONTEXT ( 3 ) GLOBAL_UNCERTAINTY_ASSIGNED_CONTEXT ( ( #986 ) ) GLOBAL_UNIT_ASSIGNED_CONTEXT ( ( #2910, #2712, #130 ) ) REPRESENTATION_CONTEXT ( 'NONE', 'WORKASPACE' ) );
#2711 = FILL_AREA_STYLE ('',( #1933 ) ) ;
#2712 =( NAMED_UNIT ( * ) PLANE_ANGLE_UNIT ( ) SI_UNIT ( $, .RADIAN. ) );
#2713 = CARTESIAN_POINT ( 'NONE',  ( 0.7635987315707962741, 0.5831999999999996076, -0.7898232800688187449 ) ) ;
#2714 = VERTEX_POINT ( 'NONE', #3248 ) ;
#2715 = FACE_OUTER_BOUND ( 'NONE', #3110, .T. ) ;
#2716 = FACE_OUTER_BOUND ( 'NONE', #1400, .T. ) ;
#2717 = EDGE_CURVE ( 'NONE', #687, #2906, #3213, .T. ) ;
#2718 = CARTESIAN_POINT ( 'NONE',  ( 2.072903225806452365, -0.01679999999999981161, 0.000000000000000000 ) ) ;
#2719 = CARTESIAN_POINT ( 'NONE',  ( 0.9861619325342171338, 0.5832999999999997076, -0.7297540753773583688 ) ) ;
#2720 = VERTEX_POINT ( 'NONE', #1875 ) ;
#2721 = PLANE ( 'NONE',  #493 ) ;
#2722 = CARTESIAN_POINT ( 'NONE',  ( 1.522903225806452099, 0.000000000000000000, 0.000000000000000000 ) ) ;
#2723 = ORIENTED_EDGE ( 'NONE', *, *, #1438, .F. ) ;
#2724 = ORIENTED_EDGE ( 'NONE', *, *, #1097, .T. ) ;
#2725 = DIRECTION ( 'NONE',  ( -1.000000000000000000, 0.000000000000000000, 0.000000000000000000 ) ) ;
#2726 = CARTESIAN_POINT ( 'NONE',  ( 0.5229032258064516547, 0.000000000000000000, -1.350000000000000089 ) ) ;
#2727 = CARTESIAN_POINT ( 'NONE',  ( 1.413306451612903691, 0.000000000000000000, -1.350000000000000089 ) ) ;
#2728 = FILL_AREA_STYLE ('',( #866 ) ) ;
#2729 =( NAMED_UNIT ( * ) PLANE_ANGLE_UNIT ( ) SI_UNIT ( $, .RADIAN. ) );
#2730 = VERTEX_POINT ( 'NONE', #983 ) ;
#2731 = ADVANCED_FACE ( 'NONE', ( #820 ), #17, .F. ) ;
#2732 = ORIENTED_EDGE ( 'NONE', *, *, #2839, .F. ) ;
#2733 = CARTESIAN_POINT ( 'NONE',  ( 0.8157579973507091964, 0.5832999999999995966, -0.5653125000000001066 ) ) ;
#2734 = ORIENTED_EDGE ( 'NONE', *, *, #1207, .F. ) ;
#2735 = DIRECTION ( 'NONE',  ( 0.000000000000000000, 1.000000000000000000, 0.000000000000000000 ) ) ;
#2736 = PRESENTATION_STYLE_ASSIGNMENT (( #2186 ) ) ;
#2737 = CARTESIAN_POINT ( 'NONE',  ( 1.279362179235310482, 0.5832999999999995966, -0.6437369839550045603 ) ) ;
#2738 = FILL_AREA_STYLE_COLOUR ( '', #457 ) ;
#2739 = ORIENTED_EDGE ( 'NONE', *, *, #390, .F. ) ;
#2740 = MANIFOLD_SOLID_BREP ( 'Scale1[2]', #2466 ) ;
#2741 = ORIENTED_EDGE ( 'NONE', *, *, #2170, .F. ) ;
#2742 = CARTESIAN_POINT ( 'NONE',  ( 1.092589860420387859, 0.5831999999999996076, -0.7898232800688187449 ) ) ;
#2743 = FACE_OUTER_BOUND ( 'NONE', #1293, .T. ) ;
#2744 = CARTESIAN_POINT ( 'NONE',  ( 1.358744532884617495, 0.5832999999999995966, -0.6775678900344089817 ) ) ;
#2745 = DIRECTION ( 'NONE',  ( -0.3831681534674067358, 0.000000000000000000, 0.9236786054512565736 ) ) ;
#2746 = AXIS2_PLACEMENT_3D ( 'NONE', #1543, #1026, #280 ) ;
#2747 = DIRECTION ( 'NONE',  ( 0.9236786054512564625, 0.000000000000000000, -0.3831681534674067358 ) ) ;
#2748 = ORIENTED_EDGE ( 'NONE', *, *, #489, .F. ) ;
#2749 = DIRECTION ( 'NONE',  ( 0.000000000000000000, 1.000000000000000000, 0.000000000000000000 ) ) ;
#2750 = VECTOR ( 'NONE', #3058, 1000.000000000000000 ) ;
#2751 = VECTOR ( 'NONE', #4, 1000.000000000000000 ) ;
#2752 = AXIS2_PLACEMENT_3D ( 'NONE', #129, #1202, #3411 ) ;
#2753 = LINE ( 'NONE', #584, #1609 ) ;
#2754 = DIRECTION ( 'NONE',  ( 0.000000000000000000, 1.000000000000000000, 0.000000000000000000 ) ) ;
#2755 = ORIENTED_EDGE ( 'NONE', *, *, #2400, .F. ) ;
#2756 = COLOUR_RGB ( '',0.1019607843137254888, 0.1019607843137254888, 0.1019607843137254888 ) ;
#2757 = EDGE_CURVE ( 'NONE', #3241, #1894, #1978, .T. ) ;
#2758 = VECTOR ( 'NONE', #1477, 1000.000000000000000 ) ;
#2759 = VERTEX_POINT ( 'NONE', #2673 ) ;
#2760 = ORIENTED_EDGE ( 'NONE', *, *, #2044, .F. ) ;
#2761 = CARTESIAN_POINT ( 'NONE',  ( 1.009658800287723590, 0.5831999999999997186, -0.5653124999999999956 ) ) ;
#2762 = SURFACE_STYLE_FILL_AREA ( #3056 ) ;
#2763 = EDGE_CURVE ( 'NONE', #3306, #3307, #3186, .T. ) ;
#2764 = VECTOR ( 'NONE', #597, 1000.000000000000000 ) ;
#2765 = EDGE_CURVE ( 'NONE', #2244, #342, #1069, .T. ) ;
#2766 = LINE ( 'NONE', #3350, #2819 ) ;
#2767 = STYLED_ITEM ( 'NONE', ( #904 ), #3208 ) ;
#2768 = FACE_OUTER_BOUND ( 'NONE', #3325, .T. ) ;
#2769 = EDGE_LOOP ( 'NONE', ( #1136, #868, #2207, #2955 ) ) ;
#2770 = LINE ( 'NONE', #2234, #1789 ) ;
#2771 = LINE ( 'NONE', #356, #1398 ) ;
#2772 = CARTESIAN_POINT ( 'NONE',  ( 1.018472811076492235, 0.5832999999999995966, -0.6272312934209895996 ) ) ;
#2773 = ORIENTED_EDGE ( 'NONE', *, *, #3011, .T. ) ;
#2774 = DIRECTION ( 'NONE',  ( 1.000000000000000000, 0.000000000000000000, 0.000000000000000000 ) ) ;
#2775 = SURFACE_STYLE_FILL_AREA ( #313 ) ;
#2776 = ORIENTED_EDGE ( 'NONE', *, *, #1321, .T. ) ;
#2777 = ORIENTED_EDGE ( 'NONE', *, *, #763, .T. ) ;
#2778 = EDGE_CURVE ( 'NONE', #3423, #2468, #2626, .T. ) ;
#2779 = FACE_OUTER_BOUND ( 'NONE', #92, .T. ) ;
#2780 = CARTESIAN_POINT ( 'NONE',  ( 1.275153176690261736, 0.5831999999999996076, -0.7898232800688189670 ) ) ;
#2781 = CARTESIAN_POINT ( 'NONE',  ( 1.413306451612903691, 0.5663999999999999035, -1.350000000000000089 ) ) ;
#2782 = CARTESIAN_POINT ( 'NONE',  ( 1.358744532884617273, 0.5831999999999993856, -0.6775678900344093147 ) ) ;
#2783 = ORIENTED_EDGE ( 'NONE', *, *, #2257, .T. ) ;
#2784 = CARTESIAN_POINT ( 'NONE',  ( -1.253608761936364502E-16, 0.5495999999999998664, 0.000000000000000000 ) ) ;
#2785 = LINE ( 'NONE', #1163, #1563 ) ;
#2786 = ORIENTED_EDGE ( 'NONE', *, *, #1185, .F. ) ;
#2787 = PLANE ( 'NONE',  #1190 ) ;
#2788 = LINE ( 'NONE', #1699, #444 ) ;
#2789 = ORIENTED_EDGE ( 'NONE', *, *, #84, .F. ) ;
#2790 = ORIENTED_EDGE ( 'NONE', *, *, #2198, .T. ) ;
#2791 = SURFACE_STYLE_USAGE ( .BOTH. , #3071 ) ;
#2792 =( LENGTH_UNIT ( ) NAMED_UNIT ( * ) SI_UNIT ( .MILLI., .METRE. ) );
#2793 = PLANE ( 'NONE',  #783 ) ;
#2794 = CARTESIAN_POINT ( 'NONE',  ( 0.8268277461106697812, 0.5831999999999996076, -0.5971477267166894753 ) ) ;
#2795 = DIRECTION ( 'NONE',  ( 1.161910764409192650E-17, 1.000000000000000000, 0.000000000000000000 ) ) ;
#2796 = FACE_OUTER_BOUND ( 'NONE', #963, .T. ) ;
#2797 = EDGE_CURVE ( 'NONE', #1179, #888, #1871, .T. ) ;
#2798 = ORIENTED_EDGE ( 'NONE', *, *, #957, .T. ) ;
#2799 = PLANE ( 'NONE',  #337 ) ;
#2800 = MECHANICAL_DESIGN_GEOMETRIC_PRESENTATION_REPRESENTATION (  '', ( #1941 ), #2465 ) ;
#2801 = COLOUR_RGB ( '',0.8980392156862745390, 0.9215686274509803377, 0.9294117647058823817 ) ;
#2802 = SURFACE_STYLE_FILL_AREA ( #3066 ) ;
#2803 = VERTEX_POINT ( 'NONE', #3206 ) ;
#2804 = LINE ( 'NONE', #2911, #324 ) ;
#2805 = STYLED_ITEM ( 'NONE', ( #2484 ), #1285 ) ;
#2806 = COLOUR_RGB ( '',0.7921568627450980005, 0.8196078431372548767, 0.9333333333333333481 ) ;
#2807 = ORIENTED_EDGE ( 'NONE', *, *, #1975, .F. ) ;
#2808 =( GEOMETRIC_REPRESENTATION_CONTEXT ( 3 ) GLOBAL_UNCERTAINTY_ASSIGNED_CONTEXT ( ( #921 ) ) GLOBAL_UNIT_ASSIGNED_CONTEXT ( ( #1931, #1652, #2264 ) ) REPRESENTATION_CONTEXT ( 'NONE', 'WORKASPACE' ) );
#2809 = ORIENTED_EDGE ( 'NONE', *, *, #1704, .T. ) ;
#2810 = FILL_AREA_STYLE_COLOUR ( '', #3380 ) ;
#2811 = VECTOR ( 'NONE', #684, 1000.000000000000000 ) ;
#2812 = FILL_AREA_STYLE ('',( #380 ) ) ;
#2813 = VECTOR ( 'NONE', #1073, 1000.000000000000000 ) ;
#2814 = CARTESIAN_POINT ( 'NONE',  ( 0.6324999999999999512, 0.5495999999999998664, 0.000000000000000000 ) ) ;
#2815 = FILL_AREA_STYLE_COLOUR ( '', #1039 ) ;
#2816 = PRESENTATION_LAYER_ASSIGNMENT (  '', '', ( #3389 ) ) ;
#2817 = ORIENTED_EDGE ( 'NONE', *, *, #192, .F. ) ;
#2818 = CARTESIAN_POINT ( 'NONE',  ( 1.225650702456156482, 0.5832999999999995966, -0.6209149699170437575 ) ) ;
#2819 = VECTOR ( 'NONE', #2486, 1000.000000000000000 ) ;
#2820 = ADVANCED_FACE ( 'NONE', ( #1299 ), #2140, .T. ) ;
#2821 = VECTOR ( 'NONE', #2964, 1000.000000000000000 ) ;
#2822 = EDGE_CURVE ( 'NONE', #736, #180, #2882, .T. ) ;
#2823 = DIRECTION ( 'NONE',  ( 1.000000000000000000, 0.000000000000000000, 0.000000000000000000 ) ) ;
#2824 = EDGE_LOOP ( 'NONE', ( #3092, #615, #3373, #938, #2320, #1729, #289, #2, #2786, #2314, #2385, #2510 ) ) ;
#2825 = CARTESIAN_POINT ( 'NONE',  ( 1.522903225806452099, -0.01679999999999997121, 0.000000000000000000 ) ) ;
#2826 = FILL_AREA_STYLE ('',( #699 ) ) ;
#2827 = EDGE_LOOP ( 'NONE', ( #140, #353, #942 ) ) ;
#2828 = ORIENTED_EDGE ( 'NONE', *, *, #1988, .T. ) ;
#2829 = DIRECTION ( 'NONE',  ( 0.000000000000000000, 1.000000000000000000, 0.000000000000000000 ) ) ;
#2830 = CARTESIAN_POINT ( 'NONE',  ( 1.092589860420387859, 0.5831999999999996076, -0.7898232800688187449 ) ) ;
#2831 = EDGE_LOOP ( 'NONE', ( #734, #2495, #2807, #2789 ) ) ;
#2832 = EDGE_CURVE ( 'NONE', #2448, #1530, #2952, .T. ) ;
#2833 = CARTESIAN_POINT ( 'NONE',  ( 0.9721854071353549509, 0.5832999999999995966, -0.6393598874698359635 ) ) ;
#2834 = ORIENTED_EDGE ( 'NONE', *, *, #364, .F. ) ;
#2835 = DIRECTION ( 'NONE',  ( 0.000000000000000000, 1.000000000000000000, 0.000000000000000000 ) ) ;
#2836 = ORIENTED_EDGE ( 'NONE', *, *, #1065, .F. ) ;
#2837 = PRESENTATION_STYLE_ASSIGNMENT (( #3128 ) ) ;
#2838 = LINE ( 'NONE', #428, #519 ) ;
#2839 = EDGE_CURVE ( 'NONE', #1354, #1152, #274, .T. ) ;
#2840 = CARTESIAN_POINT ( 'NONE',  ( 1.319053356059963766, 0.5831999999999996076, -0.7283142491535162799 ) ) ;
#2841 = DIRECTION ( 'NONE',  ( -1.000000000000000000, 0.000000000000000000, 0.000000000000000000 ) ) ;
#2842 = EDGE_LOOP ( 'NONE', ( #2456, #702, #477, #128 ) ) ;
#2843 =( NAMED_UNIT ( * ) SI_UNIT ( $, .STERADIAN. ) SOLID_ANGLE_UNIT ( ) );
#2844 = ORIENTED_EDGE ( 'NONE', *, *, #1876, .F. ) ;
#2845 =( LENGTH_UNIT ( ) NAMED_UNIT ( * ) SI_UNIT ( .MILLI., .METRE. ) );
#2846 =( LENGTH_UNIT ( ) NAMED_UNIT ( * ) SI_UNIT ( .MILLI., .METRE. ) );
#2847 = VECTOR ( 'NONE', #2575, 1000.000000000000000 ) ;
#2848 = ORIENTED_EDGE ( 'NONE', *, *, #1975, .T. ) ;
#2849 = CARTESIAN_POINT ( 'NONE',  ( 0.9218584416593362807, 0.5831999999999996076, -0.6775678900344093147 ) ) ;
#2850 = VECTOR ( 'NONE', #643, 1000.000000000000000 ) ;
#2851 =( GEOMETRIC_REPRESENTATION_CONTEXT ( 3 ) GLOBAL_UNCERTAINTY_ASSIGNED_CONTEXT ( ( #2273 ) ) GLOBAL_UNIT_ASSIGNED_CONTEXT ( ( #2169, #2926, #524 ) ) REPRESENTATION_CONTEXT ( 'NONE', 'WORKASPACE' ) );
#2852 = DIRECTION ( 'NONE',  ( 1.000000000000000000, 0.000000000000000000, 0.000000000000000000 ) ) ;
#2853 = DIRECTION ( 'NONE',  ( -0.3831681534674067358, -0.000000000000000000, -0.9236786054512565736 ) ) ;
#2854 = CARTESIAN_POINT ( 'NONE',  ( 0.8950870111682094343, 0.5831999999999996076, -0.5653125000000001066 ) ) ;
#2855 = VECTOR ( 'NONE', #1804, 1000.000000000000000 ) ;
#2856 = EDGE_LOOP ( 'NONE', ( #2755, #20, #3188, #2323 ) ) ;
#2857 = CARTESIAN_POINT ( 'NONE',  ( 0.7539564727974104041, 0.5831999999999996076, -0.5653125000000001066 ) ) ;
#2858 = FILL_AREA_STYLE_COLOUR ( '', #2018 ) ;
#2859 = AXIS2_PLACEMENT_3D ( 'NONE', #2998, #298, #1186 ) ;
#2860 = LINE ( 'NONE', #2593, #1222 ) ;
#2861 = VECTOR ( 'NONE', #857, 1000.000000000000114 ) ;
#2862 = VERTEX_POINT ( 'NONE', #2356 ) ;
#2863 = UNCERTAINTY_MEASURE_WITH_UNIT (LENGTH_MEASURE( 1.000000000000000082E-05 ), #1749, 'distance_accuracy_value', 'NONE');
#2864 = STYLED_ITEM ( 'NONE', ( #746 ), #2740 ) ;
#2865 =( BOUNDED_CURVE ( )  B_SPLINE_CURVE ( 3, ( #3099, #691, #1755, #2840, #1240, #950, #998 ),
 .UNSPECIFIED., .F., .F. ) 
 B_SPLINE_CURVE_WITH_KNOTS ( ( 4, 3, 4 ),
 ( 0.2499999999999990008, 0.5000000000000000000, 0.7500000000000008882 ),
 .UNSPECIFIED. ) 
 CURVE ( )  GEOMETRIC_REPRESENTATION_ITEM ( )  RATIONAL_B_SPLINE_CURVE ( ( 0.5000000000000000000, 0.4999999999999987232, 0.6666666666666654084, 1.000000000000000000, 0.6666666666666655194, 0.4999999999999988898, 0.5000000000000000000 ) ) 
 REPRESENTATION_ITEM ( '' )  );
#2866 =( LENGTH_UNIT ( ) NAMED_UNIT ( * ) SI_UNIT ( .MILLI., .METRE. ) );
#2867 = VERTEX_POINT ( 'NONE', #10 ) ;
#2868 = VECTOR ( 'NONE', #778, 1000.000000000000000 ) ;
#2869 =( NAMED_UNIT ( * ) PLANE_ANGLE_UNIT ( ) SI_UNIT ( $, .RADIAN. ) );
#2870 = CARTESIAN_POINT ( 'NONE',  ( 1.068101134280340592, 0.5832999999999995966, -0.5653125000000001066 ) ) ;
#2871 = VERTEX_POINT ( 'NONE', #3446 ) ;
#2872 = PLANE ( 'NONE',  #3479 ) ;
#2873 = CARTESIAN_POINT ( 'NONE',  ( 1.279362179235310260, 0.5831999999999996076, -0.6775678900344092037 ) ) ;
#2874 = ADVANCED_FACE ( 'NONE', ( #1819 ), #2894, .T. ) ;
#2875 =( NAMED_UNIT ( * ) PLANE_ANGLE_UNIT ( ) SI_UNIT ( $, .RADIAN. ) );
#2876 = CARTESIAN_POINT ( 'NONE',  ( 0.6891922885731290860, 0.5831999999999996076, -0.7898232800688187449 ) ) ;
#2877 = CARTESIAN_POINT ( 'NONE',  ( 0.8783137329725838605, 0.5831999999999996076, -0.7898232800688187449 ) ) ;
#2878 = DIRECTION ( 'NONE',  ( -1.000000000000000000, 0.000000000000000000, -0.000000000000000000 ) ) ;
#2879 = EDGE_LOOP ( 'NONE', ( #3460, #3000, #907, #521 ) ) ;
#2880 = CARTESIAN_POINT ( 'NONE',  ( 0.7640595550224216215, 0.5831999999999996076, -0.5653125000000001066 ) ) ;
#2881 = ORIENTED_EDGE ( 'NONE', *, *, #1072, .F. ) ;
#2882 = LINE ( 'NONE', #518, #2598 ) ;
#2883 = ORIENTED_EDGE ( 'NONE', *, *, #996, .T. ) ;
#2884 = CARTESIAN_POINT ( 'NONE',  ( 1.009658800287723590, 0.5832999999999997076, -0.7898232800688188560 ) ) ;
#2885 = DIRECTION ( 'NONE',  ( 0.000000000000000000, 0.000000000000000000, -1.000000000000000000 ) ) ;
#2886 =( NAMED_UNIT ( * ) SI_UNIT ( $, .STERADIAN. ) SOLID_ANGLE_UNIT ( ) );
#2887 = LINE ( 'NONE', #420, #1119 ) ;
#2888 = ORIENTED_EDGE ( 'NONE', *, *, #82, .F. ) ;
#2889 = DIRECTION ( 'NONE',  ( 0.000000000000000000, 1.000000000000000000, 0.000000000000000000 ) ) ;
#2890 = UNCERTAINTY_MEASURE_WITH_UNIT (LENGTH_MEASURE( 1.000000000000000082E-05 ), #240, 'distance_accuracy_value', 'NONE');
#2891 = EDGE_CURVE ( 'NONE', #133, #2030, #2381, .T. ) ;
#2892 = PRESENTATION_STYLE_ASSIGNMENT (( #515 ) ) ;
#2893 = ORIENTED_EDGE ( 'NONE', *, *, #2044, .T. ) ;
#2894 = PLANE ( 'NONE',  #1512 ) ;
#2895 = CARTESIAN_POINT ( 'NONE',  ( 1.068101134280340592, 0.5831999999999996076, -0.7898232800688187449 ) ) ;
#2896 = ORIENTED_EDGE ( 'NONE', *, *, #2121, .T. ) ;
#2897 =( LENGTH_UNIT ( ) NAMED_UNIT ( * ) SI_UNIT ( .MILLI., .METRE. ) );
#2898 = CARTESIAN_POINT ( 'NONE',  ( 1.009706646541494335, 0.5831999999999996076, -0.6778800650870643318 ) ) ;
#2899 = AXIS2_PLACEMENT_3D ( 'NONE', #1387, #2670, #1918 ) ;
#2900 = CARTESIAN_POINT ( 'NONE',  ( 1.522903225806452099, 0.5663999999999999035, -1.350000000000000089 ) ) ;
#2901 = MECHANICAL_DESIGN_GEOMETRIC_PRESENTATION_REPRESENTATION (  '', ( #3310 ), #3258 ) ;
#2902 = AXIS2_PLACEMENT_3D ( 'NONE', #2210, #859, #1925 ) ;
#2903 = DIRECTION ( 'NONE',  ( 0.000000000000000000, -0.000000000000000000, -1.000000000000000000 ) ) ;
#2904 = CARTESIAN_POINT ( 'NONE',  ( 2.045806451612903754, 0.000000000000000000, 0.000000000000000000 ) ) ;
#2905 = VECTOR ( 'NONE', #2331, 1000.000000000000000 ) ;
#2906 = VERTEX_POINT ( 'NONE', #2925 ) ;
#2907 = LINE ( 'NONE', #2093, #1413 ) ;
#2908 = COLOUR_RGB ( '',0.8980392156862745390, 0.9215686274509803377, 0.9294117647058823817 ) ;
#2909 = AXIS2_PLACEMENT_3D ( 'NONE', #465, #1012, #1264 ) ;
#2910 =( LENGTH_UNIT ( ) NAMED_UNIT ( * ) SI_UNIT ( .MILLI., .METRE. ) );
#2911 = CARTESIAN_POINT ( 'NONE',  ( 0.7635987315707962741, 0.5831999999999996076, -0.7898232800688187449 ) ) ;
#2912 = ORIENTED_EDGE ( 'NONE', *, *, #3497, .F. ) ;
#2913 = EDGE_CURVE ( 'NONE', #1529, #3331, #753, .T. ) ;
#2914 = DIRECTION ( 'NONE',  ( 0.000000000000000000, 1.000000000000000000, 0.000000000000000000 ) ) ;
#2915 = VECTOR ( 'NONE', #3315, 1000.000000000000000 ) ;
#2916 = FACE_OUTER_BOUND ( 'NONE', #1967, .T. ) ;
#2917 = EDGE_CURVE ( 'NONE', #59, #3475, #1569, .T. ) ;
#2918 = VECTOR ( 'NONE', #2118, 1000.000000000000114 ) ;
#2919 = ORIENTED_EDGE ( 'NONE', *, *, #1143, .T. ) ;
#2920 = ADVANCED_FACE ( 'NONE', ( #200 ), #2665, .T. ) ;
#2921 = FILL_AREA_STYLE_COLOUR ( '', #2908 ) ;
#2922 = CARTESIAN_POINT ( 'NONE',  ( 0.8783137329725838605, 0.5831999999999996076, -0.7898232800688187449 ) ) ;
#2923 =( LENGTH_UNIT ( ) NAMED_UNIT ( * ) SI_UNIT ( .MILLI., .METRE. ) );
#2924 = EDGE_LOOP ( 'NONE', ( #3045, #28, #1686, #1694 ) ) ;
#2925 = CARTESIAN_POINT ( 'NONE',  ( -0.02709677419354838621, -0.01679999999999981161, 0.000000000000000000 ) ) ;
#2926 =( NAMED_UNIT ( * ) PLANE_ANGLE_UNIT ( ) SI_UNIT ( $, .RADIAN. ) );
#2927 = CARTESIAN_POINT ( 'NONE',  ( 0.6324999999999999512, 0.5663999999999999035, 0.000000000000000000 ) ) ;
#2928 = UNCERTAINTY_MEASURE_WITH_UNIT (LENGTH_MEASURE( 1.000000000000000082E-05 ), #811, 'distance_accuracy_value', 'NONE');
#2929 = CARTESIAN_POINT ( 'NONE',  ( -0.02709677419354839314, 0.5663999999999996815, -1.350000000000000089 ) ) ;
#2930 = CARTESIAN_POINT ( 'NONE',  ( 0.7640595550224216215, 0.5831999999999996076, -0.5653125000000001066 ) ) ;
#2931 = CARTESIAN_POINT ( 'NONE',  ( 1.216707741942912868, 0.5832999999999995966, -0.6525078073068826257 ) ) ;
#2932 = ORIENTED_EDGE ( 'NONE', *, *, #1421, .F. ) ;
#2933 = FILL_AREA_STYLE ('',( #1196 ) ) ;
#2934 = CARTESIAN_POINT ( 'NONE',  ( 1.068101134280340592, 0.5831999999999996076, -0.7038014310072036039 ) ) ;
#2935 = ADVANCED_FACE ( 'NONE', ( #1546 ), #1028, .F. ) ;
#2936 = VERTEX_POINT ( 'NONE', #2857 ) ;
#2937 = CARTESIAN_POINT ( 'NONE',  ( 0.8950870111682094343, 0.5831999999999996076, -0.5653125000000001066 ) ) ;
#2938 = CARTESIAN_POINT ( 'NONE',  ( 1.406853714799367827, 0.5832999999999995966, -0.6775678900344090927 ) ) ;
#2939 = FILL_AREA_STYLE ('',( #791 ) ) ;
#2940 = CARTESIAN_POINT ( 'NONE',  ( 0.000000000000000000, 0.000000000000000000, 0.000000000000000000 ) ) ;
#2941 = EDGE_CURVE ( 'NONE', #2116, #717, #3149, .T. ) ;
#2942 = ORIENTED_EDGE ( 'NONE', *, *, #2426, .T. ) ;
#2943 = CARTESIAN_POINT ( 'NONE',  ( 0.9218584416593362807, 0.5831999999999996076, -0.6775678900344093147 ) ) ;
#2944 = EDGE_CURVE ( 'NONE', #3331, #2204, #2076, .T. ) ;
#2945 = CARTESIAN_POINT ( 'NONE',  ( 1.068101134280340592, 0.5832999999999995966, -0.7898232800688187449 ) ) ;
#2946 = DIRECTION ( 'NONE',  ( -0.3831681534674067358, 0.000000000000000000, 0.9236786054512564625 ) ) ;
#2947 = SURFACE_STYLE_USAGE ( .BOTH. , #1868 ) ;
#2948 = CARTESIAN_POINT ( 'NONE',  ( 0.9691334793078919541, 0.5831999999999996076, -0.6474439867258119374 ) ) ;
#2949 = CARTESIAN_POINT ( 'NONE',  ( 0.8325312755463347703, 0.5831999999999996076, -0.7898232800688187449 ) ) ;
#2950 = DIRECTION ( 'NONE',  ( 1.000000000000000000, -0.000000000000000000, 0.000000000000000000 ) ) ;
#2951 = ORIENTED_EDGE ( 'NONE', *, *, #1444, .T. ) ;
#2952 = LINE ( 'NONE', #1610, #1056 ) ;
#2953 =( NAMED_UNIT ( * ) PLANE_ANGLE_UNIT ( ) SI_UNIT ( $, .RADIAN. ) );
#2954 = DIRECTION ( 'NONE',  ( 0.000000000000000000, 0.000000000000000000, 1.000000000000000000 ) ) ;
#2955 = ORIENTED_EDGE ( 'NONE', *, *, #3077, .T. ) ;
#2956 = FILL_AREA_STYLE ('',( #1616 ) ) ;
#2957 =( LENGTH_UNIT ( ) NAMED_UNIT ( * ) SI_UNIT ( .MILLI., .METRE. ) );
#2958 = DIRECTION ( 'NONE',  ( 0.9599560819734185291, 0.000000000000000000, -0.2801505321826879835 ) ) ;
#2959 = ORIENTED_EDGE ( 'NONE', *, *, #3060, .F. ) ;
#2960 = CARTESIAN_POINT ( 'NONE',  ( 1.225650702456156482, 0.5832999999999995966, -0.5653125000000001066 ) ) ;
#2961 = ADVANCED_FACE ( 'NONE', ( #3452 ), #1014, .T. ) ;
#2962 = DIRECTION ( 'NONE',  ( 1.000000000000000000, 0.000000000000000000, 0.000000000000000000 ) ) ;
#2963 = FACE_OUTER_BOUND ( 'NONE', #40, .T. ) ;
#2964 = DIRECTION ( 'NONE',  ( 0.000000000000000000, 0.000000000000000000, -1.000000000000000000 ) ) ;
#2965 = VECTOR ( 'NONE', #1243, 1000.000000000000000 ) ;
#2966 = AXIS2_PLACEMENT_3D ( 'NONE', #1976, #3062, #1706 ) ;
#2967 = CARTESIAN_POINT ( 'NONE',  ( 0.8783137329725838605, 0.5832999999999995966, -0.7898232800688187449 ) ) ;
#2968 = VECTOR ( 'NONE', #3124, 1000.000000000000000 ) ;
#2969 = CARTESIAN_POINT ( 'NONE',  ( 1.358744532884617495, 0.5832999999999995966, -0.6775678900344089817 ) ) ;
#2970 = ORIENTED_EDGE ( 'NONE', *, *, #1504, .F. ) ;
#2971 = CARTESIAN_POINT ( 'NONE',  ( 1.362953535429665353, 0.5831999999999994966, -0.5653124999999998845 ) ) ;
#2972 = DIRECTION ( 'NONE',  ( -1.000000000000000000, -1.084202172485504064E-16, 0.000000000000000000 ) ) ;
#2973 = VECTOR ( 'NONE', #735, 1000.000000000000000 ) ;
#2974 = ORIENTED_EDGE ( 'NONE', *, *, #784, .T. ) ;
#2975 = CARTESIAN_POINT ( 'NONE',  ( 0.8157579973507091964, 0.5832999999999995966, -0.5653125000000001066 ) ) ;
#2976 = ORIENTED_EDGE ( 'NONE', *, *, #62, .F. ) ;
#2977 = MECHANICAL_DESIGN_GEOMETRIC_PRESENTATION_REPRESENTATION (  '', ( #2417 ), #167 ) ;
#2978 = FILL_AREA_STYLE_COLOUR ( '', #1272 ) ;
#2979 = SURFACE_STYLE_FILL_AREA ( #2939 ) ;
#2980 = CARTESIAN_POINT ( 'NONE',  ( 2.045806451612903754, 0.000000000000000000, 0.000000000000000000 ) ) ;
#2981 = VERTEX_POINT ( 'NONE', #2329 ) ;
#2982 = ORIENTED_EDGE ( 'NONE', *, *, #1664, .F. ) ;
#2983 = LINE ( 'NONE', #576, #1469 ) ;
#2984 = VECTOR ( 'NONE', #2774, 1000.000000000000000 ) ;
#2985 = CARTESIAN_POINT ( 'NONE',  ( 1.406853714799368049, 0.5832999999999995966, -0.7524048167240154905 ) ) ;
#2986 = DIRECTION ( 'NONE',  ( 0.000000000000000000, 0.000000000000000000, 1.000000000000000000 ) ) ;
#2987 = EDGE_CURVE ( 'NONE', #1685, #2279, #2103, .T. ) ;
#2988 = FACE_OUTER_BOUND ( 'NONE', #2222, .T. ) ;
#2989 = FACE_OUTER_BOUND ( 'NONE', #3012, .T. ) ;
#2990 = CARTESIAN_POINT ( 'NONE',  ( 0.9691334793078920651, 0.5832999999999998186, -0.6778800650870643318 ) ) ;
#2991 = EDGE_CURVE ( 'NONE', #2028, #106, #2652, .T. ) ;
#2992 = ORIENTED_EDGE ( 'NONE', *, *, #956, .T. ) ;
#2993 = CARTESIAN_POINT ( 'NONE',  ( 1.406853714799367383, 0.5831999999999996076, -0.6027309633448029169 ) ) ;
#2994 = DIRECTION ( 'NONE',  ( 1.000000000000000000, 0.000000000000000000, 0.000000000000000000 ) ) ;
#2995 = DIRECTION ( 'NONE',  ( 1.161910764409192342E-17, 1.000000000000000000, 0.000000000000000000 ) ) ;
#2996 = VERTEX_POINT ( 'NONE', #451 ) ;
#2997 = CARTESIAN_POINT ( 'NONE',  ( 0.6324999999999998401, 0.5663999999999997925, 0.000000000000000000 ) ) ;
#2998 = CARTESIAN_POINT ( 'NONE',  ( 1.092589860420387859, 0.5831999999999996076, -0.5653125000000001066 ) ) ;
#2999 = ORIENTED_EDGE ( 'NONE', *, *, #3052, .F. ) ;
#3000 = ORIENTED_EDGE ( 'NONE', *, *, #1658, .F. ) ;
#3001 = CARTESIAN_POINT ( 'NONE',  ( 0.8679115112500913609, 0.5831999999999996076, -0.6517429111534418507 ) ) ;
#3002 =( NAMED_UNIT ( * ) SI_UNIT ( $, .STERADIAN. ) SOLID_ANGLE_UNIT ( ) );
#3003 = CARTESIAN_POINT ( 'NONE',  ( 1.279362179235310260, 0.5831999999999993856, -0.6775678900344093147 ) ) ;
#3004 =( BOUNDED_SURFACE ( )  B_SPLINE_SURFACE ( 3, 1, ( 
 ( #363, #116 ),
 ( #903, #1437 ),
 ( #2502, #3309 ),
 ( #3003, #1703 ) ),
 .UNSPECIFIED., .F., .F., .F. ) 
 B_SPLINE_SURFACE_WITH_KNOTS ( ( 4, 4 ),
 ( 2, 2 ),
 ( 0.5000000078403995518, 1.000000000000000000 ),
 ( 0.000000000000000000, 1.000000000000000000 ),
 .UNSPECIFIED. ) 
 GEOMETRIC_REPRESENTATION_ITEM ( )  RATIONAL_B_SPLINE_SURFACE ( (
 ( 1.000000000000000000, 1.000000000000000000),
 ( 0.3333333333333333703, 0.3333333333333333703),
 ( 0.3333333333333333703, 0.3333333333333333703),
 ( 1.000000000000000000, 1.000000000000000000) ) ) 
 REPRESENTATION_ITEM ( '' )  SURFACE ( )  );
#3005 = SURFACE_STYLE_FILL_AREA ( #2711 ) ;
#3006 = SURFACE_STYLE_FILL_AREA ( #1128 ) ;
#3007 = PLANE ( 'NONE',  #208 ) ;
#3008 = ORIENTED_EDGE ( 'NONE', *, *, #3013, .F. ) ;
#3009 = CARTESIAN_POINT ( 'NONE',  ( 0.7539564727974104041, 0.5831999999999996076, -0.5653125000000001066 ) ) ;
#3010 = UNCERTAINTY_MEASURE_WITH_UNIT (LENGTH_MEASURE( 1.000000000000000082E-05 ), #401, 'distance_accuracy_value', 'NONE');
#3011 = EDGE_CURVE ( 'NONE', #1179, #2996, #1796, .T. ) ;
#3012 = EDGE_LOOP ( 'NONE', ( #1594, #1660, #296, #1863 ) ) ;
#3013 = EDGE_CURVE ( 'NONE', #1416, #1765, #3418, .T. ) ;
#3014 = ORIENTED_EDGE ( 'NONE', *, *, #3450, .F. ) ;
#3015 = FACE_OUTER_BOUND ( 'NONE', #985, .T. ) ;
#3016 = EDGE_LOOP ( 'NONE', ( #2263, #1888, #3159, #161 ) ) ;
#3017 = ORIENTED_EDGE ( 'NONE', *, *, #598, .T. ) ;
#3018 = DIRECTION ( 'NONE',  ( 0.000000000000000000, 1.000000000000000000, 0.000000000000000000 ) ) ;
#3019 = DIRECTION ( 'NONE',  ( 0.000000000000000000, -1.000000000000000000, -0.000000000000000000 ) ) ;
#3020 = CARTESIAN_POINT ( 'NONE',  ( 0.7263955100719626801, 0.5831999999999996076, -0.7001398879565884359 ) ) ;
#3021 = CARTESIAN_POINT ( 'NONE',  ( 2.045806451612903754, 0.000000000000000000, -1.350000000000000089 ) ) ;
#3022 = DIRECTION ( 'NONE',  ( -0.3831681534674067358, -0.000000000000000000, -0.9236786054512565736 ) ) ;
#3023 =( LENGTH_UNIT ( ) NAMED_UNIT ( * ) SI_UNIT ( .MILLI., .METRE. ) );
#3024 = VECTOR ( 'NONE', #1379, 1000.000000000000000 ) ;
#3025 = PLANE ( 'NONE',  #2345 ) ;
#3026 = ORIENTED_EDGE ( 'NONE', *, *, #936, .T. ) ;
#3027 = DIRECTION ( 'NONE',  ( 0.000000000000000000, 0.000000000000000000, -1.000000000000000000 ) ) ;
#3028 = VECTOR ( 'NONE', #2557, 1000.000000000000227 ) ;
#3029 = MECHANICAL_DESIGN_GEOMETRIC_PRESENTATION_REPRESENTATION (  '', ( #154 ), #1501 ) ;
#3030 = MECHANICAL_DESIGN_GEOMETRIC_PRESENTATION_REPRESENTATION (  '', ( #2008 ), #770 ) ;
#3031 = VERTEX_POINT ( 'NONE', #3294 ) ;
#3032 = VECTOR ( 'NONE', #148, 1000.000000000000000 ) ;
#3033 = EDGE_CURVE ( 'NONE', #2867, #3306, #2150, .T. ) ;
#3034 = CARTESIAN_POINT ( 'NONE',  ( 1.225650702456156482, 0.5831999999999996076, -0.7318403520106933069 ) ) ;
#3035 = ORIENTED_EDGE ( 'NONE', *, *, #3390, .T. ) ;
#3036 = MECHANICAL_DESIGN_GEOMETRIC_PRESENTATION_REPRESENTATION (  '', ( #3148 ), #2694 ) ;
#3037 = ORIENTED_EDGE ( 'NONE', *, *, #957, .F. ) ;
#3038 = ORIENTED_EDGE ( 'NONE', *, *, #1441, .T. ) ;
#3039 = FACE_OUTER_BOUND ( 'NONE', #2037, .T. ) ;
#3040 = VECTOR ( 'NONE', #2429, 1000.000000000000000 ) ;
#3041 = LINE ( 'NONE', #399, #1722 ) ;
#3042 = VECTOR ( 'NONE', #1346, 1000.000000000000000 ) ;
#3043 = PLANE ( 'NONE',  #1734 ) ;
#3044 = SURFACE_STYLE_USAGE ( .BOTH. , #119 ) ;
#3045 = ORIENTED_EDGE ( 'NONE', *, *, #827, .F. ) ;
#3046 = DIRECTION ( 'NONE',  ( -0.3831681534674067358, 0.000000000000000000, 0.9236786054512565736 ) ) ;
#3047 = LINE ( 'NONE', #1645, #1450 ) ;
#3048 = FACE_OUTER_BOUND ( 'NONE', #1086, .T. ) ;
#3049 = ORIENTED_EDGE ( 'NONE', *, *, #1462, .T. ) ;
#3050 = SURFACE_STYLE_FILL_AREA ( #3342 ) ;
#3051 = DIRECTION ( 'NONE',  ( 0.000000000000000000, 0.000000000000000000, -1.000000000000000000 ) ) ;
#3052 = EDGE_CURVE ( 'NONE', #901, #2470, #263, .T. ) ;
#3053 = ORIENTED_EDGE ( 'NONE', *, *, #2913, .F. ) ;
#3054 = ORIENTED_EDGE ( 'NONE', *, *, #3363, .T. ) ;
#3055 = EDGE_CURVE ( 'NONE', #530, #3286, #21, .T. ) ;
#3056 = FILL_AREA_STYLE ('',( #1720 ) ) ;
#3057 = EDGE_CURVE ( 'NONE', #2862, #1151, #1403, .T. ) ;
#3058 = DIRECTION ( 'NONE',  ( -1.000000000000000000, 0.000000000000000000, 0.000000000000000000 ) ) ;
#3059 =( LENGTH_UNIT ( ) NAMED_UNIT ( * ) SI_UNIT ( .MILLI., .METRE. ) );
#3060 = EDGE_CURVE ( 'NONE', #2332, #1668, #1368, .T. ) ;
#3061 = CARTESIAN_POINT ( 'NONE',  ( 1.231252997320559484, 0.5831999999999996076, -0.7524048167240156015 ) ) ;
#3062 = DIRECTION ( 'NONE',  ( 1.250381969756348237E-16, 1.000000000000000000, -0.000000000000000000 ) ) ;
#3063 = CARTESIAN_POINT ( 'NONE',  ( 0.8268277461106697812, 0.5831999999999996076, -0.5971477267166894753 ) ) ;
#3064 = LINE ( 'NONE', #681, #1832 ) ;
#3065 = VERTEX_POINT ( 'NONE', #2500 ) ;
#3066 = FILL_AREA_STYLE ('',( #2563 ) ) ;
#3067 = ORIENTED_EDGE ( 'NONE', *, *, #227, .F. ) ;
#3068 = DIRECTION ( 'NONE',  ( 1.000000000000000000, 0.000000000000000000, 0.000000000000000000 ) ) ;
#3069 = ORIENTED_EDGE ( 'NONE', *, *, #1949, .T. ) ;
#3070 = ORIENTED_EDGE ( 'NONE', *, *, #2359, .T. ) ;
#3071 = SURFACE_SIDE_STYLE ('',( #2762 ) ) ;
#3072 = DIRECTION ( 'NONE',  ( -1.000000000000000000, -3.428307264776299151E-16, 0.000000000000000000 ) ) ;
#3073 = EDGE_CURVE ( 'NONE', #2714, #2512, #2983, .T. ) ;
#3074 = SURFACE_STYLE_FILL_AREA ( #2200 ) ;
#3075 = CARTESIAN_POINT ( 'NONE',  ( 0.9693737704262533894, 0.5831999999999996076, -0.6722427766874520261 ) ) ;
#3076 = FACE_OUTER_BOUND ( 'NONE', #1936, .T. ) ;
#3077 = EDGE_CURVE ( 'NONE', #498, #1492, #1637, .T. ) ;
#3078 = SURFACE_STYLE_FILL_AREA ( #3313 ) ;
#3079 = ADVANCED_FACE ( 'NONE', ( #77 ), #2043, .T. ) ;
#3080 = ORIENTED_EDGE ( 'NONE', *, *, #2304, .F. ) ;
#3081 = DIRECTION ( 'NONE',  ( 0.000000000000000000, 1.000000000000000000, 0.000000000000000000 ) ) ;
#3082 = UNCERTAINTY_MEASURE_WITH_UNIT (LENGTH_MEASURE( 1.000000000000000082E-05 ), #2034, 'distance_accuracy_value', 'NONE');
#3083 = VECTOR ( 'NONE', #83, 1000.000000000000000 ) ;
#3084 = CLOSED_SHELL ( 'NONE', ( #1833, #1121, #247, #583, #1220, #2476, #1605, #2235, #1539, #3183, #973, #9, #2935 ) ) ;
#3085 = CARTESIAN_POINT ( 'NONE',  ( 0.9691334793078920651, 0.5832999999999995966, -0.6759821949337802005 ) ) ;
#3086 = ORIENTED_EDGE ( 'NONE', *, *, #520, .F. ) ;
#3087 = SURFACE_STYLE_FILL_AREA ( #3358 ) ;
#3088 = CARTESIAN_POINT ( 'NONE',  ( 1.522903225806452099, -0.01679999999999997121, -1.350000000000000089 ) ) ;
#3089 = PLANE ( 'NONE',  #1344 ) ;
#3090 = VECTOR ( 'NONE', #203, 1000.000000000000000 ) ;
#3091 = VECTOR ( 'NONE', #2110, 1000.000000000000000 ) ;
#3092 = ORIENTED_EDGE ( 'NONE', *, *, #2917, .F. ) ;
#3093 = MECHANICAL_DESIGN_GEOMETRIC_PRESENTATION_REPRESENTATION (  '', ( #2641 ), #3486 ) ;
#3094 =( GEOMETRIC_REPRESENTATION_CONTEXT ( 3 ) GLOBAL_UNCERTAINTY_ASSIGNED_CONTEXT ( ( #2492 ) ) GLOBAL_UNIT_ASSIGNED_CONTEXT ( ( #3308, #881, #2282 ) ) REPRESENTATION_CONTEXT ( 'NONE', 'WORKASPACE' ) );
#3095 = EDGE_LOOP ( 'NONE', ( #1315, #1148, #682, #3444 ) ) ;
#3096 = DIRECTION ( 'NONE',  ( 0.000000000000000000, 0.000000000000000000, 1.000000000000000000 ) ) ;
#3097 = CARTESIAN_POINT ( 'NONE',  ( 1.068101134280340592, 0.5831999999999996076, -0.7898232800688187449 ) ) ;
#3098 = VECTOR ( 'NONE', #2549, 1000.000000000000000 ) ;
#3099 = CARTESIAN_POINT ( 'NONE',  ( 1.358744532884617495, 0.5831999999999996076, -0.6775678900344089817 ) ) ;
#3100 = FACE_OUTER_BOUND ( 'NONE', #1984, .T. ) ;
#3101 = COLOUR_RGB ( '',0.8980392156862745390, 0.9215686274509803377, 0.9294117647058823817 ) ;
#3102 = CARTESIAN_POINT ( 'NONE',  ( 1.144016018489260045, 0.5832999999999995966, -0.7318403520106933069 ) ) ;
#3103 = CARTESIAN_POINT ( 'NONE',  ( 0.6988345473465140678, 0.5831999999999996076, -0.6422223896846877000 ) ) ;
#3104 = EDGE_CURVE ( 'NONE', #1751, #2332, #1930, .T. ) ;
#3105 = ORIENTED_EDGE ( 'NONE', *, *, #2218, .T. ) ;
#3106 = ADVANCED_FACE ( 'NONE', ( #41 ), #856, .T. ) ;
#3107 = VECTOR ( 'NONE', #2054, 1000.000000000000000 ) ;
#3108 = STYLED_ITEM ( 'NONE', ( #1906 ), #123 ) ;
#3109 = CARTESIAN_POINT ( 'NONE',  ( 0.9218584416593365027, 0.5832999999999997076, -0.6775678900344089817 ) ) ;
#3110 = EDGE_LOOP ( 'NONE', ( #1159, #1074, #53, #2479 ) ) ;
#3111 = SURFACE_STYLE_FILL_AREA ( #910 ) ;
#3112 = DIRECTION ( 'NONE',  ( 0.000000000000000000, 0.000000000000000000, -1.000000000000000000 ) ) ;
#3113 = ORIENTED_EDGE ( 'NONE', *, *, #2686, .T. ) ;
#3114 = FILL_AREA_STYLE_COLOUR ( '', #1392 ) ;
#3115 = CARTESIAN_POINT ( 'NONE',  ( 1.144016018489260045, 0.5831999999999996076, -0.7023734713488288817 ) ) ;
#3116 = DIRECTION ( 'NONE',  ( 1.000000000000000000, 0.000000000000000000, 0.000000000000000000 ) ) ;
#3117 = FILL_AREA_STYLE_COLOUR ( '', #2636 ) ;
#3118 = CARTESIAN_POINT ( 'NONE',  ( 0.8950870111682094343, 0.5831999999999996076, -0.5653125000000001066 ) ) ;
#3119 = PRESENTATION_STYLE_ASSIGNMENT (( #2077 ) ) ;
#3120 = LINE ( 'NONE', #1524, #437 ) ;
#3121 = ORIENTED_EDGE ( 'NONE', *, *, #2763, .T. ) ;
#3122 = LINE ( 'NONE', #3355, #2190 ) ;
#3123 = ORIENTED_EDGE ( 'NONE', *, *, #1097, .F. ) ;
#3124 = DIRECTION ( 'NONE',  ( 0.000000000000000000, 1.000000000000000000, 0.000000000000000000 ) ) ;
#3125 = CARTESIAN_POINT ( 'NONE',  ( 1.358744532884617273, 0.5831999999999996076, -0.6775678900344093147 ) ) ;
#3126 = EDGE_LOOP ( 'NONE', ( #3142, #1971, #1235, #2702 ) ) ;
#3127 = EDGE_CURVE ( 'NONE', #3475, #31, #1651, .T. ) ;
#3128 = SURFACE_STYLE_USAGE ( .BOTH. , #1486 ) ;
#3129 = CARTESIAN_POINT ( 'NONE',  ( 0.6891922885731290860, 0.5832999999999995966, -0.7898232800688187449 ) ) ;
#3130 = FACE_OUTER_BOUND ( 'NONE', #1952, .T. ) ;
#3131 = ORIENTED_EDGE ( 'NONE', *, *, #759, .F. ) ;
#3132 = FACE_OUTER_BOUND ( 'NONE', #234, .T. ) ;
#3133 = LINE ( 'NONE', #486, #1042 ) ;
#3134 = ORIENTED_EDGE ( 'NONE', *, *, #1247, .F. ) ;
#3135 = DIRECTION ( 'NONE',  ( -0.9445278495559004117, 0.000000000000000000, 0.3284313343962578791 ) ) ;
#3136 =( NAMED_UNIT ( * ) SI_UNIT ( $, .STERADIAN. ) SOLID_ANGLE_UNIT ( ) );
#3137 = ORIENTED_EDGE ( 'NONE', *, *, #1444, .F. ) ;
#3138 = FACE_OUTER_BOUND ( 'NONE', #3421, .T. ) ;
#3139 = MECHANICAL_DESIGN_GEOMETRIC_PRESENTATION_REPRESENTATION (  '', ( #259 ), #2177 ) ;
#3140 =( GEOMETRIC_REPRESENTATION_CONTEXT ( 3 ) GLOBAL_UNCERTAINTY_ASSIGNED_CONTEXT ( ( #1763 ) ) GLOBAL_UNIT_ASSIGNED_CONTEXT ( ( #1939, #1108, #567 ) ) REPRESENTATION_CONTEXT ( 'NONE', 'WORKASPACE' ) );
#3141 = EDGE_CURVE ( 'NONE', #2259, #2730, #3234, .T. ) ;
#3142 = ORIENTED_EDGE ( 'NONE', *, *, #1684, .F. ) ;
#3143 = VECTOR ( 'NONE', #2270, 1000.000000000000114 ) ;
#3144 = VECTOR ( 'NONE', #1241, 1000.000000000000000 ) ;
#3145 = DIRECTION ( 'NONE',  ( 1.000000000000000000, 0.000000000000000000, 0.000000000000000000 ) ) ;
#3146 = EDGE_CURVE ( 'NONE', #2030, #2288, #231, .T. ) ;
#3147 = MECHANICAL_DESIGN_GEOMETRIC_PRESENTATION_REPRESENTATION (  '', ( #1559 ), #2297 ) ;
#3148 = STYLED_ITEM ( 'NONE', ( #144 ), #535 ) ;
#3149 = LINE ( 'NONE', #1289, #620 ) ;
#3150 = LINE ( 'NONE', #3406, #2313 ) ;
#3151 = SURFACE_STYLE_FILL_AREA ( #2026 ) ;
#3152 =( NAMED_UNIT ( * ) PLANE_ANGLE_UNIT ( ) SI_UNIT ( $, .RADIAN. ) );
#3153 =( GEOMETRIC_REPRESENTATION_CONTEXT ( 3 ) GLOBAL_UNCERTAINTY_ASSIGNED_CONTEXT ( ( #221 ) ) GLOBAL_UNIT_ASSIGNED_CONTEXT ( ( #2846, #2953, #2358 ) ) REPRESENTATION_CONTEXT ( 'NONE', 'WORKASPACE' ) );
#3154 = CARTESIAN_POINT ( 'NONE',  ( 0.7539564727974104041, 0.5832999999999995966, -0.6422223896846877000 ) ) ;
#3155 = STYLED_ITEM ( 'NONE', ( #3220 ), #2586 ) ;
#3156 = VERTEX_POINT ( 'NONE', #35 ) ;
#3157 = UNCERTAINTY_MEASURE_WITH_UNIT (LENGTH_MEASURE( 1.000000000000000082E-05 ), #447, 'distance_accuracy_value', 'NONE');
#3158 = LINE ( 'NONE', #476, #1844 ) ;
#3159 = ORIENTED_EDGE ( 'NONE', *, *, #2195, .T. ) ;
#3160 = VECTOR ( 'NONE', #851, 1000.000000000000000 ) ;
#3161 = SURFACE_STYLE_USAGE ( .BOTH. , #142 ) ;
#3162 = VECTOR ( 'NONE', #1369, 1000.000000000000000 ) ;
#3163 = EDGE_LOOP ( 'NONE', ( #3246, #273, #972, #3070 ) ) ;
#3164 = FACE_OUTER_BOUND ( 'NONE', #670, .T. ) ;
#3165 = LINE ( 'NONE', #3384, #1780 ) ;
#3166 = CARTESIAN_POINT ( 'NONE',  ( 1.522903225806452099, 0.5663999999999999035, 0.000000000000000000 ) ) ;
#3167 = EDGE_CURVE ( 'NONE', #2625, #946, #2146, .T. ) ;
#3168 = LINE ( 'NONE', #728, #2905 ) ;
#3169 = EDGE_CURVE ( 'NONE', #3367, #2288, #602, .T. ) ;
#3170 = ORIENTED_EDGE ( 'NONE', *, *, #1988, .F. ) ;
#3171 = ORIENTED_EDGE ( 'NONE', *, *, #833, .T. ) ;
#3172 = PLANE ( 'NONE',  #887 ) ;
#3173 = DIRECTION ( 'NONE',  ( 0.000000000000000000, 0.000000000000000000, -1.000000000000000000 ) ) ;
#3174 = ORIENTED_EDGE ( 'NONE', *, *, #1090, .F. ) ;
#3175 = SURFACE_STYLE_USAGE ( .BOTH. , #3462 ) ;
#3176 = FILL_AREA_STYLE_COLOUR ( '', #326 ) ;
#3177 = ORIENTED_EDGE ( 'NONE', *, *, #3073, .T. ) ;
#3178 = CARTESIAN_POINT ( 'NONE',  ( 0.000000000000000000, 0.000000000000000000, 0.000000000000000000 ) ) ;
#3179 = DIRECTION ( 'NONE',  ( 1.000000000000000000, 0.000000000000000000, 0.000000000000000000 ) ) ;
#3180 = ORIENTED_EDGE ( 'NONE', *, *, #3033, .T. ) ;
#3181 = DIRECTION ( 'NONE',  ( 0.000000000000000000, 0.000000000000000000, 1.000000000000000000 ) ) ;
#3182 = CARTESIAN_POINT ( 'NONE',  ( 1.231252997320559484, 0.5832999999999997076, -0.9020786701032285082 ) ) ;
#3183 = ADVANCED_FACE ( 'NONE', ( #2471, #3291 ), #3212, .F. ) ;
#3184 = ADVANCED_FACE ( 'NONE', ( #1926 ), #790, .T. ) ;
#3185 = ORIENTED_EDGE ( 'NONE', *, *, #892, .F. ) ;
#3186 = LINE ( 'NONE', #1333, #1239 ) ;
#3187 = CARTESIAN_POINT ( 'NONE',  ( -0.01212600721991021618, 0.5832999999999995966, -0.05117446413209654488 ) ) ;
#3188 = ORIENTED_EDGE ( 'NONE', *, *, #1622, .T. ) ;
#3189 = LINE ( 'NONE', #1892, #1552 ) ;
#3190 =( NAMED_UNIT ( * ) SI_UNIT ( $, .STERADIAN. ) SOLID_ANGLE_UNIT ( ) );
#3191 = MECHANICAL_DESIGN_GEOMETRIC_PRESENTATION_REPRESENTATION (  '', ( #320 ), #1505 ) ;
#3192 = AXIS2_PLACEMENT_3D ( 'NONE', #187, #2090, #2367 ) ;
#3193 = CARTESIAN_POINT ( 'NONE',  ( 1.216707741942912868, 0.5831999999999996076, -0.7023734713488288817 ) ) ;
#3194 = PRESENTATION_LAYER_ASSIGNMENT (  '', '', ( #2641 ) ) ;
#3195 = PRESENTATION_LAYER_ASSIGNMENT (  '', '', ( #3317 ) ) ;
#3196 = ORIENTED_EDGE ( 'NONE', *, *, #3227, .T. ) ;
#3197 = SURFACE_STYLE_USAGE ( .BOTH. , #2640 ) ;
#3198 = VECTOR ( 'NONE', #2029, 1000.000000000000000 ) ;
#3199 = STYLED_ITEM ( 'NONE', ( #230 ), #579 ) ;
#3200 = FACE_OUTER_BOUND ( 'NONE', #959, .T. ) ;
#3201 = EDGE_CURVE ( 'NONE', #1135, #2507, #665, .T. ) ;
#3202 = PLANE ( 'NONE',  #2899 ) ;
#3203 = AXIS2_PLACEMENT_3D ( 'NONE', #776, #2655, #3181 ) ;
#3204 = EDGE_CURVE ( 'NONE', #124, #1418, #359, .T. ) ;
#3205 = ORIENTED_EDGE ( 'NONE', *, *, #310, .F. ) ;
#3206 = CARTESIAN_POINT ( 'NONE',  ( 1.009706646541494335, 0.5831999999999996076, -0.7297540753773578137 ) ) ;
#3207 = MECHANICAL_DESIGN_GEOMETRIC_PRESENTATION_REPRESENTATION (  '', ( #2864 ), #780 ) ;
#3208 = ADVANCED_FACE ( 'NONE', ( #46 ), #1195, .T. ) ;
#3209 = FACE_OUTER_BOUND ( 'NONE', #1681, .T. ) ;
#3210 = VECTOR ( 'NONE', #1916, 1000.000000000000000 ) ;
#3211 = ORIENTED_EDGE ( 'NONE', *, *, #3146, .T. ) ;
#3212 = PLANE ( 'NONE',  #2364 ) ;
#3213 = LINE ( 'NONE', #1112, #2069 ) ;
#3214 = CARTESIAN_POINT ( 'NONE',  ( 0.7263955100719626801, 0.5831999999999996076, -0.7001398879565884359 ) ) ;
#3215 = AXIS2_PLACEMENT_3D ( 'NONE', #3260, #758, #3237 ) ;
#3216 = LINE ( 'NONE', #2651, #49 ) ;
#3217 = ORIENTED_EDGE ( 'NONE', *, *, #2383, .F. ) ;
#3218 = DIRECTION ( 'NONE',  ( 0.000000000000000000, 1.000000000000000000, 0.000000000000000000 ) ) ;
#3219 = PLANE ( 'NONE',  #1453 ) ;
#3220 = PRESENTATION_STYLE_ASSIGNMENT (( #3197 ) ) ;
#3221 = UNCERTAINTY_MEASURE_WITH_UNIT (LENGTH_MEASURE( 1.000000000000000082E-05 ), #526, 'distance_accuracy_value', 'NONE');
#3222 = LINE ( 'NONE', #1900, #2821 ) ;
#3223 = CARTESIAN_POINT ( 'NONE',  ( 0.6324999999999999512, 0.5495999999999998664, 0.000000000000000000 ) ) ;
#3224 = CARTESIAN_POINT ( 'NONE',  ( 1.319053356059963766, 0.5832999999999995966, -0.7283142491535162799 ) ) ;
#3225 = VERTEX_POINT ( 'NONE', #2744 ) ;
#3226 = FACE_OUTER_BOUND ( 'NONE', #1711, .T. ) ;
#3227 = EDGE_CURVE ( 'NONE', #1495, #3493, #2766, .T. ) ;
#3228 = CARTESIAN_POINT ( 'NONE',  ( -0.01212600721991021618, 0.5832999999999995966, -0.05117446413209654488 ) ) ;
#3229 = ORIENTED_EDGE ( 'NONE', *, *, #638, .T. ) ;
#3230 = SURFACE_STYLE_USAGE ( .BOTH. , #1045 ) ;
#3231 = FACE_OUTER_BOUND ( 'NONE', #3016, .T. ) ;
#3232 = EDGE_CURVE ( 'NONE', #3367, #133, #596, .T. ) ;
#3233 = ORIENTED_EDGE ( 'NONE', *, *, #3167, .F. ) ;
#3234 = LINE ( 'NONE', #3, #3042 ) ;
#3235 = CARTESIAN_POINT ( 'NONE',  ( 1.319053356059963766, 0.5832999999999995966, -0.7898232800688188560 ) ) ;
#3236 = CARTESIAN_POINT ( 'NONE',  ( 0.9657586210290382001, 0.5831999999999994966, -0.7898232800688189670 ) ) ;
#3237 = DIRECTION ( 'NONE',  ( 0.000000000000000000, 0.000000000000000000, 1.000000000000000000 ) ) ;
#3238 = DIRECTION ( 'NONE',  ( -0.3831681534674067358, 0.000000000000000000, -0.9236786054512564625 ) ) ;
#3239 = PRODUCT_DEFINITION_SHAPE ( 'NONE', 'NONE',  #2220 ) ;
#3240 = CARTESIAN_POINT ( 'NONE',  ( 1.144016018489260045, 0.5831999999999996076, -0.7318403520106933069 ) ) ;
#3241 = VERTEX_POINT ( 'NONE', #641 ) ;
#3242 = CARTESIAN_POINT ( 'NONE',  ( 1.225650702456156482, 0.5831999999999996076, -0.7318403520106933069 ) ) ;
#3243 = DIRECTION ( 'NONE',  ( -1.084202172485504064E-16, 1.000000000000000000, 0.000000000000000000 ) ) ;
#3244 = LINE ( 'NONE', #293, #385 ) ;
#3245 = LINE ( 'NONE', #2523, #2248 ) ;
#3246 = ORIENTED_EDGE ( 'NONE', *, *, #2261, .F. ) ;
#3247 =( NAMED_UNIT ( * ) PLANE_ANGLE_UNIT ( ) SI_UNIT ( $, .RADIAN. ) );
#3248 = CARTESIAN_POINT ( 'NONE',  ( 1.009658800398740341, 0.5831999999999996076, -0.5653125000000001066 ) ) ;
#3249 = SURFACE_STYLE_FILL_AREA ( #2705 ) ;
#3250 = EDGE_CURVE ( 'NONE', #1377, #3345, #1155, .T. ) ;
#3251 = FILL_AREA_STYLE_COLOUR ( '', #2185 ) ;
#3252 = ORIENTED_EDGE ( 'NONE', *, *, #638, .F. ) ;
#3253 = EDGE_CURVE ( 'NONE', #2661, #1685, #95, .T. ) ;
#3254 = CLOSED_SHELL ( 'NONE', ( #1584, #1285, #2117, #853, #1561, #2114, #3282, #339, #126, #1768 ) ) ;
#3255 = CARTESIAN_POINT ( 'NONE',  ( 1.279362179235310260, 0.5831999999999996076, -0.6775678900344092037 ) ) ;
#3256 = LINE ( 'NONE', #829, #824 ) ;
#3257 =( BOUNDED_CURVE ( )  B_SPLINE_CURVE ( 3, ( #918, #1990, #136, #3075, #653, #1724, #403 ),
 .UNSPECIFIED., .F., .T. ) 
 B_SPLINE_CURVE_WITH_KNOTS ( ( 4, 3, 4 ),
 ( 0.000000000000000000, 0.5000000000000000000, 0.5357290076124427980 ),
 .UNSPECIFIED. ) 
 CURVE ( )  GEOMETRIC_REPRESENTATION_ITEM ( )  RATIONAL_B_SPLINE_CURVE ( ( 1.000000000000000000, 0.7783869647857027951, 0.7783869647857027951, 1.000000000000000000, 0.9841639723556236952, 0.9694595558157608206, 0.9558867503804115984 ) ) 
 REPRESENTATION_ITEM ( '' )  );
#3258 =( GEOMETRIC_REPRESENTATION_CONTEXT ( 3 ) GLOBAL_UNCERTAINTY_ASSIGNED_CONTEXT ( ( #2402 ) ) GLOBAL_UNIT_ASSIGNED_CONTEXT ( ( #2174, #2729, #288 ) ) REPRESENTATION_CONTEXT ( 'NONE', 'WORKASPACE' ) );
#3259 = AXIS2_PLACEMENT_3D ( 'NONE', #2025, #1219, #1954 ) ;
#3260 = CARTESIAN_POINT ( 'NONE',  ( 1.009706646541494335, 0.5832999999999995966, -0.6778800650870643318 ) ) ;
#3261 = LINE ( 'NONE', #268, #3091 ) ;
#3262 =( GEOMETRIC_REPRESENTATION_CONTEXT ( 3 ) GLOBAL_UNCERTAINTY_ASSIGNED_CONTEXT ( ( #190 ) ) GLOBAL_UNIT_ASSIGNED_CONTEXT ( ( #2792, #1915, #1171 ) ) REPRESENTATION_CONTEXT ( 'NONE', 'WORKASPACE' ) );
#3263 = VECTOR ( 'NONE', #2330, 1000.000000000000000 ) ;
#3264 = AXIS2_PLACEMENT_3D ( 'NONE', #1566, #751, #3478 ) ;
#3265 = ORIENTED_EDGE ( 'NONE', *, *, #915, .T. ) ;
#3266 = DIRECTION ( 'NONE',  ( 1.000000000000000000, 0.000000000000000000, 0.000000000000000000 ) ) ;
#3267 = STYLED_ITEM ( 'NONE', ( #461 ), #1731 ) ;
#3268 = SURFACE_STYLE_USAGE ( .BOTH. , #3288 ) ;
#3269 = CARTESIAN_POINT ( 'NONE',  ( 0.9657586210290384221, 0.5831999999999994966, -0.5653124999999998845 ) ) ;
#3270 = ORIENTED_EDGE ( 'NONE', *, *, #1938, .T. ) ;
#3271 = VECTOR ( 'NONE', #355, 1000.000000000000000 ) ;
#3272 = DIRECTION ( 'NONE',  ( -1.000000000000000000, 0.000000000000000000, -1.956620146467696032E-15 ) ) ;
#3273 = CARTESIAN_POINT ( 'NONE',  ( 1.068101134280340592, 0.5832999999999995966, -0.5653125000000001066 ) ) ;
#3274 = AXIS2_PLACEMENT_3D ( 'NONE', #1574, #1057, #1603 ) ;
#3275 = ORIENTED_EDGE ( 'NONE', *, *, #2048, .F. ) ;
#3276 = ORIENTED_EDGE ( 'NONE', *, *, #2504, .T. ) ;
#3277 = CARTESIAN_POINT ( 'NONE',  ( 1.358744532884617273, 0.5832999999999995966, -0.6437369839550045603 ) ) ;
#3278 = CARTESIAN_POINT ( 'NONE',  ( 1.231252997320559706, 0.5832999999999997076, -0.6775678900344093147 ) ) ;
#3279 = STYLED_ITEM ( 'NONE', ( #1956 ), #3282 ) ;
#3280 = CARTESIAN_POINT ( 'NONE',  ( 1.362953535429666019, 0.5832999999999995966, -0.7898232800688189670 ) ) ;
#3281 = AXIS2_PLACEMENT_3D ( 'NONE', #1106, #2525, #2255 ) ;
#3282 = ADVANCED_FACE ( 'NONE', ( #652 ), #2793, .F. ) ;
#3283 = FILL_AREA_STYLE ('',( #593 ) ) ;
#3284 = PRESENTATION_STYLE_ASSIGNMENT (( #2201 ) ) ;
#3285 = FACE_OUTER_BOUND ( 'NONE', #3481, .T. ) ;
#3286 = VERTEX_POINT ( 'NONE', #2055 ) ;
#3287 = CARTESIAN_POINT ( 'NONE',  ( 0.9691334793078919541, 0.5832999999999998186, -0.7038170702315645899 ) ) ;
#3288 = SURFACE_SIDE_STYLE ('',( #1922 ) ) ;
#3289 = LINE ( 'NONE', #335, #3329 ) ;
#3290 = ORIENTED_EDGE ( 'NONE', *, *, #996, .F. ) ;
#3291 = FACE_OUTER_BOUND ( 'NONE', #2326, .T. ) ;
#3292 = ORIENTED_EDGE ( 'NONE', *, *, #520, .T. ) ;
#3293 = ORIENTED_EDGE ( 'NONE', *, *, #3060, .T. ) ;
#3294 = CARTESIAN_POINT ( 'NONE',  ( 0.000000000000000000, 0.000000000000000000, 0.000000000000000000 ) ) ;
#3295 = CARTESIAN_POINT ( 'NONE',  ( 2.045806451612903754, 0.000000000000000000, -1.350000000000000089 ) ) ;
#3296 = DIRECTION ( 'NONE',  ( -0.2917166312349389057, 0.000000000000000000, 0.9565047867423031036 ) ) ;
#3297 =( NAMED_UNIT ( * ) SI_UNIT ( $, .STERADIAN. ) SOLID_ANGLE_UNIT ( ) );
#3298 = CARTESIAN_POINT ( 'NONE',  ( 1.358744532884617273, 0.5832999999999997076, -0.5760751717961954954 ) ) ;
#3299 = EDGE_CURVE ( 'NONE', #730, #358, #3150, .T. ) ;
#3300 = ORIENTED_EDGE ( 'NONE', *, *, #364, .T. ) ;
#3301 = FACE_OUTER_BOUND ( 'NONE', #2373, .T. ) ;
#3302 = ADVANCED_FACE ( 'NONE', ( #1326 ), #1882, .T. ) ;
#3303 = ORIENTED_EDGE ( 'NONE', *, *, #1773, .F. ) ;
#3304 = LINE ( 'NONE', #3034, #1463 ) ;
#3305 = ORIENTED_EDGE ( 'NONE', *, *, #3204, .F. ) ;
#3306 = VERTEX_POINT ( 'NONE', #1059 ) ;
#3307 = VERTEX_POINT ( 'NONE', #1589 ) ;
#3308 =( LENGTH_UNIT ( ) NAMED_UNIT ( * ) SI_UNIT ( .MILLI., .METRE. ) );
#3309 = CARTESIAN_POINT ( 'NONE',  ( 1.279362179235310037, 0.5832999999999997076, -0.7790606082726232451 ) ) ;
#3310 = STYLED_ITEM ( 'NONE', ( #528 ), #853 ) ;
#3311 = LINE ( 'NONE', #1440, #3083 ) ;
#3312 = COLOUR_RGB ( '',0.8980392156862745390, 0.9215686274509803377, 0.9294117647058823817 ) ;
#3313 = FILL_AREA_STYLE ('',( #3353 ) ) ;
#3314 = VERTEX_POINT ( 'NONE', #578 ) ;
#3315 = DIRECTION ( 'NONE',  ( 1.000000000000000000, -3.428307264776298658E-16, 0.000000000000000000 ) ) ;
#3316 = VECTOR ( 'NONE', #882, 1000.000000000000227 ) ;
#3317 = STYLED_ITEM ( 'NONE', ( #2130 ), #431 ) ;
#3318 = SURFACE_SIDE_STYLE ('',( #2775 ) ) ;
#3319 = EDGE_CURVE ( 'NONE', #1418, #2612, #235, .T. ) ;
#3320 = COLOUR_RGB ( '',0.1019607843137254888, 0.1019607843137254888, 0.1019607843137254888 ) ;
#3321 = DIRECTION ( 'NONE',  ( 0.000000000000000000, 0.000000000000000000, 1.000000000000000000 ) ) ;
#3322 =( GEOMETRIC_REPRESENTATION_CONTEXT ( 3 ) GLOBAL_UNCERTAINTY_ASSIGNED_CONTEXT ( ( #8 ) ) GLOBAL_UNIT_ASSIGNED_CONTEXT ( ( #738, #1497, #2615 ) ) REPRESENTATION_CONTEXT ( 'NONE', 'WORKASPACE' ) );
#3323 = EDGE_CURVE ( 'NONE', #31, #912, #3472, .T. ) ;
#3324 = CARTESIAN_POINT ( 'NONE',  ( 0.7640595550224216215, 0.5832999999999995966, -0.5653125000000001066 ) ) ;
#3325 = EDGE_LOOP ( 'NONE', ( #1792, #224, #2070, #151 ) ) ;
#3326 = EDGE_CURVE ( 'NONE', #3345, #1751, #1082, .T. ) ;
#3327 = VECTOR ( 'NONE', #2566, 1000.000000000000000 ) ;
#3328 = DIRECTION ( 'NONE',  ( 0.000000000000000000, 1.000000000000000000, 0.000000000000000000 ) ) ;
#3329 = VECTOR ( 'NONE', #569, 1000.000000000000000 ) ;
#3330 = ORIENTED_EDGE ( 'NONE', *, *, #3451, .T. ) ;
#3331 = VERTEX_POINT ( 'NONE', #246 ) ;
#3332 = FILL_AREA_STYLE ('',( #2245 ) ) ;
#3333 = PRESENTATION_LAYER_ASSIGNMENT (  '', '', ( #1848 ) ) ;
#3334 = VECTOR ( 'NONE', #2154, 1000.000000000000000 ) ;
#3335 = DIRECTION ( 'NONE',  ( 0.000000000000000000, -0.000000000000000000, -1.000000000000000000 ) ) ;
#3336 = CARTESIAN_POINT ( 'NONE',  ( 0.8164699832208903718, 0.5831999999999996076, -0.7898232800688187449 ) ) ;
#3337 = ORIENTED_EDGE ( 'NONE', *, *, #1816, .T. ) ;
#3338 = CARTESIAN_POINT ( 'NONE',  ( 1.275153176690261958, 0.5831999999999996076, -0.5653124999999999956 ) ) ;
#3339 = CARTESIAN_POINT ( 'NONE',  ( 1.068101134280340592, 0.5831999999999996076, -0.7038014310072036039 ) ) ;
#3340 = ORIENTED_EDGE ( 'NONE', *, *, #3299, .T. ) ;
#3341 = LINE ( 'NONE', #961, #2968 ) ;
#3342 = FILL_AREA_STYLE ('',( #1969 ) ) ;
#3343 = EDGE_CURVE ( 'NONE', #730, #2279, #1640, .T. ) ;
#3344 = ORIENTED_EDGE ( 'NONE', *, *, #2166, .T. ) ;
#3345 = VERTEX_POINT ( 'NONE', #1102 ) ;
#3346 = CARTESIAN_POINT ( 'NONE',  ( 0.5229032258064516547, -0.01679999999999997121, 0.000000000000000000 ) ) ;
#3347 = PRESENTATION_STYLE_ASSIGNMENT (( #1451 ) ) ;
#3348 = CARTESIAN_POINT ( 'NONE',  ( 1.068101134280340592, 0.5831999999999996076, -0.7898232800688187449 ) ) ;
#3349 = SURFACE_STYLE_USAGE ( .BOTH. , #2517 ) ;
#3350 = CARTESIAN_POINT ( 'NONE',  ( 0.5229032258064515437, 0.5663999999999997925, -1.350000000000000089 ) ) ;
#3351 = CARTESIAN_POINT ( 'NONE',  ( 1.068101134280340592, 0.5831999999999996076, -0.7297540753773578137 ) ) ;
#3352 =( LENGTH_UNIT ( ) NAMED_UNIT ( * ) SI_UNIT ( .MILLI., .METRE. ) );
#3353 = FILL_AREA_STYLE_COLOUR ( '', #2801 ) ;
#3354 = ORIENTED_EDGE ( 'NONE', *, *, #2321, .F. ) ;
#3355 = CARTESIAN_POINT ( 'NONE',  ( 1.092589860420387859, 0.5832999999999995966, -0.5653125000000001066 ) ) ;
#3356 = ORIENTED_EDGE ( 'NONE', *, *, #1325, .T. ) ;
#3357 = CARTESIAN_POINT ( 'NONE',  ( 2.045806451612903754, 0.000000000000000000, -1.350000000000000089 ) ) ;
#3358 = FILL_AREA_STYLE ('',( #2277 ) ) ;
#3359 = CARTESIAN_POINT ( 'NONE',  ( -1.253608761936364502E-16, 0.5495999999999998664, -1.350000000000000089 ) ) ;
#3360 = ORIENTED_EDGE ( 'NONE', *, *, #1644, .F. ) ;
#3361 = ORIENTED_EDGE ( 'NONE', *, *, #1816, .F. ) ;
#3362 = LINE ( 'NONE', #2050, #2236 ) ;
#3363 = EDGE_CURVE ( 'NONE', #3423, #1577, #2371, .T. ) ;
#3364 = CARTESIAN_POINT ( 'NONE',  ( 1.225650702456156482, 0.5832999999999995966, -0.7898232800688187449 ) ) ;
#3365 = DIRECTION ( 'NONE',  ( 1.000000000000000000, 0.000000000000000000, 0.000000000000000000 ) ) ;
#3366 = ADVANCED_FACE ( 'NONE', ( #1350 ), #1087, .T. ) ;
#3367 = VERTEX_POINT ( 'NONE', #832 ) ;
#3368 = VECTOR ( 'NONE', #3500, 1000.000000000000000 ) ;
#3369 =( BOUNDED_CURVE ( )  B_SPLINE_CURVE ( 3, ( #1585, #2985, #3280, #3235, #2151, #1638, #1029 ),
 .UNSPECIFIED., .F., .T. ) 
 B_SPLINE_CURVE_WITH_KNOTS ( ( 4, 3, 4 ),
 ( 0.2499999999999993894, 0.5000000000000000000, 0.7500000000000004441 ),
 .UNSPECIFIED. ) 
 CURVE ( )  GEOMETRIC_REPRESENTATION_ITEM ( )  RATIONAL_B_SPLINE_CURVE ( ( 0.5000000000000000000, 0.4999999999999992228, 0.6666666666666658525, 1.000000000000000000, 0.6666666666666660745, 0.4999999999999994449, 0.5000000000000000000 ) ) 
 REPRESENTATION_ITEM ( '' )  );
#3370 = MECHANICAL_DESIGN_GEOMETRIC_PRESENTATION_REPRESENTATION (  '', ( #2805 ), #3262 ) ;
#3371 = AXIS2_PLACEMENT_3D ( 'NONE', #1022, #2064, #223 ) ;
#3372 = LINE ( 'NONE', #1200, #3098 ) ;
#3373 = ORIENTED_EDGE ( 'NONE', *, *, #3201, .F. ) ;
#3374 =( NAMED_UNIT ( * ) SI_UNIT ( $, .STERADIAN. ) SOLID_ANGLE_UNIT ( ) );
#3375 = DIRECTION ( 'NONE',  ( 0.000000000000000000, 0.000000000000000000, 1.000000000000000000 ) ) ;
#3376 = APPLICATION_PROTOCOL_DEFINITION ( 'draft international standard', 'automotive_design', 1998, #2374 ) ;
#3377 = VECTOR ( 'NONE', #1384, 1000.000000000000000 ) ;
#3378 = ORIENTED_EDGE ( 'NONE', *, *, #371, .F. ) ;
#3379 =( GEOMETRIC_REPRESENTATION_CONTEXT ( 3 ) GLOBAL_UNCERTAINTY_ASSIGNED_CONTEXT ( ( #710 ) ) GLOBAL_UNIT_ASSIGNED_CONTEXT ( ( #2845, #648, #3374 ) ) REPRESENTATION_CONTEXT ( 'NONE', 'WORKASPACE' ) );
#3380 = COLOUR_RGB ( '',0.8980392156862745390, 0.9215686274509803377, 0.9294117647058823817 ) ;
#3381 = CARTESIAN_POINT ( 'NONE',  ( 0.9218584416593360586, 0.5831999999999994966, -0.7336955849983871625 ) ) ;
#3382 = LINE ( 'NONE', #165, #991 ) ;
#3383 = VECTOR ( 'NONE', #3328, 1000.000000000000000 ) ;
#3384 = CARTESIAN_POINT ( 'NONE',  ( 0.6988345473465140678, 0.5832999999999995966, -0.5653125000000001066 ) ) ;
#3385 =( NAMED_UNIT ( * ) PLANE_ANGLE_UNIT ( ) SI_UNIT ( $, .RADIAN. ) );
#3386 = VECTOR ( 'NONE', #3046, 999.9999999999997726 ) ;
#3387 = CARTESIAN_POINT ( 'NONE',  ( 1.068101134280340592, 0.5832999999999995966, -0.7297540753773578137 ) ) ;
#3388 = DIRECTION ( 'NONE',  ( 0.000000000000000000, 0.000000000000000000, -1.000000000000000000 ) ) ;
#3389 = STYLED_ITEM ( 'NONE', ( #2153 ), #2609 ) ;
#3390 = EDGE_CURVE ( 'NONE', #2654, #1252, #222, .T. ) ;
#3391 = ORIENTED_EDGE ( 'NONE', *, *, #1727, .T. ) ;
#3392 = VECTOR ( 'NONE', #1847, 1000.000000000000000 ) ;
#3393 = EDGE_CURVE ( 'NONE', #1577, #2028, #3222, .T. ) ;
#3394 = PLANE ( 'NONE',  #2119 ) ;
#3395 = ORIENTED_EDGE ( 'NONE', *, *, #956, .F. ) ;
#3396 = CARTESIAN_POINT ( 'NONE',  ( 0.000000000000000000, 0.000000000000000000, -1.350000000000000089 ) ) ;
#3397 = DIRECTION ( 'NONE',  ( 0.000000000000000000, 0.000000000000000000, -1.000000000000000000 ) ) ;
#3398 = ORIENTED_EDGE ( 'NONE', *, *, #103, .T. ) ;
#3399 = CARTESIAN_POINT ( 'NONE',  ( 1.009658800287723590, 0.5831999999999996076, -0.7898232800688188560 ) ) ;
#3400 = DIRECTION ( 'NONE',  ( 1.000000000000000000, 0.000000000000000000, 0.000000000000000000 ) ) ;
#3401 = FACE_OUTER_BOUND ( 'NONE', #1535, .T. ) ;
#3402 =( NAMED_UNIT ( * ) SI_UNIT ( $, .STERADIAN. ) SOLID_ANGLE_UNIT ( ) );
#3403 =( NAMED_UNIT ( * ) SI_UNIT ( $, .STERADIAN. ) SOLID_ANGLE_UNIT ( ) );
#3404 = CARTESIAN_POINT ( 'NONE',  ( 0.6988345473465140678, 0.5831999999999996076, -0.6422223896846877000 ) ) ;
#3405 = ORIENTED_EDGE ( 'NONE', *, *, #1704, .F. ) ;
#3406 = CARTESIAN_POINT ( 'NONE',  ( 0.5229032258064516547, 0.000000000000000000, -1.350000000000000089 ) ) ;
#3407 = EDGE_CURVE ( 'NONE', #210, #423, #2134, .T. ) ;
#3408 = ADVANCED_FACE ( 'NONE', ( #2989 ), #2787, .T. ) ;
#3409 = CARTESIAN_POINT ( 'NONE',  ( 2.072903225806452365, 0.5663999999999996815, -1.350000000000000089 ) ) ;
#3410 = ORIENTED_EDGE ( 'NONE', *, *, #3146, .F. ) ;
#3411 = DIRECTION ( 'NONE',  ( -1.161910764409192650E-17, 1.000000000000000000, 0.000000000000000000 ) ) ;
#3412 = CARTESIAN_POINT ( 'NONE',  ( 1.144016018489260045, 0.5831999999999996076, -0.7023734713488288817 ) ) ;
#3413 = VERTEX_POINT ( 'NONE', #2825 ) ;
#3414 = LINE ( 'NONE', #482, #762 ) ;
#3415 = FACE_OUTER_BOUND ( 'NONE', #2924, .T. ) ;
#3416 = CARTESIAN_POINT ( 'NONE',  ( 1.003600847529826146, 0.5831999999999996076, -0.7038014310072036039 ) ) ;
#3417 = LINE ( 'NONE', #2316, #262 ) ;
#3418 = LINE ( 'NONE', #863, #1627 ) ;
#3419 = CARTESIAN_POINT ( 'NONE',  ( 0.6324999999999999512, 0.5495999999999998664, -1.350000000000000089 ) ) ;
#3420 = CARTESIAN_POINT ( 'NONE',  ( 1.018472811076492235, 0.5831999999999996076, -0.6500442441528618831 ) ) ;
#3421 = EDGE_LOOP ( 'NONE', ( #636, #1269, #3185, #481, #2144, #1317, #1913, #708 ) ) ;
#3422 = SURFACE_SIDE_STYLE ('',( #1787 ) ) ;
#3423 = VERTEX_POINT ( 'NONE', #926 ) ;
#3424 = PRESENTATION_LAYER_ASSIGNMENT (  '', '', ( #1941 ) ) ;
#3425 = MECHANICAL_DESIGN_GEOMETRIC_PRESENTATION_REPRESENTATION (  '', ( #2527 ), #2178 ) ;
#3426 = EDGE_CURVE ( 'NONE', #913, #3413, #1996, .T. ) ;
#3427 = ORIENTED_EDGE ( 'NONE', *, *, #1462, .F. ) ;
#3428 = VECTOR ( 'NONE', #592, 1000.000000000000227 ) ;
#3429 = PRESENTATION_LAYER_ASSIGNMENT (  '', '', ( #2533 ) ) ;
#3430 = CARTESIAN_POINT ( 'NONE',  ( 0.7640595550224216215, 0.5832999999999995966, -0.5653125000000001066 ) ) ;
#3431 = ADVANCED_FACE ( 'NONE', ( #1446 ), #896, .F. ) ;
#3432 = CARTESIAN_POINT ( 'NONE',  ( 1.358744532884617273, 0.5831999999999996076, -0.6437369839550045603 ) ) ;
#3433 = MECHANICAL_DESIGN_GEOMETRIC_PRESENTATION_REPRESENTATION (  '', ( #1951 ), #1404 ) ;
#3434 = DIRECTION ( 'NONE',  ( 0.9435160472480159655, 0.000000000000000000, -0.3313268304642407736 ) ) ;
#3435 = SURFACE_SIDE_STYLE ('',( #2343 ) ) ;
#3436 = VECTOR ( 'NONE', #3068, 1000.000000000000000 ) ;
#3437 = DIRECTION ( 'NONE',  ( 0.000000000000000000, 1.000000000000000000, 0.000000000000000000 ) ) ;
#3438 = VECTOR ( 'NONE', #2995, 1000.000000000000000 ) ;
#3439 = ORIENTED_EDGE ( 'NONE', *, *, #3253, .T. ) ;
#3440 = UNCERTAINTY_MEASURE_WITH_UNIT (LENGTH_MEASURE( 1.000000000000000082E-05 ), #1654, 'distance_accuracy_value', 'NONE');
#3441 = CARTESIAN_POINT ( 'NONE',  ( 1.068101134280340592, 0.5831999999999996076, -0.7297540753773578137 ) ) ;
#3442 = PRESENTATION_LAYER_ASSIGNMENT (  '', '', ( #1467 ) ) ;
#3443 = PLANE ( 'NONE',  #1347 ) ;
#3444 = ORIENTED_EDGE ( 'NONE', *, *, #1727, .F. ) ;
#3445 = COLOUR_RGB ( '',0.8509803921568627194, 0.8509803921568627194, 0.8509803921568627194 ) ;
#3446 = CARTESIAN_POINT ( 'NONE',  ( 1.225650702456156482, 0.5832999999999995966, -0.7898232800688187449 ) ) ;
#3447 = ORIENTED_EDGE ( 'NONE', *, *, #62, .T. ) ;
#3448 = LINE ( 'NONE', #1318, #435 ) ;
#3449 = SURFACE_STYLE_FILL_AREA ( #415 ) ;
#3450 = EDGE_CURVE ( 'NONE', #3493, #91, #2838, .T. ) ;
#3451 = EDGE_CURVE ( 'NONE', #342, #1893, #2585, .T. ) ;
#3452 = FACE_OUTER_BOUND ( 'NONE', #580, .T. ) ;
#3453 = DIRECTION ( 'NONE',  ( 1.000000000000000000, -3.428307264776299151E-16, 0.000000000000000000 ) ) ;
#3454 = EDGE_CURVE ( 'NONE', #1470, #1418, #1452, .T. ) ;
#3455 = DIRECTION ( 'NONE',  ( -1.000000000000000000, 0.000000000000000000, 0.000000000000000000 ) ) ;
#3456 = VERTEX_POINT ( 'NONE', #1238 ) ;
#3457 = CARTESIAN_POINT ( 'NONE',  ( 1.003600847529826146, 0.5832999999999995966, -0.7038014310072036039 ) ) ;
#3458 = FILL_AREA_STYLE ('',( #1007 ) ) ;
#3459 = VERTEX_POINT ( 'NONE', #2556 ) ;
#3460 = ORIENTED_EDGE ( 'NONE', *, *, #696, .F. ) ;
#3461 = DIRECTION ( 'NONE',  ( 1.000000000000000000, 0.000000000000000000, 0.000000000000000000 ) ) ;
#3462 = SURFACE_SIDE_STYLE ('',( #3249 ) ) ;
#3463 = FILL_AREA_STYLE ('',( #3176 ) ) ;
#3464 = ADVANCED_FACE ( 'NONE', ( #3401 ), #966, .T. ) ;
#3465 = DIRECTION ( 'NONE',  ( 0.000000000000000000, 1.000000000000000000, 0.000000000000000000 ) ) ;
#3466 = LINE ( 'NONE', #43, #1336 ) ;
#3467 = LINE ( 'NONE', #303, #3377 ) ;
#3468 = EDGE_CURVE ( 'NONE', #239, #752, #674, .T. ) ;
#3469 = ORIENTED_EDGE ( 'NONE', *, *, #1070, .F. ) ;
#3470 = FACE_OUTER_BOUND ( 'NONE', #2280, .T. ) ;
#3471 = UNCERTAINTY_MEASURE_WITH_UNIT (LENGTH_MEASURE( 1.000000000000000082E-05 ), #1249, 'distance_accuracy_value', 'NONE');
#3472 = LINE ( 'NONE', #1312, #2868 ) ;
#3473 = DIRECTION ( 'NONE',  ( 0.3899943811336609722, 0.000000000000000000, -0.9208172363092325119 ) ) ;
#3474 = SURFACE_STYLE_FILL_AREA ( #3458 ) ;
#3475 = VERTEX_POINT ( 'NONE', #1515 ) ;
#3476 = DIRECTION ( 'NONE',  ( 0.000000000000000000, 0.000000000000000000, -1.000000000000000000 ) ) ;
#3477 = ORIENTED_EDGE ( 'NONE', *, *, #1072, .T. ) ;
#3478 = DIRECTION ( 'NONE',  ( 0.000000000000000000, 0.000000000000000000, 1.000000000000000000 ) ) ;
#3479 = AXIS2_PLACEMENT_3D ( 'NONE', #464, #1531, #2022 ) ;
#3480 = SURFACE_STYLE_USAGE ( .BOTH. , #2397 ) ;
#3481 = EDGE_LOOP ( 'NONE', ( #1146, #2228, #3123, #1841 ) ) ;
#3482 = VECTOR ( 'NONE', #611, 1000.000000000000000 ) ;
#3483 = COLOUR_RGB ( '',0.7921568627450980005, 0.8196078431372548767, 0.9333333333333333481 ) ;
#3484 = DIRECTION ( 'NONE',  ( 0.000000000000000000, 0.000000000000000000, 1.000000000000000000 ) ) ;
#3485 = PRESENTATION_STYLE_ASSIGNMENT (( #2382 ) ) ;
#3486 =( GEOMETRIC_REPRESENTATION_CONTEXT ( 3 ) GLOBAL_UNCERTAINTY_ASSIGNED_CONTEXT ( ( #1058 ) ) GLOBAL_UNIT_ASSIGNED_CONTEXT ( ( #2659, #1009, #1300 ) ) REPRESENTATION_CONTEXT ( 'NONE', 'WORKASPACE' ) );
#3487 = DIRECTION ( 'NONE',  ( 1.000000000000000000, 0.000000000000000000, 0.000000000000000000 ) ) ;
#3488 = FACE_OUTER_BOUND ( 'NONE', #1201, .T. ) ;
#3489 = MECHANICAL_DESIGN_GEOMETRIC_PRESENTATION_REPRESENTATION (  '', ( #2013 ), #2196 ) ;
#3490 = DIRECTION ( 'NONE',  ( 1.000000000000000000, 0.000000000000000000, 0.000000000000000000 ) ) ;
#3491 = SURFACE_STYLE_USAGE ( .BOTH. , #2173 ) ;
#3492 = EDGE_CURVE ( 'NONE', #2028, #923, #135, .T. ) ;
#3493 = VERTEX_POINT ( 'NONE', #1192 ) ;
#3494 = EDGE_CURVE ( 'NONE', #888, #2661, #2265, .T. ) ;
#3495 = COLOUR_RGB ( '',0.1019607843137254888, 0.1019607843137254888, 0.1019607843137254888 ) ;
#3496 = LINE ( 'NONE', #1358, #1283 ) ;
#3497 = EDGE_CURVE ( 'NONE', #2981, #2576, #1206, .T. ) ;
#3498 = DIRECTION ( 'NONE',  ( 0.000000000000000000, 1.000000000000000000, 0.000000000000000000 ) ) ;
#3499 = ORIENTED_EDGE ( 'NONE', *, *, #2647, .F. ) ;
#3500 = DIRECTION ( 'NONE',  ( 0.000000000000000000, 1.000000000000000000, 0.000000000000000000 ) ) ;
#3501 = LINE ( 'NONE', #297, #152 ) ;
ENDSEC;
END-ISO-10303-21;
